<svg width="1732" height="1919" viewBox="0 0 1732 1919" fill="none" xmlns="http://www.w3.org/2000/svg">
<rect width="1731.82" height="1918.2" fill="white"/>
<rect width="1731.82" height="1918.2" fill="#F7F7F7"/>
<rect width="1731.82" height="1918.2" fill="white"/>
<rect width="1481.82" height="1776.21" transform="translate(250 63.9902)" fill="#F7F7F7"/>
<rect x="465.41" y="927.041" width="247" height="872.65" rx="7.5" fill="white"/>
<rect x="465.41" y="927.041" width="247" height="872.65" rx="7.5" stroke="#EEEEEE"/>
<g clip-path="url(#clip0_24_29531)">
<g clip-path="url(#clip1_24_29531)">
<g clip-path="url(#clip2_24_29531)">
<mask id="mask0_24_29531" style="mask-type:luminance" maskUnits="userSpaceOnUse" x="495" y="960" width="15" height="15">
<path d="M495.82 960.451V974.441H509.81V960.451H495.82Z" fill="white"/>
</mask>
<g mask="url(#mask0_24_29531)">
<path d="M498.076 964.234L497.044 965.272L502.815 971.037L508.586 965.266L507.554 964.234L502.815 968.974L498.076 964.234Z" fill="#E1E1E1"/>
</g>
</g>
</g>
</g>
<path fill-rule="evenodd" clip-rule="evenodd" d="M538.509 959.742C538.696 959.929 538.801 960.184 538.801 960.449C538.801 960.714 538.696 960.968 538.509 961.155L533.97 965.694L531.056 962.4C530.967 962.302 530.899 962.187 530.855 962.062C530.811 961.938 530.793 961.806 530.8 961.674C530.808 961.542 530.841 961.413 530.899 961.294C530.956 961.175 531.037 961.069 531.136 960.982C531.235 960.894 531.35 960.827 531.475 960.784C531.6 960.742 531.732 960.724 531.864 960.733C531.996 960.742 532.125 960.776 532.243 960.835C532.361 960.894 532.467 960.976 532.553 961.075L534.059 962.778L537.095 959.742C537.283 959.554 537.537 959.449 537.802 959.449C538.067 959.449 538.321 959.554 538.509 959.742ZM521.809 961.448C521.544 961.448 521.289 961.553 521.102 961.741C520.914 961.928 520.809 962.183 520.809 962.448C520.809 962.713 520.914 962.967 521.102 963.155C521.289 963.342 521.544 963.447 521.809 963.447H527.806C528.071 963.447 528.326 963.342 528.513 963.155C528.7 962.967 528.806 962.713 528.806 962.448C528.806 962.183 528.7 961.928 528.513 961.741C528.326 961.553 528.071 961.448 527.806 961.448H521.809ZM521.809 970.444C521.544 970.444 521.289 970.55 521.102 970.737C520.914 970.925 520.809 971.179 520.809 971.444C520.809 971.709 520.914 971.963 521.102 972.151C521.289 972.338 521.544 972.444 521.809 972.444H527.806C528.071 972.444 528.326 972.338 528.513 972.151C528.7 971.963 528.806 971.709 528.806 971.444C528.806 971.179 528.7 970.925 528.513 970.737C528.326 970.55 528.071 970.444 527.806 970.444H521.809ZM536.802 967.895C537.312 967.379 538.059 967.296 538.468 967.708C538.877 968.12 538.794 968.873 538.283 969.389L536.284 971.406L538.357 973.499C538.868 974.015 538.951 974.768 538.542 975.18C538.133 975.593 537.387 975.509 536.876 974.994L534.803 972.901L532.73 974.994C532.219 975.509 531.474 975.593 531.065 975.18C530.655 974.768 530.739 974.015 531.25 973.499L533.323 971.406L531.324 969.389C530.814 968.873 530.73 968.12 531.139 967.708C531.549 967.296 532.293 967.379 532.805 967.894L534.803 969.912L536.802 967.895Z" fill="#B9B9B9"/>
<path d="M560.533 973.469H559.001V961.109H560.533V973.469ZM556.841 962.422C556.841 964.386 556.397 966.111 555.508 967.597C554.62 969.078 553.145 970.306 551.085 971.281L550.292 970.064C551.883 969.308 553.079 968.403 553.881 967.351C554.688 966.293 555.16 965.051 555.296 963.625H550.921V962.422H556.841ZM565.277 962.914H570.609V961.574H572.113V966.592H568.695V967.727H573.576V968.957H562.31V967.727H567.164V966.592H563.773V961.574H565.277V962.914ZM570.609 965.375V964.09H565.277V965.375H570.609ZM572.304 973.223H563.705V969.75H565.222V971.992H572.304V973.223ZM588.082 967.439H586.564V964.309H584.103V963.092H586.564V961.109H588.082V967.439ZM588.082 971.172H581.451V972.115H588.478V973.318H579.96V970.037H586.578V969.162H579.947V967.973H588.082V971.172ZM582.216 962.504C582.216 963.019 582.328 963.511 582.551 963.98C582.775 964.45 583.105 964.867 583.542 965.231C583.98 965.591 584.509 965.867 585.128 966.059L584.322 967.234C583.661 967.011 583.089 966.692 582.606 966.277C582.123 965.858 581.745 965.364 581.471 964.794C581.193 965.437 580.799 965.993 580.289 966.462C579.783 966.927 579.172 967.275 578.457 967.508L577.664 966.291C578.311 966.095 578.86 965.808 579.311 965.43C579.767 965.047 580.109 964.605 580.336 964.104C580.569 963.602 580.685 963.069 580.685 962.504V961.52H582.216V962.504ZM600.181 968.451H598.664V965.43H596.558V964.186H598.664V961.109H600.181V968.451ZM595.998 968.766C596.868 968.766 597.62 968.859 598.253 969.046C598.891 969.228 599.379 969.497 599.716 969.853C600.054 970.203 600.222 970.625 600.222 971.117C600.222 971.609 600.054 972.031 599.716 972.382C599.379 972.737 598.891 973.006 598.253 973.188C597.62 973.375 596.868 973.469 595.998 973.469C595.132 973.469 594.382 973.375 593.749 973.188C593.115 973.006 592.63 972.737 592.292 972.382C591.96 972.031 591.796 971.609 591.8 971.117C591.796 970.625 591.96 970.203 592.292 969.853C592.63 969.497 593.115 969.228 593.749 969.046C594.382 968.859 595.132 968.766 595.998 968.766ZM595.998 969.928C595.132 969.928 594.466 970.03 594.001 970.235C593.537 970.436 593.304 970.73 593.304 971.117C593.304 971.5 593.537 971.792 594.001 971.992C594.466 972.193 595.132 972.293 595.998 972.293C596.863 972.293 597.531 972.193 598 971.992C598.47 971.792 598.705 971.5 598.705 971.117C598.705 970.73 598.47 970.436 598 970.235C597.531 970.03 596.863 969.928 595.998 969.928ZM594.371 963.229C594.371 963.739 594.482 964.236 594.706 964.719C594.929 965.197 595.259 965.628 595.697 966.011C596.134 966.389 596.663 966.683 597.283 966.893L596.517 968.096C595.847 967.868 595.266 967.533 594.774 967.091C594.286 966.644 593.903 966.125 593.625 965.532C593.347 966.202 592.951 966.788 592.436 967.289C591.921 967.786 591.304 968.164 590.583 968.424L589.791 967.221C590.433 967.002 590.982 966.685 591.438 966.271C591.894 965.851 592.238 965.38 592.47 964.855C592.707 964.331 592.826 963.794 592.826 963.242V963.146H590.255V961.916H596.927V963.146H594.371V963.229Z" fill="#404040"/>
<path d="M513.57 1011.13C513.57 1011.65 513.752 1012.16 514.117 1012.65C514.486 1013.14 515.001 1013.57 515.662 1013.92C516.327 1014.27 517.088 1014.5 517.945 1014.61L517.343 1015.84C516.304 1015.68 515.384 1015.36 514.582 1014.88C513.779 1014.39 513.176 1013.8 512.77 1013.1C512.364 1013.8 511.763 1014.39 510.965 1014.88C510.168 1015.36 509.254 1015.68 508.224 1015.84L507.623 1014.61C508.47 1014.5 509.224 1014.27 509.885 1013.92C510.546 1013.57 511.059 1013.14 511.423 1012.65C511.788 1012.16 511.97 1011.65 511.97 1011.13V1010.51H513.57V1011.13ZM518.396 1018.16H513.488V1022.47H511.984V1018.16H507.13V1016.9H518.396V1018.16ZM522.662 1010.66C523.19 1010.65 523.676 1010.75 524.118 1010.94C524.56 1011.12 524.929 1011.39 525.225 1011.74C525.526 1012.08 525.726 1012.47 525.827 1012.93H528.062V1010.11H529.58V1016.74H528.062V1014.16H525.84C525.74 1014.62 525.54 1015.02 525.239 1015.37C524.943 1015.72 524.571 1016 524.125 1016.19C523.678 1016.38 523.19 1016.48 522.662 1016.48C522.037 1016.48 521.477 1016.36 520.98 1016.1C520.483 1015.85 520.094 1015.51 519.811 1015.07C519.533 1014.62 519.394 1014.12 519.394 1013.55C519.394 1013 519.533 1012.5 519.811 1012.06C520.094 1011.62 520.483 1011.27 520.98 1011.03C521.477 1010.77 522.037 1010.65 522.662 1010.66ZM522.662 1011.93C522.306 1011.93 521.992 1011.99 521.718 1012.13C521.445 1012.26 521.231 1012.45 521.076 1012.69C520.921 1012.94 520.843 1013.23 520.843 1013.55C520.843 1013.88 520.921 1014.17 521.076 1014.42C521.231 1014.66 521.445 1014.85 521.718 1014.99C521.996 1015.13 522.311 1015.2 522.662 1015.2C523.003 1015.2 523.309 1015.13 523.578 1014.99C523.851 1014.85 524.063 1014.66 524.213 1014.42C524.368 1014.17 524.448 1013.88 524.453 1013.55C524.448 1013.23 524.368 1012.94 524.213 1012.69C524.063 1012.45 523.853 1012.26 523.584 1012.13C523.316 1011.99 523.008 1011.93 522.662 1011.93ZM522.935 1018.63H528.062V1017.31H529.58V1022.32H521.431V1017.31H522.935V1018.63ZM528.062 1021.09V1019.8H522.935V1021.09H528.062ZM541.679 1017.38H540.162V1015.67H537.673V1016.63H531.863V1011.04H537.673V1012H540.162V1010.11H541.679V1017.38ZM533.38 1015.41H536.169V1012.24H533.38V1015.41ZM537.496 1017.71C538.366 1017.71 539.118 1017.8 539.751 1017.99C540.389 1018.18 540.877 1018.45 541.214 1018.81C541.552 1019.17 541.72 1019.59 541.72 1020.09C541.72 1020.59 541.552 1021.01 541.214 1021.37C540.877 1021.72 540.392 1021.99 539.758 1022.17C539.125 1022.36 538.371 1022.46 537.496 1022.46C536.625 1022.46 535.873 1022.36 535.24 1022.17C534.611 1021.99 534.128 1021.72 533.791 1021.37C533.458 1021.01 533.294 1020.59 533.298 1020.09C533.294 1019.59 533.458 1019.17 533.791 1018.81C534.128 1018.45 534.613 1018.18 535.247 1017.99C535.88 1017.8 536.63 1017.71 537.496 1017.71ZM537.496 1018.87C536.63 1018.87 535.964 1018.98 535.5 1019.19C535.035 1019.39 534.802 1019.69 534.802 1020.09C534.802 1020.47 535.035 1020.77 535.5 1020.97C535.969 1021.18 536.634 1021.28 537.496 1021.28C538.361 1021.28 539.029 1021.18 539.499 1020.97C539.968 1020.77 540.203 1020.47 540.203 1020.09C540.203 1019.69 539.968 1019.39 539.499 1019.19C539.029 1018.98 538.361 1018.87 537.496 1018.87ZM540.162 1014.44V1013.2H537.673V1014.44H540.162Z" fill="#B9B9B9"/>
<path d="M516.878 1059.37H518.601V1060.63H516.878V1063.46H515.361V1056.5H516.878V1059.37ZM513.146 1058.52H509.154V1061.68C510.33 1061.68 511.289 1061.65 512.032 1061.6C512.779 1061.54 513.515 1061.44 514.24 1061.3L514.404 1062.5C513.638 1062.67 512.85 1062.78 512.039 1062.84C511.227 1062.89 510.097 1062.91 508.648 1062.91H507.65V1057.29H513.146V1058.52ZM516.878 1068.7H508.894V1064.02H516.878V1068.7ZM510.398 1067.49H515.375V1065.24H510.398V1067.49ZM528.992 1059.54H530.701V1060.78H528.992V1063.72H527.46V1056.5H528.992V1059.54ZM524.958 1063.95C525.797 1063.95 526.526 1064.05 527.146 1064.25C527.77 1064.44 528.251 1064.71 528.588 1065.08C528.926 1065.44 529.097 1065.88 529.101 1066.38C529.097 1066.9 528.926 1067.34 528.588 1067.71C528.251 1068.08 527.773 1068.36 527.153 1068.55C526.533 1068.75 525.802 1068.85 524.958 1068.85C524.106 1068.85 523.366 1068.75 522.737 1068.55C522.108 1068.36 521.623 1068.08 521.281 1067.71C520.944 1067.34 520.775 1066.9 520.775 1066.38C520.775 1065.88 520.944 1065.44 521.281 1065.08C521.623 1064.71 522.108 1064.44 522.737 1064.25C523.37 1064.05 524.111 1063.95 524.958 1063.95ZM524.958 1065.17C524.102 1065.17 523.439 1065.27 522.969 1065.48C522.504 1065.69 522.274 1065.99 522.279 1066.38C522.274 1066.79 522.504 1067.09 522.969 1067.31C523.439 1067.52 524.102 1067.63 524.958 1067.63C525.802 1067.63 526.456 1067.52 526.92 1067.31C527.39 1067.09 527.625 1066.79 527.625 1066.38C527.625 1065.99 527.39 1065.69 526.92 1065.48C526.456 1065.27 525.802 1065.17 524.958 1065.17ZM525.246 1058.61H521.212V1061.71C522.452 1061.7 523.443 1061.68 524.186 1061.63C524.929 1061.57 525.651 1061.47 526.353 1061.33L526.503 1062.54C525.742 1062.71 524.952 1062.81 524.131 1062.86C523.311 1062.91 522.169 1062.94 520.707 1062.94H519.708V1057.38H525.246V1058.61ZM544.4 1059.51H546.123V1060.75H544.4V1063.75H542.882V1056.5H544.4V1059.51ZM540.982 1057.35C540.982 1058.42 540.756 1059.39 540.305 1060.26C539.854 1061.13 539.198 1061.87 538.336 1062.49C537.475 1063.11 536.434 1063.59 535.212 1063.94L534.611 1062.71C535.536 1062.46 536.336 1062.13 537.01 1061.72C537.689 1061.31 538.225 1060.84 538.617 1060.31C539.009 1059.77 539.248 1059.2 539.334 1058.58H535.171V1057.35H540.982ZM540.408 1063.9C541.237 1063.9 541.962 1064 542.582 1064.2C543.206 1064.4 543.687 1064.68 544.024 1065.06C544.366 1065.43 544.537 1065.87 544.537 1066.37C544.537 1066.88 544.366 1067.32 544.024 1067.69C543.687 1068.06 543.206 1068.35 542.582 1068.54C541.962 1068.75 541.237 1068.85 540.408 1068.85C539.578 1068.85 538.851 1068.75 538.227 1068.54C537.607 1068.35 537.126 1068.06 536.785 1067.69C536.443 1067.32 536.274 1066.88 536.279 1066.37C536.274 1065.87 536.443 1065.43 536.785 1065.07C537.126 1064.69 537.61 1064.4 538.234 1064.2C538.858 1064 539.583 1063.9 540.408 1063.9ZM540.408 1065.09C539.587 1065.09 538.943 1065.2 538.473 1065.43C538.008 1065.65 537.778 1065.97 537.783 1066.37C537.778 1066.64 537.881 1066.87 538.09 1067.06C538.305 1067.25 538.608 1067.4 539 1067.51C539.396 1067.61 539.865 1067.66 540.408 1067.66C540.945 1067.66 541.413 1067.61 541.809 1067.51C542.21 1067.4 542.515 1067.25 542.725 1067.06C542.939 1066.87 543.046 1066.64 543.046 1066.37C543.046 1065.97 542.812 1065.65 542.342 1065.43C541.873 1065.2 541.228 1065.09 540.408 1065.09ZM551.167 1059.47C551.163 1060.21 551.279 1060.93 551.516 1061.64C551.758 1062.35 552.106 1062.98 552.562 1063.54C553.018 1064.1 553.556 1064.53 554.175 1064.83L553.246 1066.04C552.589 1065.71 552.02 1065.24 551.537 1064.62C551.058 1064.01 550.684 1063.29 550.416 1062.49C550.138 1063.35 549.746 1064.11 549.24 1064.77C548.738 1065.43 548.141 1065.93 547.449 1066.28L546.519 1065.06C547.162 1064.75 547.718 1064.31 548.187 1063.73C548.661 1063.14 549.021 1062.47 549.267 1061.74C549.518 1060.99 549.645 1060.24 549.65 1059.47V1057.5H551.167V1059.47ZM556.431 1061.34H558.332V1062.64H556.431V1068.86H554.914V1056.5H556.431V1061.34Z" fill="#B9B9B9"/>
<path d="M513.57 1103.92C513.57 1104.44 513.752 1104.95 514.117 1105.44C514.486 1105.93 515.001 1106.36 515.662 1106.71C516.327 1107.06 517.088 1107.29 517.945 1107.4L517.343 1108.63C516.304 1108.47 515.384 1108.15 514.582 1107.67C513.779 1107.18 513.176 1106.59 512.77 1105.89C512.364 1106.59 511.763 1107.18 510.965 1107.67C510.168 1108.15 509.254 1108.47 508.224 1108.63L507.623 1107.4C508.47 1107.29 509.224 1107.06 509.885 1106.71C510.546 1106.36 511.059 1105.93 511.423 1105.44C511.788 1104.95 511.97 1104.44 511.97 1103.92V1103.29H513.57V1103.92ZM518.396 1110.95H513.488V1115.26H511.984V1110.95H507.13V1109.69H518.396V1110.95ZM522.662 1103.45C523.19 1103.44 523.676 1103.53 524.118 1103.73C524.56 1103.91 524.929 1104.18 525.225 1104.53C525.526 1104.87 525.726 1105.26 525.827 1105.71H528.062V1102.9H529.58V1109.53H528.062V1106.95H525.84C525.74 1107.41 525.54 1107.81 525.239 1108.16C524.943 1108.51 524.571 1108.79 524.125 1108.98C523.678 1109.17 523.19 1109.27 522.662 1109.27C522.037 1109.27 521.477 1109.14 520.98 1108.89C520.483 1108.64 520.094 1108.3 519.811 1107.85C519.533 1107.41 519.394 1106.9 519.394 1106.34C519.394 1105.79 519.533 1105.29 519.811 1104.85C520.094 1104.4 520.483 1104.06 520.98 1103.81C521.477 1103.56 522.037 1103.44 522.662 1103.45ZM522.662 1104.72C522.306 1104.72 521.992 1104.78 521.718 1104.92C521.445 1105.05 521.231 1105.24 521.076 1105.48C520.921 1105.73 520.843 1106.02 520.843 1106.34C520.843 1106.67 520.921 1106.95 521.076 1107.21C521.231 1107.45 521.445 1107.64 521.718 1107.78C521.996 1107.92 522.311 1107.98 522.662 1107.98C523.003 1107.98 523.309 1107.92 523.578 1107.78C523.851 1107.64 524.063 1107.45 524.213 1107.21C524.368 1106.95 524.448 1106.67 524.453 1106.34C524.448 1106.02 524.368 1105.73 524.213 1105.48C524.063 1105.24 523.853 1105.05 523.584 1104.92C523.316 1104.78 523.008 1104.72 522.662 1104.72ZM522.935 1111.42H528.062V1110.1H529.58V1115.11H521.431V1110.1H522.935V1111.42ZM528.062 1113.88V1112.59H522.935V1113.88H528.062ZM539.341 1105.41C539.341 1105.93 539.458 1106.43 539.69 1106.92C539.922 1107.4 540.266 1107.82 540.722 1108.2C541.178 1108.58 541.725 1108.86 542.363 1109.06L541.583 1110.25C540.895 1110.03 540.298 1109.7 539.792 1109.26C539.287 1108.82 538.89 1108.3 538.603 1107.7C538.316 1108.36 537.91 1108.92 537.386 1109.41C536.867 1109.89 536.247 1110.25 535.527 1110.5L534.748 1109.3C535.39 1109.08 535.939 1108.78 536.395 1108.38C536.855 1107.98 537.204 1107.52 537.441 1107.01C537.682 1106.5 537.806 1105.97 537.81 1105.41V1105.06H535.144V1103.84H541.939V1105.06H539.341V1105.41ZM544.947 1111.88H543.416V1102.91H544.947V1111.88ZM545.289 1115.01H536.771V1111.06H538.302V1113.78H545.289V1115.01ZM557.32 1110.66H555.871V1107.3H554.667V1110.25H553.246V1103.14H554.667V1106.07H555.871V1102.9H557.32V1110.66ZM552.835 1105.43H546.683V1104.24H549.021V1103.01H550.525V1104.24H552.835V1105.43ZM549.773 1105.93C550.292 1105.93 550.755 1106.02 551.161 1106.2C551.566 1106.38 551.883 1106.63 552.111 1106.95C552.343 1107.27 552.462 1107.64 552.466 1108.07C552.462 1108.49 552.343 1108.86 552.111 1109.19C551.883 1109.51 551.566 1109.75 551.161 1109.93C550.755 1110.11 550.292 1110.2 549.773 1110.2C549.263 1110.2 548.805 1110.11 548.399 1109.93C547.993 1109.75 547.677 1109.5 547.449 1109.18C547.225 1108.86 547.116 1108.49 547.121 1108.07C547.116 1107.65 547.225 1107.28 547.449 1106.95C547.677 1106.63 547.993 1106.38 548.399 1106.2C548.805 1106.02 549.263 1105.93 549.773 1105.93ZM549.773 1107.03C549.386 1107.03 549.071 1107.12 548.83 1107.31C548.593 1107.49 548.474 1107.75 548.474 1108.07C548.474 1108.39 548.593 1108.64 548.83 1108.83C549.067 1109.01 549.381 1109.11 549.773 1109.11C550.165 1109.11 550.482 1109.01 550.723 1108.83C550.965 1108.64 551.085 1108.39 551.085 1108.07C551.085 1107.75 550.965 1107.49 550.723 1107.31C550.482 1107.12 550.165 1107.03 549.773 1107.03ZM553.15 1110.81C554.029 1110.81 554.786 1110.9 555.419 1111.07C556.053 1111.25 556.538 1111.5 556.875 1111.84C557.213 1112.17 557.384 1112.57 557.388 1113.04C557.384 1113.5 557.21 1113.9 556.869 1114.23C556.531 1114.56 556.046 1114.81 555.413 1114.98C554.779 1115.16 554.025 1115.24 553.15 1115.24C552.275 1115.24 551.518 1115.16 550.88 1114.98C550.247 1114.81 549.759 1114.56 549.417 1114.23C549.08 1113.9 548.912 1113.5 548.912 1113.04C548.912 1112.57 549.08 1112.17 549.417 1111.84C549.759 1111.5 550.247 1111.25 550.88 1111.07C551.514 1110.9 552.27 1110.81 553.15 1110.81ZM553.15 1111.98C552.261 1111.97 551.584 1112.05 551.12 1112.24C550.659 1112.41 550.429 1112.68 550.429 1113.04C550.429 1113.38 550.662 1113.64 551.126 1113.82C551.591 1114 552.266 1114.08 553.15 1114.08C554.029 1114.08 554.699 1114 555.16 1113.82C555.625 1113.64 555.857 1113.38 555.857 1113.04C555.857 1112.68 555.625 1112.41 555.16 1112.24C554.699 1112.05 554.029 1111.97 553.15 1111.98ZM572.496 1115.26H570.964V1102.9H572.496V1115.26ZM568.804 1104.21C568.804 1106.18 568.36 1107.9 567.471 1109.39C566.583 1110.87 565.108 1112.1 563.048 1113.07L562.255 1111.85C563.846 1111.1 565.042 1110.19 565.844 1109.14C566.651 1108.08 567.123 1106.84 567.259 1105.41H562.884V1104.21H568.804ZM584.021 1106.45H585.744V1107.72H584.021V1111.81H582.476V1102.9H584.021V1106.45ZM580.658 1103.84C580.658 1104.93 580.43 1105.91 579.974 1106.79C579.518 1107.66 578.858 1108.42 577.992 1109.05C577.13 1109.68 576.087 1110.17 574.861 1110.53L574.232 1109.32C575.166 1109.06 575.973 1108.71 576.652 1108.29C577.335 1107.87 577.875 1107.39 578.272 1106.84C578.668 1106.3 578.91 1105.71 578.997 1105.09H574.751V1103.84H580.658ZM584.486 1115.01H576.078V1110.9H577.623V1113.78H584.486V1115.01Z" fill="#B9B9B9"/>
<path d="M513.57 1150.31C513.57 1150.83 513.752 1151.34 514.117 1151.83C514.486 1152.32 515.001 1152.75 515.662 1153.1C516.327 1153.45 517.088 1153.68 517.945 1153.79L517.343 1155.02C516.304 1154.86 515.384 1154.54 514.582 1154.06C513.779 1153.57 513.176 1152.98 512.77 1152.28C512.364 1152.98 511.763 1153.57 510.965 1154.06C510.168 1154.54 509.254 1154.86 508.224 1155.02L507.623 1153.79C508.47 1153.68 509.224 1153.45 509.885 1153.1C510.546 1152.75 511.059 1152.32 511.423 1151.83C511.788 1151.34 511.97 1150.83 511.97 1150.31V1149.69H513.57V1150.31ZM518.396 1157.34H513.488V1161.65H511.984V1157.34H507.13V1156.08H518.396V1157.34ZM522.662 1149.84C523.19 1149.83 523.676 1149.92 524.118 1150.12C524.56 1150.3 524.929 1150.57 525.225 1150.92C525.526 1151.26 525.726 1151.65 525.827 1152.11H528.062V1149.29H529.58V1155.92H528.062V1153.34H525.84C525.74 1153.8 525.54 1154.2 525.239 1154.55C524.943 1154.9 524.571 1155.18 524.125 1155.37C523.678 1155.56 523.19 1155.66 522.662 1155.66C522.037 1155.66 521.477 1155.53 520.98 1155.28C520.483 1155.03 520.094 1154.69 519.811 1154.25C519.533 1153.8 519.394 1153.29 519.394 1152.73C519.394 1152.18 519.533 1151.68 519.811 1151.24C520.094 1150.8 520.483 1150.45 520.98 1150.21C521.477 1149.95 522.037 1149.83 522.662 1149.84ZM522.662 1151.11C522.306 1151.11 521.992 1151.17 521.718 1151.31C521.445 1151.44 521.231 1151.63 521.076 1151.87C520.921 1152.12 520.843 1152.41 520.843 1152.73C520.843 1153.06 520.921 1153.35 521.076 1153.6C521.231 1153.84 521.445 1154.03 521.718 1154.17C521.996 1154.31 522.311 1154.38 522.662 1154.38C523.003 1154.38 523.309 1154.31 523.578 1154.17C523.851 1154.03 524.063 1153.84 524.213 1153.6C524.368 1153.35 524.448 1153.06 524.453 1152.73C524.448 1152.41 524.368 1152.12 524.213 1151.87C524.063 1151.63 523.853 1151.44 523.584 1151.31C523.316 1151.17 523.008 1151.11 522.662 1151.11ZM522.935 1157.81H528.062V1156.49H529.58V1161.5H521.431V1156.49H522.935V1157.81ZM528.062 1160.27V1158.98H522.935V1160.27H528.062ZM539.328 1152.26C539.323 1153.02 539.448 1153.76 539.704 1154.48C539.959 1155.2 540.328 1155.84 540.811 1156.4C541.294 1156.96 541.861 1157.38 542.513 1157.66L541.611 1158.87C540.914 1158.55 540.305 1158.08 539.786 1157.46C539.271 1156.84 538.867 1156.12 538.576 1155.29C538.284 1156.18 537.872 1156.97 537.338 1157.64C536.81 1158.31 536.179 1158.82 535.445 1159.16L534.515 1157.89C535.185 1157.6 535.766 1157.17 536.258 1156.59C536.755 1156.01 537.133 1155.34 537.393 1154.59C537.653 1153.83 537.783 1153.05 537.783 1152.26V1150.29H539.328V1152.26ZM544.933 1161.66H543.402V1149.29H544.933V1161.66ZM556.5 1152.84H558.222V1154.12H556.5V1158.2H554.955V1149.29H556.5V1152.84ZM553.136 1150.23C553.136 1151.32 552.908 1152.3 552.453 1153.18C551.997 1154.05 551.336 1154.81 550.47 1155.44C549.609 1156.07 548.565 1156.56 547.339 1156.92L546.71 1155.71C547.645 1155.45 548.451 1155.1 549.13 1154.68C549.814 1154.26 550.354 1153.78 550.75 1153.23C551.147 1152.69 551.389 1152.11 551.475 1151.48H547.23V1150.23H553.136ZM556.964 1161.4H548.556V1157.29H550.101V1160.17H556.964V1161.4Z" fill="#B9B9B9"/>
<path d="M518.41 1203.01H513.638V1205.28H512.093V1203.01H507.117V1201.79H518.41V1203.01ZM517.166 1207.79H508.498V1204.13H510.029V1206.55H517.166V1207.79ZM512.75 1195.95C513.634 1195.95 514.408 1196.06 515.074 1196.26C515.744 1196.47 516.261 1196.76 516.625 1197.14C516.995 1197.52 517.179 1197.97 517.179 1198.48C517.179 1199 516.995 1199.44 516.625 1199.82C516.261 1200.2 515.744 1200.49 515.074 1200.7C514.408 1200.9 513.634 1201 512.75 1201C511.865 1201 511.088 1200.9 510.418 1200.7C509.753 1200.49 509.236 1200.2 508.867 1199.82C508.502 1199.44 508.32 1199 508.32 1198.48C508.32 1197.97 508.502 1197.52 508.867 1197.14C509.236 1196.76 509.753 1196.47 510.418 1196.26C511.088 1196.06 511.865 1195.95 512.75 1195.95ZM512.75 1197.16C512.184 1197.16 511.69 1197.21 511.266 1197.31C510.847 1197.42 510.523 1197.57 510.295 1197.77C510.068 1197.97 509.956 1198.2 509.96 1198.48C509.956 1198.75 510.068 1198.98 510.295 1199.18C510.523 1199.38 510.847 1199.53 511.266 1199.63C511.69 1199.73 512.184 1199.78 512.75 1199.78C513.319 1199.78 513.814 1199.73 514.233 1199.63C514.657 1199.53 514.983 1199.38 515.21 1199.18C515.438 1198.98 515.552 1198.75 515.552 1198.48C515.552 1198.2 515.438 1197.97 515.21 1197.77C514.983 1197.57 514.657 1197.42 514.233 1197.31C513.814 1197.21 513.319 1197.16 512.75 1197.16ZM522.662 1196.38C523.154 1196.38 523.61 1196.46 524.029 1196.64C524.453 1196.81 524.813 1197.05 525.109 1197.36H528.062V1195.68H529.58V1202.95H528.062V1201.38H525.102C524.81 1201.69 524.453 1201.93 524.029 1202.11C523.61 1202.27 523.154 1202.36 522.662 1202.35C522.051 1202.36 521.495 1202.23 520.994 1201.98C520.497 1201.72 520.105 1201.36 519.818 1200.91C519.535 1200.45 519.394 1199.94 519.394 1199.37C519.394 1198.8 519.535 1198.28 519.818 1197.83C520.105 1197.37 520.497 1197.01 520.994 1196.76C521.49 1196.5 522.046 1196.38 522.662 1196.38ZM522.662 1197.68C522.306 1197.68 521.992 1197.75 521.718 1197.89C521.445 1198.02 521.231 1198.22 521.076 1198.48C520.921 1198.73 520.843 1199.03 520.843 1199.37C520.843 1199.7 520.921 1200 521.076 1200.26C521.231 1200.51 521.445 1200.71 521.718 1200.85C521.996 1201 522.311 1201.07 522.662 1201.07C522.999 1201.07 523.302 1201 523.571 1200.85C523.844 1200.71 524.058 1200.51 524.213 1200.26C524.368 1200 524.448 1199.7 524.453 1199.37C524.448 1199.03 524.368 1198.73 524.213 1198.48C524.058 1198.22 523.847 1198.02 523.578 1197.89C523.309 1197.75 523.003 1197.68 522.662 1197.68ZM525.396 1203.21C526.257 1203.21 527.005 1203.31 527.638 1203.5C528.276 1203.69 528.766 1203.97 529.108 1204.33C529.45 1204.69 529.621 1205.12 529.621 1205.62C529.621 1206.12 529.45 1206.55 529.108 1206.91C528.766 1207.27 528.276 1207.55 527.638 1207.74C527.005 1207.93 526.257 1208.03 525.396 1208.03C524.535 1208.03 523.787 1207.93 523.154 1207.74C522.525 1207.55 522.04 1207.27 521.698 1206.91C521.361 1206.55 521.194 1206.12 521.199 1205.62C521.194 1205.12 521.361 1204.69 521.698 1204.33C522.04 1203.97 522.525 1203.69 523.154 1203.5C523.787 1203.31 524.535 1203.21 525.396 1203.21ZM525.396 1204.38C524.53 1204.38 523.86 1204.48 523.386 1204.7C522.917 1204.91 522.684 1205.22 522.689 1205.62C522.684 1206.01 522.917 1206.31 523.386 1206.52C523.86 1206.73 524.53 1206.84 525.396 1206.84C526.271 1206.84 526.945 1206.73 527.419 1206.52C527.893 1206.31 528.13 1206.01 528.13 1205.62C528.13 1205.22 527.893 1204.91 527.419 1204.7C526.95 1204.48 526.276 1204.38 525.396 1204.38ZM525.792 1198.58C525.865 1198.85 525.902 1199.11 525.902 1199.37C525.902 1199.62 525.868 1199.88 525.799 1200.15H528.062V1198.58H525.792ZM545.945 1206.54H534.652V1205.29H537.263V1202.17C536.762 1201.88 536.372 1201.51 536.094 1201.08C535.821 1200.65 535.686 1200.16 535.691 1199.62C535.686 1198.97 535.88 1198.4 536.272 1197.91C536.664 1197.41 537.208 1197.03 537.906 1196.76C538.603 1196.49 539.391 1196.35 540.271 1196.35C541.155 1196.35 541.946 1196.49 542.643 1196.76C543.345 1197.03 543.892 1197.41 544.284 1197.91C544.68 1198.4 544.878 1198.97 544.878 1199.62C544.878 1200.15 544.744 1200.63 544.475 1201.06C544.211 1201.49 543.835 1201.85 543.347 1202.13V1205.29H545.945V1206.54ZM540.271 1197.55C539.656 1197.55 539.113 1197.64 538.644 1197.81C538.179 1197.97 537.817 1198.21 537.557 1198.52C537.302 1198.83 537.177 1199.19 537.181 1199.62C537.177 1200.04 537.302 1200.4 537.557 1200.71C537.817 1201.02 538.181 1201.26 538.651 1201.43C539.12 1201.6 539.66 1201.68 540.271 1201.68C540.882 1201.68 541.422 1201.6 541.891 1201.43C542.365 1201.26 542.732 1201.02 542.992 1200.71C543.256 1200.4 543.388 1200.04 543.388 1199.62C543.388 1199.2 543.256 1198.83 542.992 1198.52C542.732 1198.21 542.367 1197.97 541.898 1197.81C541.429 1197.64 540.886 1197.55 540.271 1197.55ZM541.802 1205.29V1202.71C541.319 1202.82 540.809 1202.87 540.271 1202.87C539.756 1202.87 539.255 1202.82 538.767 1202.72V1205.29H541.802ZM550.251 1196.08C550.871 1196.08 551.43 1196.2 551.926 1196.44C552.423 1196.68 552.813 1197.01 553.095 1197.43C553.382 1197.85 553.528 1198.33 553.533 1198.87C553.528 1199.4 553.382 1199.88 553.095 1200.31C552.813 1200.73 552.423 1201.06 551.926 1201.3C551.43 1201.54 550.871 1201.65 550.251 1201.65C549.627 1201.65 549.064 1201.54 548.563 1201.3C548.066 1201.06 547.677 1200.73 547.394 1200.31C547.111 1199.88 546.97 1199.4 546.97 1198.87C546.97 1198.33 547.111 1197.85 547.394 1197.43C547.677 1197.01 548.069 1196.68 548.57 1196.44C549.071 1196.2 549.632 1196.08 550.251 1196.08ZM550.251 1197.33C549.905 1197.33 549.595 1197.4 549.322 1197.53C549.048 1197.65 548.834 1197.83 548.679 1198.06C548.524 1198.29 548.447 1198.56 548.447 1198.87C548.447 1199.18 548.524 1199.46 548.679 1199.69C548.834 1199.92 549.048 1200.1 549.322 1200.23C549.595 1200.36 549.905 1200.42 550.251 1200.42C550.598 1200.42 550.908 1200.36 551.181 1200.23C551.455 1200.1 551.669 1199.92 551.824 1199.69C551.979 1199.46 552.056 1199.18 552.056 1198.87C552.056 1198.56 551.979 1198.29 551.824 1198.06C551.669 1197.83 551.455 1197.65 551.181 1197.53C550.908 1197.4 550.598 1197.33 550.251 1197.33ZM557.046 1201.93H555.515V1195.68H557.046V1201.93ZM557.046 1205.69H550.361V1206.69H557.416V1207.89H548.871V1204.57H555.529V1203.65H548.843V1202.46H557.046V1205.69Z" fill="#B9B9B9"/>
<path d="M513.57 1243.1C513.57 1243.62 513.752 1244.12 514.117 1244.61C514.486 1245.11 515.001 1245.53 515.662 1245.88C516.327 1246.23 517.088 1246.46 517.945 1246.57L517.343 1247.8C516.304 1247.64 515.384 1247.32 514.582 1246.84C513.779 1246.35 513.176 1245.76 512.77 1245.06C512.364 1245.76 511.763 1246.35 510.965 1246.84C510.168 1247.32 509.254 1247.64 508.224 1247.8L507.623 1246.57C508.47 1246.46 509.224 1246.23 509.885 1245.88C510.546 1245.53 511.059 1245.11 511.423 1244.61C511.788 1244.12 511.97 1243.62 511.97 1243.1V1242.47H513.57V1243.1ZM518.396 1250.12H513.488V1254.43H511.984V1250.12H507.13V1248.87H518.396V1250.12ZM528.978 1245.08H530.701V1246.32H528.978V1249.32H527.46V1242.07H528.978V1245.08ZM525.56 1242.92C525.56 1243.99 525.334 1244.96 524.883 1245.83C524.432 1246.7 523.776 1247.44 522.915 1248.06C522.053 1248.68 521.012 1249.16 519.791 1249.51L519.189 1248.28C520.114 1248.03 520.914 1247.7 521.588 1247.29C522.267 1246.88 522.803 1246.41 523.195 1245.88C523.587 1245.34 523.826 1244.77 523.913 1244.15H519.75V1242.92H525.56ZM524.986 1249.47C525.815 1249.47 526.54 1249.57 527.16 1249.77C527.784 1249.97 528.265 1250.26 528.602 1250.63C528.944 1251 529.115 1251.44 529.115 1251.94C529.115 1252.45 528.944 1252.89 528.602 1253.26C528.265 1253.63 527.784 1253.92 527.16 1254.12C526.54 1254.32 525.815 1254.42 524.986 1254.42C524.156 1254.42 523.43 1254.32 522.805 1254.12C522.185 1253.92 521.705 1253.63 521.363 1253.26C521.021 1252.89 520.852 1252.45 520.857 1251.94C520.852 1251.44 521.021 1251 521.363 1250.64C521.705 1250.26 522.188 1249.97 522.812 1249.77C523.436 1249.57 524.161 1249.47 524.986 1249.47ZM524.986 1250.66C524.166 1250.66 523.521 1250.77 523.051 1251C522.586 1251.22 522.356 1251.54 522.361 1251.94C522.356 1252.21 522.459 1252.44 522.668 1252.63C522.883 1252.82 523.186 1252.97 523.578 1253.08C523.974 1253.18 524.444 1253.23 524.986 1253.23C525.524 1253.23 525.991 1253.18 526.387 1253.08C526.788 1252.97 527.094 1252.82 527.303 1252.63C527.517 1252.44 527.625 1252.21 527.625 1251.94C527.625 1251.54 527.39 1251.22 526.92 1251C526.451 1250.77 525.806 1250.66 524.986 1250.66ZM544.332 1246.9H546.164V1248.17H544.332V1254.4H542.814V1242.07H544.332V1246.9ZM541.064 1243.36C541.064 1247.41 539.191 1250.36 535.445 1252.2L534.583 1251.03C536.087 1250.28 537.247 1249.37 538.063 1248.31C538.883 1247.25 539.371 1246.02 539.526 1244.61H535.253V1243.36H541.064ZM556.746 1246.51H548.214V1242.29H549.732V1245.28H556.746V1246.51ZM558.031 1248.93H546.751V1247.7H558.031V1248.93ZM552.371 1249.82C553.259 1249.83 554.023 1249.92 554.661 1250.1C555.299 1250.28 555.789 1250.54 556.13 1250.88C556.472 1251.22 556.645 1251.63 556.65 1252.11C556.645 1252.58 556.472 1252.99 556.13 1253.33C555.789 1253.67 555.299 1253.93 554.661 1254.11C554.023 1254.29 553.259 1254.38 552.371 1254.38C551.473 1254.38 550.7 1254.29 550.053 1254.11C549.411 1253.93 548.918 1253.67 548.577 1253.33C548.235 1252.99 548.064 1252.58 548.064 1252.11C548.064 1251.63 548.235 1251.22 548.577 1250.88C548.918 1250.54 549.411 1250.28 550.053 1250.1C550.7 1249.92 551.473 1249.83 552.371 1249.82ZM552.371 1251.01C550.516 1251.03 549.595 1251.39 549.609 1252.11C549.6 1252.46 549.832 1252.73 550.306 1252.93C550.78 1253.12 551.468 1253.21 552.371 1253.21C553.25 1253.21 553.927 1253.12 554.401 1252.93C554.879 1252.73 555.123 1252.46 555.132 1252.11C555.119 1251.39 554.198 1251.03 552.371 1251.01ZM568.599 1245.97H570.322V1247.22H568.599V1251.31H567.082V1242.08H568.599V1245.97ZM566.193 1244.67H558.865V1243.45H561.777V1242.07H563.294V1243.45H566.193V1244.67ZM562.529 1245.17C563.117 1245.17 563.639 1245.27 564.094 1245.47C564.55 1245.66 564.905 1245.94 565.161 1246.3C565.416 1246.66 565.546 1247.07 565.55 1247.54C565.546 1248 565.416 1248.41 565.161 1248.77C564.905 1249.12 564.55 1249.39 564.094 1249.59C563.639 1249.78 563.117 1249.88 562.529 1249.88C561.936 1249.88 561.41 1249.78 560.95 1249.59C560.489 1249.39 560.132 1249.12 559.876 1248.77C559.621 1248.41 559.494 1248 559.494 1247.54C559.494 1247.07 559.621 1246.66 559.876 1246.3C560.132 1245.94 560.489 1245.66 560.95 1245.47C561.41 1245.27 561.936 1245.17 562.529 1245.17ZM562.529 1246.35C562.05 1246.35 561.67 1246.45 561.387 1246.66C561.109 1246.87 560.97 1247.17 560.97 1247.54C560.97 1247.9 561.111 1248.19 561.394 1248.4C561.677 1248.61 562.055 1248.71 562.529 1248.7C563.003 1248.71 563.383 1248.61 563.67 1248.4C563.958 1248.19 564.101 1247.9 564.101 1247.54C564.101 1247.17 563.958 1246.87 563.67 1246.66C563.388 1246.45 563.007 1246.35 562.529 1246.35ZM569.091 1254.18H560.683V1250.59H562.201V1252.95H569.091V1254.18ZM578.648 1244.04C578.648 1244.56 578.76 1245.06 578.983 1245.54C579.206 1246.02 579.537 1246.45 579.974 1246.81C580.412 1247.18 580.94 1247.47 581.56 1247.66L580.74 1248.85C580.088 1248.63 579.523 1248.3 579.044 1247.87C578.566 1247.45 578.19 1246.94 577.917 1246.36C577.639 1247.03 577.249 1247.61 576.748 1248.09C576.251 1248.58 575.654 1248.95 574.957 1249.19L574.136 1248C574.783 1247.78 575.33 1247.45 575.777 1247.04C576.223 1246.63 576.558 1246.15 576.782 1245.61C577.01 1245.07 577.126 1244.5 577.13 1243.9V1242.73H578.648V1244.04ZM584.021 1245.08H585.744V1246.34H584.021V1249.47H582.503V1242.07H584.021V1245.08ZM580.001 1249.74C580.849 1249.74 581.583 1249.83 582.203 1250.01C582.822 1250.2 583.299 1250.46 583.631 1250.81C583.969 1251.16 584.139 1251.58 584.144 1252.06C584.139 1252.56 583.971 1252.98 583.638 1253.33C583.306 1253.68 582.827 1253.95 582.203 1254.14C581.583 1254.32 580.849 1254.42 580.001 1254.42C579.14 1254.42 578.395 1254.32 577.766 1254.14C577.142 1253.95 576.661 1253.68 576.324 1253.33C575.986 1252.98 575.818 1252.56 575.818 1252.06C575.818 1251.58 575.986 1251.16 576.324 1250.81C576.661 1250.46 577.144 1250.2 577.773 1250.01C578.402 1249.83 579.145 1249.74 580.001 1249.74ZM580.001 1250.93C579.154 1250.93 578.498 1251.03 578.033 1251.23C577.568 1251.43 577.335 1251.7 577.335 1252.06C577.335 1252.44 577.566 1252.73 578.026 1252.93C578.486 1253.12 579.145 1253.21 580.001 1253.21C580.858 1253.21 581.512 1253.12 581.963 1252.93C582.415 1252.73 582.64 1252.44 582.64 1252.06C582.64 1251.7 582.412 1251.42 581.957 1251.22C581.501 1251.03 580.849 1250.93 580.001 1250.93ZM597.638 1249.14H592.744V1250.33H596.271V1254.28H587.699V1250.33H591.24V1249.14H586.373V1247.92H597.638V1249.14ZM596.599 1243.66H594.904V1245.78H596.531V1247.01H587.453V1245.78H589.08V1243.66H587.384V1242.44H596.599V1243.66ZM589.203 1253.05H594.794V1251.5H589.203V1253.05ZM593.373 1245.78V1243.66H590.597V1245.78H593.373ZM612.144 1248.4H610.626V1245.27H608.166V1244.05H610.626V1242.07H612.144V1248.4ZM612.144 1252.13H605.513V1253.08H612.541V1254.28H604.023V1251H610.64V1250.12H604.009V1248.93H612.144V1252.13ZM606.279 1243.46C606.279 1243.98 606.39 1244.47 606.614 1244.94C606.837 1245.41 607.167 1245.83 607.605 1246.19C608.042 1246.55 608.571 1246.83 609.191 1247.02L608.384 1248.2C607.723 1247.97 607.152 1247.65 606.668 1247.24C606.185 1246.82 605.807 1246.32 605.534 1245.75C605.256 1246.4 604.861 1246.95 604.351 1247.42C603.845 1247.89 603.235 1248.24 602.519 1248.47L601.726 1247.25C602.373 1247.06 602.922 1246.77 603.374 1246.39C603.829 1246.01 604.171 1245.57 604.399 1245.06C604.631 1244.56 604.748 1244.03 604.748 1243.46V1242.48H606.279V1243.46ZM624.244 1249.41H622.726V1246.39H620.621V1245.15H622.726V1242.07H624.244V1249.41ZM620.06 1249.73C620.931 1249.73 621.682 1249.82 622.316 1250.01C622.954 1250.19 623.442 1250.46 623.779 1250.81C624.116 1251.16 624.285 1251.59 624.285 1252.08C624.285 1252.57 624.116 1252.99 623.779 1253.34C623.442 1253.7 622.954 1253.97 622.316 1254.15C621.682 1254.34 620.931 1254.43 620.06 1254.43C619.194 1254.43 618.444 1254.34 617.811 1254.15C617.178 1253.97 616.692 1253.7 616.355 1253.34C616.022 1252.99 615.858 1252.57 615.863 1252.08C615.858 1251.59 616.022 1251.16 616.355 1250.81C616.692 1250.46 617.178 1250.19 617.811 1250.01C618.444 1249.82 619.194 1249.73 620.06 1249.73ZM620.06 1250.89C619.194 1250.89 618.529 1250.99 618.064 1251.2C617.599 1251.4 617.367 1251.69 617.367 1252.08C617.367 1252.46 617.599 1252.75 618.064 1252.95C618.529 1253.15 619.194 1253.25 620.06 1253.25C620.926 1253.25 621.594 1253.15 622.063 1252.95C622.532 1252.75 622.767 1252.46 622.767 1252.08C622.767 1251.69 622.532 1251.4 622.063 1251.2C621.594 1250.99 620.926 1250.89 620.06 1250.89ZM618.433 1244.19C618.433 1244.7 618.545 1245.2 618.768 1245.68C618.991 1246.16 619.322 1246.59 619.759 1246.97C620.197 1247.35 620.725 1247.64 621.345 1247.85L620.58 1249.06C619.91 1248.83 619.329 1248.49 618.836 1248.05C618.349 1247.61 617.966 1247.09 617.688 1246.49C617.41 1247.16 617.014 1247.75 616.499 1248.25C615.984 1248.75 615.366 1249.12 614.646 1249.38L613.853 1248.18C614.496 1247.96 615.045 1247.65 615.5 1247.23C615.956 1246.81 616.3 1246.34 616.533 1245.82C616.77 1245.29 616.888 1244.75 616.888 1244.2V1244.11H614.318V1242.88H620.99V1244.11H618.433V1244.19Z" fill="#B9B9B9"/>
<g clip-path="url(#clip3_24_29531)">
<g clip-path="url(#clip4_24_29531)">
<g clip-path="url(#clip5_24_29531)">
<mask id="mask1_24_29531" style="mask-type:luminance" maskUnits="userSpaceOnUse" x="495" y="1286" width="15" height="15">
<path d="M495.82 1286.79V1300.78H509.81V1286.79H495.82Z" fill="white"/>
</mask>
<g mask="url(#mask1_24_29531)">
<path d="M498.076 1290.57L497.044 1291.61L502.815 1297.38L508.586 1291.61L507.554 1290.57L502.815 1295.31L498.076 1290.57Z" fill="#E1E1E1"/>
</g>
</g>
</g>
</g>
<path fill-rule="evenodd" clip-rule="evenodd" d="M527.425 1295.18C535.136 1294.13 538.74 1288.79 539.292 1284.93L539.455 1283.79H538.302C535.45 1283.79 532.982 1285.23 530.954 1287.13C528.923 1289.04 527.242 1291.5 525.941 1293.75C525.512 1294.49 524.988 1295.42 524.572 1296.36C524.164 1297.27 523.808 1298.32 523.808 1299.28H525.807C525.807 1298.75 526.02 1298.02 526.399 1297.17C526.698 1296.49 527.067 1295.81 527.425 1295.18ZM532.323 1288.59C531.016 1289.82 529.843 1291.33 528.821 1292.88C533.623 1291.69 536.131 1288.52 537.005 1285.92C535.346 1286.26 533.78 1287.22 532.323 1288.59ZM533.194 1284.79H524.808C523.747 1284.79 522.73 1285.21 521.981 1285.96C521.231 1286.71 520.81 1287.73 520.81 1288.79V1298.78C520.81 1299.85 521.231 1300.86 521.981 1301.61C522.73 1302.36 523.747 1302.78 524.808 1302.78H532.805C534.395 1302.78 535.921 1302.15 537.045 1301.03C538.17 1299.9 538.802 1298.38 538.802 1296.79V1288.79C538.802 1288.59 538.787 1288.39 538.758 1288.19C538.239 1289.22 537.581 1290.18 536.803 1291.03V1296.79C536.803 1297.85 536.382 1298.86 535.632 1299.61C534.882 1300.36 533.865 1300.78 532.805 1300.78H524.808C524.278 1300.78 523.769 1300.57 523.394 1300.2C523.019 1299.82 522.809 1299.31 522.809 1298.78V1288.79C522.809 1288.26 523.019 1287.75 523.394 1287.38C523.769 1287 524.278 1286.79 524.808 1286.79H530.59L530.612 1286.77C531.4 1286.02 532.266 1285.36 533.194 1284.79ZM528.806 1297.29C528.541 1297.29 528.287 1297.39 528.099 1297.58C527.912 1297.77 527.807 1298.02 527.807 1298.28C527.807 1298.55 527.912 1298.8 528.099 1298.99C528.287 1299.18 528.541 1299.28 528.806 1299.28H532.805C533.07 1299.28 533.324 1299.18 533.511 1298.99C533.699 1298.8 533.804 1298.55 533.804 1298.28C533.804 1298.02 533.699 1297.77 533.511 1297.58C533.324 1297.39 533.07 1297.29 532.805 1297.29H528.806Z" fill="#B9B9B9"/>
<path d="M560.875 1299.8H559.412V1287.44H560.875V1299.8ZM558.373 1299.2H556.937V1295.3H555.317C555.089 1295.91 554.775 1296.38 554.374 1296.71C553.977 1297.04 553.519 1297.2 553 1297.2C552.466 1297.2 551.997 1297.03 551.591 1296.67C551.19 1296.31 550.88 1295.8 550.662 1295.13C550.443 1294.46 550.333 1293.68 550.333 1292.78C550.333 1291.89 550.443 1291.11 550.662 1290.45C550.88 1289.78 551.19 1289.27 551.591 1288.91C551.997 1288.56 552.466 1288.38 553 1288.38C553.519 1288.38 553.977 1288.54 554.374 1288.87C554.77 1289.2 555.084 1289.66 555.317 1290.27H556.937V1287.66H558.373V1299.2ZM553 1289.82C552.594 1289.81 552.279 1290.06 552.056 1290.58C551.833 1291.09 551.723 1291.83 551.728 1292.78C551.723 1293.74 551.833 1294.48 552.056 1294.99C552.279 1295.51 552.594 1295.76 553 1295.75C553.273 1295.75 553.508 1295.64 553.704 1295.42C553.904 1295.19 554.057 1294.85 554.162 1294.4C554.271 1293.96 554.326 1293.42 554.326 1292.78C554.326 1292.15 554.271 1291.61 554.162 1291.16C554.057 1290.72 553.904 1290.38 553.704 1290.15C553.508 1289.92 553.273 1289.81 553 1289.82ZM555.625 1291.5C555.688 1291.91 555.72 1292.34 555.72 1292.78C555.72 1293.2 555.691 1293.63 555.631 1294.05H556.937V1291.5H555.625ZM573.74 1290.39H572.058V1291.81H573.74V1293.08H572.058V1294.74H570.541V1287.44H572.058V1289.16H573.74V1290.39ZM572.058 1299.8H570.541V1296.5H563.828V1295.27H572.058V1299.8ZM565.783 1288.15C566.407 1288.14 566.972 1288.27 567.478 1288.52C567.984 1288.78 568.383 1289.13 568.674 1289.58C568.966 1290.04 569.114 1290.55 569.119 1291.12C569.114 1291.69 568.966 1292.21 568.674 1292.67C568.387 1293.12 567.991 1293.47 567.485 1293.73C566.979 1293.98 566.412 1294.11 565.783 1294.11C565.149 1294.11 564.577 1293.98 564.067 1293.73C563.561 1293.47 563.162 1293.12 562.871 1292.67C562.583 1292.21 562.442 1291.69 562.447 1291.12C562.442 1290.55 562.583 1290.04 562.871 1289.58C563.162 1289.13 563.563 1288.78 564.074 1288.52C564.584 1288.27 565.154 1288.14 565.783 1288.15ZM565.783 1289.43C565.427 1289.44 565.108 1289.51 564.826 1289.65C564.543 1289.79 564.322 1289.99 564.163 1290.24C564.008 1290.49 563.932 1290.78 563.937 1291.12C563.932 1291.46 564.008 1291.76 564.163 1292.02C564.322 1292.28 564.543 1292.48 564.826 1292.61C565.108 1292.75 565.427 1292.82 565.783 1292.81C566.134 1292.82 566.448 1292.75 566.726 1292.61C567.009 1292.48 567.23 1292.28 567.389 1292.02C567.549 1291.76 567.628 1291.46 567.628 1291.12C567.628 1290.78 567.549 1290.49 567.389 1290.24C567.23 1289.99 567.009 1289.79 566.726 1289.65C566.448 1289.51 566.134 1289.44 565.783 1289.43ZM588.082 1293.77H586.564V1290.64H584.103V1289.42H586.564V1287.44H588.082V1293.77ZM588.082 1297.5H581.451V1298.44H588.478V1299.65H579.96V1296.37H586.578V1295.49H579.947V1294.3H588.082V1297.5ZM582.216 1288.83C582.216 1289.35 582.328 1289.84 582.551 1290.31C582.775 1290.78 583.105 1291.19 583.542 1291.56C583.98 1291.92 584.509 1292.2 585.128 1292.39L584.322 1293.56C583.661 1293.34 583.089 1293.02 582.606 1292.61C582.123 1292.19 581.745 1291.69 581.471 1291.12C581.193 1291.76 580.799 1292.32 580.289 1292.79C579.783 1293.25 579.172 1293.6 578.457 1293.84L577.664 1292.62C578.311 1292.42 578.86 1292.14 579.311 1291.76C579.767 1291.38 580.109 1290.93 580.336 1290.43C580.569 1289.93 580.685 1289.4 580.685 1288.83V1287.85H582.216V1288.83ZM600.181 1294.78H598.664V1291.76H596.558V1290.51H598.664V1287.44H600.181V1294.78ZM595.998 1295.09C596.868 1295.09 597.62 1295.19 598.253 1295.37C598.891 1295.56 599.379 1295.83 599.716 1296.18C600.054 1296.53 600.222 1296.95 600.222 1297.45C600.222 1297.94 600.054 1298.36 599.716 1298.71C599.379 1299.07 598.891 1299.33 598.253 1299.52C597.62 1299.7 596.868 1299.8 595.998 1299.8C595.132 1299.8 594.382 1299.7 593.749 1299.52C593.115 1299.33 592.63 1299.07 592.292 1298.71C591.96 1298.36 591.796 1297.94 591.8 1297.45C591.796 1296.95 591.96 1296.53 592.292 1296.18C592.63 1295.83 593.115 1295.56 593.749 1295.37C594.382 1295.19 595.132 1295.09 595.998 1295.09ZM595.998 1296.26C595.132 1296.26 594.466 1296.36 594.001 1296.56C593.537 1296.76 593.304 1297.06 593.304 1297.45C593.304 1297.83 593.537 1298.12 594.001 1298.32C594.466 1298.52 595.132 1298.62 595.998 1298.62C596.863 1298.62 597.531 1298.52 598 1298.32C598.47 1298.12 598.705 1297.83 598.705 1297.45C598.705 1297.06 598.47 1296.76 598 1296.56C597.531 1296.36 596.863 1296.26 595.998 1296.26ZM594.371 1289.56C594.371 1290.07 594.482 1290.56 594.706 1291.05C594.929 1291.53 595.259 1291.96 595.697 1292.34C596.134 1292.72 596.663 1293.01 597.283 1293.22L596.517 1294.42C595.847 1294.2 595.266 1293.86 594.774 1293.42C594.286 1292.97 593.903 1292.45 593.625 1291.86C593.347 1292.53 592.951 1293.12 592.436 1293.62C591.921 1294.11 591.304 1294.49 590.583 1294.75L589.791 1293.55C590.433 1293.33 590.982 1293.01 591.438 1292.6C591.894 1292.18 592.238 1291.71 592.47 1291.18C592.707 1290.66 592.826 1290.12 592.826 1289.57V1289.47H590.255V1288.24H596.927V1289.47H594.371V1289.56Z" fill="#404040"/>
<path d="M517.425 1345.39H515.894V1336.46H517.425V1345.39ZM517.767 1348.56H509.25V1344.49H510.781V1347.33H517.767V1348.56ZM510.685 1337.27C511.305 1337.27 511.868 1337.4 512.374 1337.67C512.879 1337.94 513.278 1338.3 513.57 1338.77C513.861 1339.24 514.007 1339.77 514.007 1340.36C514.007 1340.96 513.861 1341.49 513.57 1341.97C513.278 1342.44 512.879 1342.8 512.374 1343.07C511.868 1343.33 511.305 1343.46 510.685 1343.46C510.061 1343.46 509.493 1343.33 508.983 1343.07C508.477 1342.8 508.078 1342.44 507.787 1341.97C507.495 1341.49 507.349 1340.96 507.349 1340.36C507.349 1339.77 507.495 1339.24 507.787 1338.77C508.078 1338.3 508.477 1337.94 508.983 1337.67C509.493 1337.4 510.061 1337.27 510.685 1337.27ZM510.685 1338.6C510.334 1338.6 510.017 1338.67 509.735 1338.81C509.452 1338.96 509.231 1339.17 509.072 1339.44C508.912 1339.71 508.835 1340.01 508.839 1340.36C508.835 1340.71 508.912 1341.03 509.072 1341.3C509.231 1341.56 509.452 1341.77 509.735 1341.92C510.017 1342.06 510.334 1342.14 510.685 1342.14C511.027 1342.14 511.337 1342.06 511.615 1341.92C511.893 1341.77 512.111 1341.56 512.271 1341.3C512.435 1341.03 512.517 1340.71 512.517 1340.36C512.517 1340.01 512.435 1339.71 512.271 1339.44C512.111 1339.17 511.893 1338.96 511.615 1338.81C511.337 1338.67 511.027 1338.6 510.685 1338.6ZM529.593 1345.81H528.062V1344.73H525.642V1343.67H528.062V1336.46H529.593V1345.81ZM529.88 1348.56H520.816V1344.91H522.333V1347.33H529.88V1348.56ZM519.175 1342.01C520.779 1342 522.22 1341.98 523.496 1341.93C524.772 1341.89 525.988 1341.79 527.146 1341.64L527.228 1342.74C526.239 1342.9 525.2 1343.02 524.111 1343.09V1345.47H522.593V1343.18C521.714 1343.21 520.638 1343.23 519.367 1343.23L519.175 1342.01ZM523.208 1336.91C523.806 1336.91 524.334 1337.01 524.794 1337.19C525.259 1337.38 525.622 1337.63 525.881 1337.97C526.146 1338.29 526.28 1338.67 526.285 1339.1C526.28 1339.54 526.148 1339.92 525.888 1340.25C525.628 1340.58 525.266 1340.83 524.801 1341.01C524.336 1341.19 523.806 1341.28 523.208 1341.28C522.602 1341.28 522.065 1341.19 521.595 1341.01C521.13 1340.83 520.768 1340.58 520.508 1340.25C520.249 1339.92 520.119 1339.54 520.119 1339.1C520.119 1338.67 520.249 1338.29 520.508 1337.97C520.768 1337.63 521.13 1337.38 521.595 1337.19C522.065 1337.01 522.602 1336.91 523.208 1336.91ZM523.208 1338.04C522.712 1338.04 522.311 1338.13 522.005 1338.32C521.705 1338.51 521.554 1338.77 521.554 1339.1C521.554 1339.43 521.705 1339.7 522.005 1339.89C522.311 1340.07 522.712 1340.17 523.208 1340.17C523.687 1340.17 524.077 1340.07 524.377 1339.88C524.678 1339.69 524.831 1339.43 524.835 1339.1C524.831 1338.77 524.678 1338.51 524.377 1338.32C524.077 1338.13 523.687 1338.04 523.208 1338.04ZM545.001 1342.78H543.484V1339.65H541.023V1338.43H543.484V1336.45H545.001V1342.78ZM545.001 1346.51H538.371V1347.46H545.398V1348.66H536.88V1345.38H543.498V1344.5H536.867V1343.31H545.001V1346.51ZM539.136 1337.84C539.136 1338.36 539.248 1338.85 539.471 1339.32C539.694 1339.79 540.025 1340.21 540.462 1340.57C540.9 1340.93 541.429 1341.21 542.048 1341.4L541.242 1342.57C540.581 1342.35 540.009 1342.03 539.526 1341.62C539.043 1341.2 538.665 1340.7 538.391 1340.13C538.113 1340.78 537.719 1341.33 537.208 1341.8C536.703 1342.27 536.092 1342.62 535.376 1342.85L534.583 1341.63C535.231 1341.43 535.78 1341.15 536.231 1340.77C536.687 1340.39 537.028 1339.94 537.256 1339.44C537.489 1338.94 537.605 1338.41 537.605 1337.84V1336.86H539.136V1337.84ZM557.101 1343.79H555.583V1340.77H553.478V1339.53H555.583V1336.45H557.101V1343.79ZM552.917 1344.11C553.788 1344.11 554.54 1344.2 555.173 1344.39C555.811 1344.57 556.299 1344.84 556.636 1345.19C556.973 1345.54 557.142 1345.96 557.142 1346.46C557.142 1346.95 556.973 1347.37 556.636 1347.72C556.299 1348.08 555.811 1348.35 555.173 1348.53C554.54 1348.72 553.788 1348.81 552.917 1348.81C552.052 1348.81 551.302 1348.72 550.668 1348.53C550.035 1348.35 549.55 1348.08 549.212 1347.72C548.88 1347.37 548.716 1346.95 548.72 1346.46C548.716 1345.96 548.88 1345.54 549.212 1345.19C549.55 1344.84 550.035 1344.57 550.668 1344.39C551.302 1344.2 552.052 1344.11 552.917 1344.11ZM552.917 1345.27C552.052 1345.27 551.386 1345.37 550.921 1345.58C550.457 1345.78 550.224 1346.07 550.224 1346.46C550.224 1346.84 550.457 1347.13 550.921 1347.33C551.386 1347.53 552.052 1347.63 552.917 1347.63C553.783 1347.63 554.451 1347.53 554.92 1347.33C555.39 1347.13 555.625 1346.84 555.625 1346.46C555.625 1346.07 555.39 1345.78 554.92 1345.58C554.451 1345.37 553.783 1345.27 552.917 1345.27ZM551.291 1338.57C551.291 1339.08 551.402 1339.58 551.625 1340.06C551.849 1340.54 552.179 1340.97 552.617 1341.35C553.054 1341.73 553.583 1342.02 554.203 1342.23L553.437 1343.44C552.767 1343.21 552.186 1342.87 551.694 1342.43C551.206 1341.98 550.823 1341.46 550.545 1340.87C550.267 1341.54 549.871 1342.13 549.356 1342.63C548.841 1343.13 548.223 1343.5 547.503 1343.76L546.71 1342.56C547.353 1342.34 547.902 1342.03 548.358 1341.61C548.814 1341.19 549.158 1340.72 549.39 1340.2C549.627 1339.67 549.746 1339.13 549.746 1338.58V1338.49H547.175V1337.26H553.847V1338.49H551.291V1338.57Z" fill="#B9B9B9"/>
<path d="M517.794 1395.2H516.332V1382.84H517.794V1395.2ZM515.292 1394.6H513.857V1390.7H512.237C512.009 1391.31 511.694 1391.78 511.293 1392.12C510.897 1392.44 510.439 1392.61 509.919 1392.6C509.386 1392.61 508.917 1392.43 508.511 1392.08C508.11 1391.72 507.8 1391.2 507.582 1390.54C507.363 1389.87 507.253 1389.08 507.253 1388.19C507.253 1387.29 507.363 1386.51 507.582 1385.85C507.8 1385.18 508.11 1384.67 508.511 1384.32C508.917 1383.96 509.386 1383.78 509.919 1383.78C510.439 1383.78 510.897 1383.95 511.293 1384.28C511.69 1384.6 512.004 1385.06 512.237 1385.67H513.857V1383.06H515.292V1394.6ZM509.919 1385.22C509.514 1385.21 509.199 1385.46 508.976 1385.98C508.753 1386.49 508.643 1387.23 508.648 1388.19C508.643 1389.14 508.753 1389.88 508.976 1390.39C509.199 1390.91 509.514 1391.16 509.919 1391.15C510.193 1391.16 510.428 1391.05 510.624 1390.82C510.824 1390.59 510.977 1390.25 511.082 1389.81C511.191 1389.36 511.246 1388.82 511.246 1388.19C511.246 1387.55 511.191 1387.01 511.082 1386.57C510.977 1386.12 510.824 1385.78 510.624 1385.55C510.428 1385.33 510.193 1385.21 509.919 1385.22ZM512.544 1386.9C512.608 1387.31 512.64 1387.74 512.64 1388.19C512.64 1388.6 512.611 1389.03 512.551 1389.46H513.857V1386.9H512.544ZM530.66 1385.79H528.978V1387.21H530.66V1388.49H528.978V1390.14H527.46V1382.84H528.978V1384.56H530.66V1385.79ZM528.978 1395.2H527.46V1391.9H520.748V1390.67H528.978V1395.2ZM522.703 1383.55C523.327 1383.55 523.892 1383.67 524.398 1383.93C524.904 1384.18 525.303 1384.53 525.594 1384.99C525.886 1385.44 526.034 1385.95 526.039 1386.52C526.034 1387.1 525.886 1387.61 525.594 1388.07C525.307 1388.52 524.911 1388.87 524.405 1389.13C523.899 1389.38 523.332 1389.51 522.703 1389.51C522.069 1389.51 521.497 1389.38 520.987 1389.13C520.481 1388.87 520.082 1388.52 519.791 1388.07C519.503 1387.61 519.362 1387.1 519.367 1386.52C519.362 1385.95 519.503 1385.44 519.791 1384.99C520.082 1384.53 520.483 1384.18 520.994 1383.93C521.504 1383.67 522.074 1383.55 522.703 1383.55ZM522.703 1384.84C522.347 1384.84 522.028 1384.91 521.746 1385.05C521.463 1385.19 521.242 1385.39 521.083 1385.64C520.928 1385.89 520.852 1386.18 520.857 1386.52C520.852 1386.86 520.928 1387.16 521.083 1387.42C521.242 1387.68 521.463 1387.88 521.746 1388.01C522.028 1388.15 522.347 1388.22 522.703 1388.21C523.054 1388.22 523.368 1388.15 523.646 1388.01C523.929 1387.88 524.15 1387.68 524.309 1387.42C524.469 1387.16 524.548 1386.86 524.548 1386.52C524.548 1386.18 524.469 1385.89 524.309 1385.64C524.15 1385.39 523.929 1385.19 523.646 1385.05C523.368 1384.91 523.054 1384.84 522.703 1384.84ZM544.332 1387.67H546.164V1388.94H544.332V1395.17H542.814V1382.84H544.332V1387.67ZM541.064 1384.12C541.064 1388.18 539.191 1391.13 535.445 1392.97L534.583 1391.79C536.087 1391.05 537.247 1390.14 538.063 1389.08C538.883 1388.02 539.371 1386.79 539.526 1385.38H535.253V1384.12H541.064ZM556.746 1387.28H548.214V1383.06H549.732V1386.05H556.746V1387.28ZM558.031 1389.7H546.751V1388.47H558.031V1389.7ZM552.371 1390.59C553.259 1390.6 554.023 1390.69 554.661 1390.87C555.299 1391.05 555.789 1391.31 556.13 1391.65C556.472 1391.99 556.645 1392.4 556.65 1392.88C556.645 1393.35 556.472 1393.76 556.13 1394.1C555.789 1394.44 555.299 1394.7 554.661 1394.88C554.023 1395.06 553.259 1395.14 552.371 1395.14C551.473 1395.14 550.7 1395.06 550.053 1394.88C549.411 1394.7 548.918 1394.44 548.577 1394.1C548.235 1393.76 548.064 1393.35 548.064 1392.88C548.064 1392.4 548.235 1391.99 548.577 1391.65C548.918 1391.31 549.411 1391.05 550.053 1390.87C550.7 1390.69 551.473 1390.6 552.371 1390.59ZM552.371 1391.78C550.516 1391.79 549.595 1392.16 549.609 1392.88C549.6 1393.23 549.832 1393.5 550.306 1393.7C550.78 1393.89 551.468 1393.98 552.371 1393.98C553.25 1393.98 553.927 1393.89 554.401 1393.7C554.879 1393.5 555.123 1393.23 555.132 1392.88C555.119 1392.16 554.198 1391.79 552.371 1391.78ZM566.849 1385.81C566.845 1386.57 566.97 1387.31 567.225 1388.03C567.48 1388.75 567.849 1389.39 568.333 1389.95C568.816 1390.51 569.383 1390.93 570.035 1391.21L569.132 1392.42C568.435 1392.1 567.827 1391.63 567.307 1391.01C566.792 1390.39 566.389 1389.67 566.097 1388.84C565.806 1389.74 565.393 1390.52 564.86 1391.19C564.331 1391.86 563.7 1392.37 562.966 1392.71L562.037 1391.44C562.707 1391.15 563.288 1390.72 563.78 1390.14C564.277 1389.56 564.655 1388.89 564.915 1388.14C565.174 1387.38 565.304 1386.6 565.304 1385.81V1383.84H566.849V1385.81ZM572.455 1395.21H570.923V1382.84H572.455V1395.21ZM584.021 1386.39H585.744V1387.67H584.021V1391.75H582.476V1382.84H584.021V1386.39ZM580.658 1383.78C580.658 1384.87 580.43 1385.85 579.974 1386.73C579.518 1387.6 578.858 1388.36 577.992 1388.99C577.13 1389.62 576.087 1390.11 574.861 1390.47L574.232 1389.27C575.166 1389 575.973 1388.65 576.652 1388.23C577.335 1387.81 577.875 1387.33 578.272 1386.78C578.668 1386.24 578.91 1385.66 578.997 1385.03H574.751V1383.78H580.658ZM584.486 1394.95H576.078V1390.84H577.623V1393.72H584.486V1394.95ZM600.044 1389.17H598.527V1386.04H596.066V1384.82H598.527V1382.84H600.044V1389.17ZM600.044 1392.9H593.414V1393.85H600.441V1395.05H591.923V1391.77H598.541V1390.89H591.91V1389.7H600.044V1392.9ZM594.179 1384.23C594.179 1384.75 594.291 1385.24 594.514 1385.71C594.737 1386.18 595.068 1386.6 595.505 1386.96C595.943 1387.32 596.472 1387.6 597.091 1387.79L596.285 1388.96C595.624 1388.74 595.052 1388.42 594.569 1388.01C594.086 1387.59 593.708 1387.09 593.434 1386.52C593.156 1387.17 592.762 1387.72 592.251 1388.19C591.746 1388.66 591.135 1389.01 590.419 1389.24L589.626 1388.02C590.274 1387.83 590.823 1387.54 591.274 1387.16C591.73 1386.78 592.071 1386.34 592.299 1385.83C592.532 1385.33 592.648 1384.8 592.648 1384.23V1383.25H594.179V1384.23ZM612.144 1390.18H610.626V1387.16H608.521V1385.92H610.626V1382.84H612.144V1390.18ZM607.96 1390.5C608.831 1390.5 609.583 1390.59 610.216 1390.78C610.854 1390.96 611.342 1391.23 611.679 1391.58C612.016 1391.93 612.185 1392.36 612.185 1392.85C612.185 1393.34 612.016 1393.76 611.679 1394.11C611.342 1394.47 610.854 1394.74 610.216 1394.92C609.583 1395.11 608.831 1395.2 607.96 1395.2C607.095 1395.2 606.345 1395.11 605.711 1394.92C605.078 1394.74 604.593 1394.47 604.255 1394.11C603.923 1393.76 603.759 1393.34 603.763 1392.85C603.759 1392.36 603.923 1391.93 604.255 1391.58C604.593 1391.23 605.078 1390.96 605.711 1390.78C606.345 1390.59 607.095 1390.5 607.96 1390.5ZM607.96 1391.66C607.095 1391.66 606.429 1391.76 605.964 1391.97C605.5 1392.17 605.267 1392.46 605.267 1392.85C605.267 1393.23 605.5 1393.52 605.964 1393.72C606.429 1393.92 607.095 1394.02 607.96 1394.02C608.826 1394.02 609.494 1393.92 609.963 1393.72C610.433 1393.52 610.667 1393.23 610.667 1392.85C610.667 1392.46 610.433 1392.17 609.963 1391.97C609.494 1391.76 608.826 1391.66 607.96 1391.66ZM606.333 1384.96C606.333 1385.47 606.445 1385.97 606.668 1386.45C606.892 1386.93 607.222 1387.36 607.66 1387.74C608.097 1388.12 608.626 1388.41 609.246 1388.62L608.48 1389.83C607.81 1389.6 607.229 1389.26 606.737 1388.82C606.249 1388.37 605.866 1387.86 605.588 1387.26C605.31 1387.93 604.914 1388.52 604.399 1389.02C603.884 1389.52 603.266 1389.89 602.546 1390.15L601.753 1388.95C602.396 1388.73 602.945 1388.42 603.401 1388C603.857 1387.58 604.201 1387.11 604.433 1386.59C604.67 1386.06 604.789 1385.52 604.789 1384.97V1384.88H602.218V1383.65H608.89V1384.88H606.333V1384.96Z" fill="#B9B9B9"/>
<rect x="498.72" y="1414.56" width="193.28" height="38.39" rx="8" fill="#EEEEEE"/>
<path d="M517.794 1441.59H516.332V1429.23H517.794V1441.59ZM515.292 1440.99H513.857V1437.09H512.237C512.009 1437.7 511.694 1438.17 511.293 1438.5C510.897 1438.83 510.439 1438.99 509.919 1438.99C509.386 1438.99 508.917 1438.82 508.511 1438.46C508.11 1438.1 507.8 1437.59 507.582 1436.93C507.363 1436.26 507.253 1435.47 507.253 1434.57C507.253 1433.68 507.363 1432.9 507.582 1432.24C507.8 1431.57 508.11 1431.06 508.511 1430.71C508.917 1430.35 509.386 1430.17 509.919 1430.17C510.439 1430.17 510.897 1430.34 511.293 1430.66C511.69 1430.99 512.004 1431.45 512.237 1432.06H513.857V1429.45H515.292V1440.99ZM509.919 1431.61C509.514 1431.6 509.199 1431.85 508.976 1432.37C508.753 1432.88 508.643 1433.62 508.648 1434.57C508.643 1435.53 508.753 1436.27 508.976 1436.78C509.199 1437.3 509.514 1437.55 509.919 1437.54C510.193 1437.55 510.428 1437.43 510.624 1437.21C510.824 1436.98 510.977 1436.64 511.082 1436.19C511.191 1435.75 511.246 1435.21 511.246 1434.57C511.246 1433.94 511.191 1433.4 511.082 1432.95C510.977 1432.51 510.824 1432.17 510.624 1431.94C510.428 1431.71 510.193 1431.6 509.919 1431.61ZM512.544 1433.29C512.608 1433.7 512.64 1434.13 512.64 1434.57C512.64 1434.99 512.611 1435.42 512.551 1435.85H513.857V1433.29H512.544ZM530.66 1432.18H528.978V1433.6H530.66V1434.88H528.978V1436.53H527.46V1429.23H528.978V1430.95H530.66V1432.18ZM528.978 1441.59H527.46V1438.29H520.748V1437.06H528.978V1441.59ZM522.703 1429.94C523.327 1429.93 523.892 1430.06 524.398 1430.32C524.904 1430.57 525.303 1430.92 525.594 1431.38C525.886 1431.83 526.034 1432.34 526.039 1432.91C526.034 1433.49 525.886 1434 525.594 1434.46C525.307 1434.91 524.911 1435.26 524.405 1435.52C523.899 1435.77 523.332 1435.9 522.703 1435.9C522.069 1435.9 521.497 1435.77 520.987 1435.52C520.481 1435.26 520.082 1434.91 519.791 1434.46C519.503 1434 519.362 1433.49 519.367 1432.91C519.362 1432.34 519.503 1431.83 519.791 1431.38C520.082 1430.92 520.483 1430.57 520.994 1430.32C521.504 1430.06 522.074 1429.93 522.703 1429.94ZM522.703 1431.22C522.347 1431.23 522.028 1431.3 521.746 1431.44C521.463 1431.58 521.242 1431.78 521.083 1432.03C520.928 1432.28 520.852 1432.57 520.857 1432.91C520.852 1433.25 520.928 1433.55 521.083 1433.81C521.242 1434.07 521.463 1434.27 521.746 1434.4C522.028 1434.54 522.347 1434.61 522.703 1434.6C523.054 1434.61 523.368 1434.54 523.646 1434.4C523.929 1434.27 524.15 1434.07 524.309 1433.81C524.469 1433.55 524.548 1433.25 524.548 1432.91C524.548 1432.57 524.469 1432.28 524.309 1432.03C524.15 1431.78 523.929 1431.58 523.646 1431.44C523.368 1431.3 523.054 1431.23 522.703 1431.22ZM540.941 1438.53H535.089V1430.43H540.941V1438.53ZM536.58 1437.31H539.423V1431.62H536.58V1437.31ZM544.332 1433.97H546.232V1435.26H544.332V1441.59H542.814V1429.23H544.332V1433.97ZM556.5 1432.04H558.222V1433.29H556.5V1436.17H554.982V1429.23H556.5V1432.04ZM553.068 1429.98C553.063 1431.04 552.833 1432 552.377 1432.84C551.926 1433.69 551.268 1434.42 550.402 1435.02C549.541 1435.62 548.492 1436.08 547.257 1436.41L546.656 1435.19C548.069 1434.82 549.181 1434.3 549.992 1433.61C550.803 1432.92 551.277 1432.12 551.414 1431.21H547.244V1429.98H553.068ZM556.5 1441.42H548.501V1436.67H556.5V1441.42ZM550.019 1440.22H554.996V1437.91H550.019V1440.22ZM566.849 1432.2C566.845 1432.96 566.97 1433.7 567.225 1434.42C567.48 1435.14 567.849 1435.78 568.333 1436.34C568.816 1436.9 569.383 1437.32 570.035 1437.6L569.132 1438.81C568.435 1438.49 567.827 1438.02 567.307 1437.4C566.792 1436.78 566.389 1436.06 566.097 1435.23C565.806 1436.12 565.393 1436.91 564.86 1437.58C564.331 1438.25 563.7 1438.76 562.966 1439.1L562.037 1437.83C562.707 1437.54 563.288 1437.11 563.78 1436.53C564.277 1435.95 564.655 1435.28 564.915 1434.53C565.174 1433.77 565.304 1432.99 565.304 1432.2V1430.23H566.849V1432.2ZM572.455 1441.6H570.923V1429.23H572.455V1441.6ZM584.021 1432.78H585.744V1434.05H584.021V1438.14H582.476V1429.23H584.021V1432.78ZM580.658 1430.17C580.658 1431.26 580.43 1432.24 579.974 1433.12C579.518 1433.99 578.858 1434.75 577.992 1435.38C577.13 1436.01 576.087 1436.5 574.861 1436.86L574.232 1435.65C575.166 1435.39 575.973 1435.04 576.652 1434.62C577.335 1434.2 577.875 1433.72 578.272 1433.17C578.668 1432.63 578.91 1432.04 578.997 1431.42H574.751V1430.17H580.658ZM584.486 1441.34H576.078V1437.23H577.623V1440.11H584.486V1441.34ZM600.044 1435.56H598.527V1432.43H596.066V1431.21H598.527V1429.23H600.044V1435.56ZM600.044 1439.29H593.414V1440.23H600.441V1441.44H591.923V1438.16H598.541V1437.28H591.91V1436.09H600.044V1439.29ZM594.179 1430.62C594.179 1431.14 594.291 1431.63 594.514 1432.1C594.737 1432.57 595.068 1432.99 595.505 1433.35C595.943 1433.71 596.472 1433.99 597.091 1434.18L596.285 1435.35C595.624 1435.13 595.052 1434.81 594.569 1434.4C594.086 1433.98 593.708 1433.48 593.434 1432.91C593.156 1433.56 592.762 1434.11 592.251 1434.58C591.746 1435.05 591.135 1435.39 590.419 1435.63L589.626 1434.41C590.274 1434.21 590.823 1433.93 591.274 1433.55C591.73 1433.17 592.071 1432.72 592.299 1432.22C592.532 1431.72 592.648 1431.19 592.648 1430.62V1429.64H594.179V1430.62ZM612.144 1436.57H610.626V1433.55H608.521V1432.3H610.626V1429.23H612.144V1436.57ZM607.96 1436.88C608.831 1436.88 609.583 1436.98 610.216 1437.17C610.854 1437.35 611.342 1437.62 611.679 1437.97C612.016 1438.32 612.185 1438.74 612.185 1439.24C612.185 1439.73 612.016 1440.15 611.679 1440.5C611.342 1440.86 610.854 1441.13 610.216 1441.31C609.583 1441.49 608.831 1441.59 607.96 1441.59C607.095 1441.59 606.345 1441.49 605.711 1441.31C605.078 1441.13 604.593 1440.86 604.255 1440.5C603.923 1440.15 603.759 1439.73 603.763 1439.24C603.759 1438.74 603.923 1438.32 604.255 1437.97C604.593 1437.62 605.078 1437.35 605.711 1437.17C606.345 1436.98 607.095 1436.88 607.96 1436.88ZM607.96 1438.05C607.095 1438.05 606.429 1438.15 605.964 1438.35C605.5 1438.56 605.267 1438.85 605.267 1439.24C605.267 1439.62 605.5 1439.91 605.964 1440.11C606.429 1440.31 607.095 1440.41 607.96 1440.41C608.826 1440.41 609.494 1440.31 609.963 1440.11C610.433 1439.91 610.667 1439.62 610.667 1439.24C610.667 1438.85 610.433 1438.56 609.963 1438.35C609.494 1438.15 608.826 1438.05 607.96 1438.05ZM606.333 1431.35C606.333 1431.86 606.445 1432.35 606.668 1432.84C606.892 1433.32 607.222 1433.75 607.66 1434.13C608.097 1434.51 608.626 1434.8 609.246 1435.01L608.48 1436.21C607.81 1435.99 607.229 1435.65 606.737 1435.21C606.249 1434.76 605.866 1434.24 605.588 1433.65C605.31 1434.32 604.914 1434.91 604.399 1435.41C603.884 1435.9 603.266 1436.28 602.546 1436.54L601.753 1435.34C602.396 1435.12 602.945 1434.8 603.401 1434.39C603.857 1433.97 604.201 1433.5 604.433 1432.97C604.67 1432.45 604.789 1431.91 604.789 1431.36V1431.27H602.218V1430.04H608.89V1431.27H606.333V1431.35Z" fill="#B9B9B9"/>
<path d="M517.425 1484.56H515.894V1475.63H517.425V1484.56ZM517.767 1487.73H509.25V1483.66H510.781V1486.5H517.767V1487.73ZM510.685 1476.44C511.305 1476.44 511.868 1476.57 512.374 1476.84C512.879 1477.11 513.278 1477.47 513.57 1477.94C513.861 1478.41 514.007 1478.94 514.007 1479.53C514.007 1480.13 513.861 1480.66 513.57 1481.14C513.278 1481.61 512.879 1481.97 512.374 1482.24C511.868 1482.5 511.305 1482.63 510.685 1482.63C510.061 1482.63 509.493 1482.5 508.983 1482.24C508.477 1481.97 508.078 1481.61 507.787 1481.14C507.495 1480.66 507.349 1480.13 507.349 1479.53C507.349 1478.94 507.495 1478.41 507.787 1477.94C508.078 1477.47 508.477 1477.11 508.983 1476.84C509.493 1476.57 510.061 1476.44 510.685 1476.44ZM510.685 1477.77C510.334 1477.77 510.017 1477.84 509.735 1477.98C509.452 1478.13 509.231 1478.34 509.072 1478.61C508.912 1478.88 508.835 1479.18 508.839 1479.53C508.835 1479.88 508.912 1480.2 509.072 1480.47C509.231 1480.73 509.452 1480.94 509.735 1481.09C510.017 1481.23 510.334 1481.31 510.685 1481.31C511.027 1481.31 511.337 1481.23 511.615 1481.09C511.893 1480.94 512.111 1480.73 512.271 1480.47C512.435 1480.2 512.517 1479.88 512.517 1479.53C512.517 1479.18 512.435 1478.88 512.271 1478.61C512.111 1478.34 511.893 1478.13 511.615 1477.98C511.337 1477.84 511.027 1477.77 510.685 1477.77ZM529.593 1484.98H528.062V1483.9H525.642V1482.84H528.062V1475.63H529.593V1484.98ZM529.88 1487.73H520.816V1484.08H522.333V1486.5H529.88V1487.73ZM519.175 1481.18C520.779 1481.17 522.22 1481.15 523.496 1481.1C524.772 1481.06 525.988 1480.96 527.146 1480.81L527.228 1481.91C526.239 1482.07 525.2 1482.19 524.111 1482.26V1484.64H522.593V1482.35C521.714 1482.38 520.638 1482.4 519.367 1482.4L519.175 1481.18ZM523.208 1476.08C523.806 1476.08 524.334 1476.18 524.794 1476.36C525.259 1476.55 525.622 1476.8 525.881 1477.14C526.146 1477.46 526.28 1477.84 526.285 1478.27C526.28 1478.71 526.148 1479.09 525.888 1479.42C525.628 1479.75 525.266 1480 524.801 1480.18C524.336 1480.36 523.806 1480.45 523.208 1480.45C522.602 1480.45 522.065 1480.36 521.595 1480.18C521.13 1480 520.768 1479.75 520.508 1479.42C520.249 1479.09 520.119 1478.71 520.119 1478.27C520.119 1477.84 520.249 1477.46 520.508 1477.14C520.768 1476.8 521.13 1476.55 521.595 1476.36C522.065 1476.18 522.602 1476.08 523.208 1476.08ZM523.208 1477.21C522.712 1477.21 522.311 1477.3 522.005 1477.49C521.705 1477.68 521.554 1477.94 521.554 1478.27C521.554 1478.6 521.705 1478.87 522.005 1479.06C522.311 1479.24 522.712 1479.34 523.208 1479.34C523.687 1479.34 524.077 1479.24 524.377 1479.05C524.678 1478.86 524.831 1478.6 524.835 1478.27C524.831 1477.94 524.678 1477.68 524.377 1477.49C524.077 1477.3 523.687 1477.21 523.208 1477.21ZM541.187 1484.97H535.308V1476.78H541.187V1484.97ZM536.812 1483.75H539.71V1477.97H536.812V1483.75ZM544.933 1487.99H543.402V1475.62H544.933V1487.99ZM552.767 1477.51H548.734V1480.25C549.891 1480.24 550.848 1480.21 551.605 1480.16C552.361 1480.1 553.113 1479.99 553.861 1479.84L554.025 1481.02C553.255 1481.2 552.459 1481.31 551.639 1481.37C550.823 1481.42 549.686 1481.44 548.228 1481.44H547.23V1476.29H552.767V1477.51ZM556.5 1478.05H558.222V1479.3H556.5V1481.8H554.982V1475.62H556.5V1478.05ZM556.5 1485.61H549.937V1486.6H556.882V1487.83H548.433V1484.46H554.982V1483.55H548.419V1482.33H556.5V1485.61ZM566.849 1478.59C566.845 1479.35 566.97 1480.09 567.225 1480.81C567.48 1481.53 567.849 1482.17 568.333 1482.73C568.816 1483.29 569.383 1483.71 570.035 1483.99L569.132 1485.2C568.435 1484.88 567.827 1484.41 567.307 1483.79C566.792 1483.17 566.389 1482.45 566.097 1481.62C565.806 1482.51 565.393 1483.3 564.86 1483.97C564.331 1484.64 563.7 1485.15 562.966 1485.49L562.037 1484.22C562.707 1483.93 563.288 1483.5 563.78 1482.92C564.277 1482.34 564.655 1481.67 564.915 1480.92C565.174 1480.16 565.304 1479.38 565.304 1478.59V1476.62H566.849V1478.59ZM572.455 1487.99H570.923V1475.62H572.455V1487.99ZM582.025 1479.13C582.025 1479.78 582.148 1480.43 582.394 1481.09C582.645 1481.74 583.002 1482.34 583.467 1482.88C583.937 1483.42 584.486 1483.83 585.115 1484.12L584.267 1485.33C583.588 1485.01 582.993 1484.54 582.483 1483.92C581.972 1483.31 581.574 1482.6 581.287 1481.8C581 1482.67 580.592 1483.44 580.063 1484.12C579.534 1484.79 578.921 1485.29 578.224 1485.63L577.335 1484.44C577.969 1484.14 578.525 1483.7 579.003 1483.13C579.486 1482.56 579.856 1481.93 580.111 1481.22C580.371 1480.52 580.503 1479.83 580.507 1479.13V1478.09H577.814V1476.84H584.609V1478.09H582.025V1479.13ZM587.275 1480.43H589.175V1481.7H587.275V1487.98H585.757V1475.62H587.275V1480.43ZM600.974 1482.76H589.695V1481.54H594.589V1480.36H591.076V1476.18H599.607V1477.37H592.593V1479.16H599.675V1480.36H596.08V1481.54H600.974V1482.76ZM595.314 1483.47C596.203 1483.47 596.966 1483.56 597.604 1483.73C598.242 1483.91 598.732 1484.16 599.074 1484.5C599.416 1484.84 599.589 1485.24 599.593 1485.72C599.589 1486.2 599.416 1486.6 599.074 1486.94C598.732 1487.28 598.24 1487.53 597.597 1487.71C596.959 1487.89 596.198 1487.98 595.314 1487.98C594.421 1487.98 593.651 1487.89 593.003 1487.71C592.356 1487.53 591.862 1487.28 591.52 1486.94C591.178 1486.6 591.007 1486.2 591.007 1485.72C591.007 1485.24 591.178 1484.84 591.52 1484.5C591.862 1484.16 592.354 1483.91 592.997 1483.73C593.644 1483.56 594.416 1483.47 595.314 1483.47ZM595.314 1484.63C594.412 1484.63 593.723 1484.72 593.25 1484.91C592.78 1485.1 592.548 1485.37 592.552 1485.72C592.548 1486.08 592.78 1486.35 593.25 1486.53C593.719 1486.71 594.407 1486.8 595.314 1486.8C596.203 1486.8 596.884 1486.71 597.358 1486.53C597.832 1486.35 598.071 1486.08 598.076 1485.72C598.071 1485.37 597.83 1485.1 597.351 1484.91C596.877 1484.72 596.198 1484.63 595.314 1484.63ZM612.541 1478.11H609.984C609.993 1478.47 610.107 1478.81 610.326 1479.13C610.549 1479.44 610.87 1479.72 611.29 1479.95C611.713 1480.19 612.222 1480.37 612.814 1480.49L612.212 1481.66C611.515 1481.52 610.916 1481.29 610.415 1480.97C609.913 1480.65 609.524 1480.27 609.246 1479.82C608.968 1480.31 608.576 1480.73 608.07 1481.08C607.564 1481.43 606.953 1481.68 606.238 1481.83L605.595 1480.65C606.197 1480.53 606.709 1480.35 607.133 1480.1C607.562 1479.84 607.885 1479.54 608.104 1479.2C608.327 1478.85 608.444 1478.49 608.453 1478.11H605.91V1476.92H608.466V1475.65H609.984V1476.92H612.541V1478.11ZM615.453 1487.96H613.949V1475.63H615.453V1487.96ZM605.13 1482.47C606.721 1482.47 608.161 1482.45 609.451 1482.41C610.745 1482.37 611.975 1482.27 613.142 1482.13L613.251 1483.22C612.29 1483.39 611.205 1483.51 609.998 1483.6V1487.6H608.466V1483.68C607.591 1483.71 606.543 1483.73 605.322 1483.73L605.13 1482.47ZM628.509 1486.45H617.216V1485.22H622.056V1482.36H623.56V1485.22H628.509V1486.45ZM623.601 1477.27C623.601 1477.89 623.792 1478.49 624.175 1479.08C624.563 1479.66 625.096 1480.16 625.775 1480.58C626.458 1481 627.224 1481.27 628.072 1481.4L627.416 1482.66C626.372 1482.46 625.442 1482.08 624.626 1481.52C623.815 1480.95 623.205 1480.26 622.794 1479.45C622.521 1479.99 622.156 1480.47 621.701 1480.92C621.245 1481.35 620.719 1481.72 620.122 1482.02C619.525 1482.32 618.884 1482.53 618.201 1482.66L617.544 1481.4C618.383 1481.27 619.139 1481 619.814 1480.58C620.493 1480.16 621.024 1479.66 621.407 1479.08C621.79 1478.49 621.983 1477.89 621.988 1477.27V1476.37H623.601V1477.27ZM633.91 1488.25H632.378L635.578 1476.4H637.095L633.91 1488.25ZM650.726 1478.11H652.449V1479.37H650.726V1481.83H649.208V1475.62H650.726V1478.11ZM650.726 1485.6H644.164V1486.62H651.109V1487.83H642.66V1484.49H649.208V1483.54H642.646V1482.36H650.726V1485.6ZM644.396 1476.03C645.02 1476.03 645.581 1476.15 646.078 1476.38C646.574 1476.62 646.964 1476.95 647.247 1477.37C647.529 1477.79 647.673 1478.27 647.677 1478.8C647.673 1479.33 647.529 1479.81 647.247 1480.23C646.964 1480.65 646.572 1480.98 646.071 1481.22C645.574 1481.45 645.016 1481.57 644.396 1481.57C643.772 1481.57 643.209 1481.45 642.708 1481.21C642.211 1480.97 641.819 1480.65 641.532 1480.23C641.249 1479.81 641.11 1479.33 641.115 1478.8C641.11 1478.27 641.249 1477.79 641.532 1477.37C641.814 1476.95 642.206 1476.62 642.708 1476.38C643.209 1476.15 643.772 1476.03 644.396 1476.03ZM644.396 1477.26C644.05 1477.26 643.74 1477.32 643.466 1477.45C643.193 1477.58 642.979 1477.76 642.824 1477.99C642.673 1478.22 642.6 1478.49 642.605 1478.8C642.6 1479.11 642.673 1479.38 642.824 1479.62C642.979 1479.86 643.193 1480.04 643.466 1480.17C643.74 1480.3 644.05 1480.36 644.396 1480.36C644.738 1480.36 645.045 1480.3 645.319 1480.17C645.597 1480.04 645.813 1479.86 645.968 1479.62C646.123 1479.38 646.201 1479.11 646.201 1478.8C646.201 1478.49 646.123 1478.22 645.968 1477.99C645.813 1477.76 645.599 1477.58 645.326 1477.45C645.052 1477.32 644.742 1477.26 644.396 1477.26ZM663.373 1482.96H661.841V1475.63H663.373V1482.96ZM659.408 1479.94H655.224V1481.22C656.386 1481.22 657.366 1481.19 658.164 1481.15C658.966 1481.1 659.781 1481.01 660.611 1480.87L660.802 1482.1C659.882 1482.25 658.975 1482.34 658.082 1482.39C657.193 1482.44 656.095 1482.47 654.787 1482.47H653.734V1478.78H657.904V1477.56H653.707V1476.36H659.408V1479.94ZM663.373 1487.83H655.169V1483.54H663.373V1487.83ZM656.673 1486.6H661.882V1484.75H656.673V1486.6Z" fill="#B9B9B9"/>
<path d="M517.794 1534.38H516.332V1522.02H517.794V1534.38ZM515.292 1533.78H513.857V1529.88H512.237C512.009 1530.49 511.694 1530.96 511.293 1531.3C510.897 1531.62 510.439 1531.79 509.919 1531.78C509.386 1531.79 508.917 1531.61 508.511 1531.25C508.11 1530.89 507.8 1530.38 507.582 1529.72C507.363 1529.05 507.253 1528.26 507.253 1527.37C507.253 1526.47 507.363 1525.69 507.582 1525.03C507.8 1524.36 508.11 1523.85 508.511 1523.5C508.917 1523.14 509.386 1522.96 509.919 1522.96C510.439 1522.96 510.897 1523.13 511.293 1523.46C511.69 1523.78 512.004 1524.24 512.237 1524.85H513.857V1522.24H515.292V1533.78ZM509.919 1524.4C509.514 1524.39 509.199 1524.64 508.976 1525.16C508.753 1525.67 508.643 1526.41 508.648 1527.37C508.643 1528.32 508.753 1529.06 508.976 1529.57C509.199 1530.09 509.514 1530.34 509.919 1530.33C510.193 1530.34 510.428 1530.22 510.624 1530C510.824 1529.77 510.977 1529.43 511.082 1528.99C511.191 1528.54 511.246 1528 511.246 1527.37C511.246 1526.73 511.191 1526.19 511.082 1525.75C510.977 1525.3 510.824 1524.96 510.624 1524.73C510.428 1524.51 510.193 1524.39 509.919 1524.4ZM512.544 1526.08C512.608 1526.49 512.64 1526.92 512.64 1527.37C512.64 1527.78 512.611 1528.21 512.551 1528.64H513.857V1526.08H512.544ZM530.66 1524.97H528.978V1526.39H530.66V1527.67H528.978V1529.32H527.46V1522.02H528.978V1523.74H530.66V1524.97ZM528.978 1534.38H527.46V1531.08H520.748V1529.85H528.978V1534.38ZM522.703 1522.73C523.327 1522.73 523.892 1522.85 524.398 1523.11C524.904 1523.36 525.303 1523.71 525.594 1524.17C525.886 1524.62 526.034 1525.13 526.039 1525.7C526.034 1526.28 525.886 1526.79 525.594 1527.25C525.307 1527.7 524.911 1528.05 524.405 1528.31C523.899 1528.56 523.332 1528.69 522.703 1528.69C522.069 1528.69 521.497 1528.56 520.987 1528.31C520.481 1528.05 520.082 1527.7 519.791 1527.25C519.503 1526.79 519.362 1526.28 519.367 1525.7C519.362 1525.13 519.503 1524.62 519.791 1524.17C520.082 1523.71 520.483 1523.36 520.994 1523.11C521.504 1522.85 522.074 1522.73 522.703 1522.73ZM522.703 1524.02C522.347 1524.02 522.028 1524.09 521.746 1524.23C521.463 1524.37 521.242 1524.57 521.083 1524.82C520.928 1525.07 520.852 1525.36 520.857 1525.7C520.852 1526.04 520.928 1526.34 521.083 1526.6C521.242 1526.86 521.463 1527.06 521.746 1527.19C522.028 1527.33 522.347 1527.4 522.703 1527.39C523.054 1527.4 523.368 1527.33 523.646 1527.19C523.929 1527.06 524.15 1526.86 524.309 1526.6C524.469 1526.34 524.548 1526.04 524.548 1525.7C524.548 1525.36 524.469 1525.07 524.309 1524.82C524.15 1524.57 523.929 1524.37 523.646 1524.23C523.368 1524.09 523.054 1524.02 522.703 1524.02ZM539.341 1524.17C539.341 1524.69 539.458 1525.19 539.69 1525.67C539.927 1526.15 540.271 1526.58 540.722 1526.96C541.178 1527.34 541.725 1527.63 542.363 1527.83L541.583 1529.01C540.895 1528.79 540.298 1528.46 539.792 1528.01C539.287 1527.57 538.89 1527.05 538.603 1526.45C538.316 1527.1 537.91 1527.67 537.386 1528.15C536.867 1528.63 536.247 1529 535.527 1529.24L534.748 1528.06C535.39 1527.84 535.939 1527.53 536.395 1527.13C536.855 1526.73 537.204 1526.27 537.441 1525.76C537.682 1525.24 537.806 1524.71 537.81 1524.17V1524.02H535.144V1522.8H541.939V1524.02H539.341V1524.17ZM544.947 1529.47H543.416V1522.02H544.947V1529.47ZM544.947 1534.38H543.416V1531.28H536.511V1530.04H544.947V1534.38ZM557.101 1528.76H555.583V1526.12H553.451V1524.86H555.583V1522.02H557.101V1528.76ZM550.47 1530.56H555.583V1529.28H557.101V1534.23H548.953V1529.28H550.47V1530.56ZM555.583 1533V1531.75H550.47V1533H555.583ZM553.847 1523.89H551.291C551.295 1524.4 551.409 1524.89 551.632 1525.37C551.86 1525.85 552.191 1526.28 552.624 1526.66C553.061 1527.04 553.587 1527.34 554.203 1527.54L553.437 1528.72C552.763 1528.49 552.179 1528.15 551.687 1527.71C551.199 1527.26 550.817 1526.74 550.539 1526.15C550.256 1526.81 549.857 1527.39 549.342 1527.88C548.832 1528.37 548.219 1528.74 547.503 1528.98L546.724 1527.78C547.358 1527.56 547.9 1527.25 548.351 1526.85C548.807 1526.45 549.151 1526 549.383 1525.49C549.62 1524.97 549.741 1524.44 549.746 1523.89H547.175V1522.65H553.847V1523.89ZM568.585 1522.68C568.585 1523.14 568.763 1523.59 569.119 1524.04C569.479 1524.48 569.982 1524.86 570.629 1525.18C571.277 1525.49 572.013 1525.7 572.837 1525.79L572.277 1527C571.261 1526.85 570.363 1526.57 569.583 1526.13C568.804 1525.69 568.214 1525.14 567.813 1524.5C567.417 1525.15 566.826 1525.69 566.042 1526.13C565.259 1526.57 564.356 1526.85 563.335 1527L562.761 1525.79C563.591 1525.7 564.329 1525.49 564.976 1525.18C565.623 1524.86 566.125 1524.49 566.48 1524.04C566.84 1523.6 567.022 1523.15 567.027 1522.68V1522.22H568.585V1522.68ZM573.439 1528.98H562.173V1527.78H573.439V1528.98ZM567.792 1529.94C568.681 1529.93 569.444 1530.02 570.083 1530.19C570.721 1530.36 571.21 1530.61 571.552 1530.94C571.894 1531.27 572.067 1531.68 572.072 1532.15C572.067 1532.62 571.894 1533.02 571.552 1533.35C571.21 1533.69 570.721 1533.95 570.083 1534.12C569.444 1534.29 568.681 1534.38 567.792 1534.38C566.895 1534.38 566.122 1534.29 565.475 1534.12C564.833 1533.95 564.34 1533.69 563.999 1533.35C563.657 1533.02 563.486 1532.62 563.486 1532.15C563.486 1531.68 563.657 1531.27 563.999 1530.94C564.34 1530.61 564.833 1530.36 565.475 1530.19C566.122 1530.02 566.895 1529.93 567.792 1529.94ZM567.792 1531.08C566.886 1531.08 566.197 1531.18 565.728 1531.36C565.259 1531.54 565.026 1531.8 565.031 1532.15C565.026 1532.5 565.256 1532.77 565.721 1532.94C566.191 1533.12 566.881 1533.2 567.792 1533.2C568.686 1533.2 569.367 1533.12 569.836 1532.94C570.31 1532.77 570.55 1532.5 570.554 1532.15C570.55 1531.8 570.31 1531.54 569.836 1531.36C569.362 1531.18 568.681 1531.08 567.792 1531.08ZM584.568 1530.96H583.037V1522.03H584.568V1530.96ZM584.91 1534.13H576.392V1530.06H577.923V1532.9H584.91V1534.13ZM577.828 1522.84C578.447 1522.84 579.01 1522.97 579.516 1523.24C580.022 1523.51 580.421 1523.87 580.712 1524.34C581.004 1524.81 581.15 1525.34 581.15 1525.93C581.15 1526.53 581.004 1527.06 580.712 1527.54C580.421 1528.01 580.022 1528.37 579.516 1528.64C579.01 1528.9 578.447 1529.03 577.828 1529.03C577.203 1529.03 576.636 1528.9 576.125 1528.64C575.62 1528.37 575.221 1528.01 574.929 1527.54C574.638 1527.06 574.492 1526.53 574.492 1525.93C574.492 1525.34 574.638 1524.81 574.929 1524.34C575.221 1523.87 575.62 1523.51 576.125 1523.24C576.636 1522.97 577.203 1522.84 577.828 1522.84ZM577.828 1524.17C577.477 1524.17 577.16 1524.24 576.877 1524.38C576.595 1524.53 576.374 1524.74 576.214 1525.01C576.055 1525.28 575.977 1525.58 575.982 1525.93C575.977 1526.29 576.055 1526.6 576.214 1526.87C576.374 1527.14 576.595 1527.34 576.877 1527.49C577.16 1527.63 577.477 1527.71 577.828 1527.71C578.169 1527.71 578.479 1527.63 578.757 1527.49C579.035 1527.34 579.254 1527.14 579.414 1526.87C579.578 1526.6 579.66 1526.29 579.66 1525.93C579.66 1525.58 579.578 1525.28 579.414 1525.01C579.254 1524.74 579.035 1524.53 578.757 1524.38C578.479 1524.24 578.169 1524.17 577.828 1524.17Z" fill="#B9B9B9"/>
<path d="M513.57 1569.44C513.57 1569.96 513.752 1570.46 514.117 1570.95C514.486 1571.45 515.001 1571.87 515.662 1572.22C516.327 1572.57 517.088 1572.8 517.945 1572.91L517.343 1574.14C516.304 1573.98 515.384 1573.66 514.582 1573.18C513.779 1572.69 513.176 1572.1 512.77 1571.4C512.364 1572.1 511.763 1572.69 510.965 1573.18C510.168 1573.66 509.254 1573.98 508.224 1574.14L507.623 1572.91C508.47 1572.8 509.224 1572.57 509.885 1572.22C510.546 1571.87 511.059 1571.45 511.423 1570.95C511.788 1570.46 511.97 1569.96 511.97 1569.44V1568.81H513.57V1569.44ZM518.396 1576.46H513.488V1580.77H511.984V1576.46H507.13V1575.21H518.396V1576.46ZM522.662 1568.96C523.19 1568.95 523.676 1569.05 524.118 1569.24C524.56 1569.42 524.929 1569.69 525.225 1570.04C525.526 1570.38 525.726 1570.78 525.827 1571.23H528.062V1568.41H529.58V1575.04H528.062V1572.46H525.84C525.74 1572.92 525.54 1573.32 525.239 1573.67C524.943 1574.02 524.571 1574.3 524.125 1574.49C523.678 1574.69 523.19 1574.78 522.662 1574.78C522.037 1574.78 521.477 1574.66 520.98 1574.41C520.483 1574.15 520.094 1573.81 519.811 1573.37C519.533 1572.92 519.394 1572.42 519.394 1571.86C519.394 1571.3 519.533 1570.8 519.811 1570.36C520.094 1569.92 520.483 1569.57 520.98 1569.33C521.477 1569.08 522.037 1568.95 522.662 1568.96ZM522.662 1570.23C522.306 1570.23 521.992 1570.29 521.718 1570.43C521.445 1570.56 521.231 1570.75 521.076 1570.99C520.921 1571.24 520.843 1571.53 520.843 1571.86C520.843 1572.18 520.921 1572.47 521.076 1572.72C521.231 1572.96 521.445 1573.15 521.718 1573.29C521.996 1573.43 522.311 1573.5 522.662 1573.5C523.003 1573.5 523.309 1573.43 523.578 1573.29C523.851 1573.15 524.063 1572.96 524.213 1572.72C524.368 1572.47 524.448 1572.18 524.453 1571.86C524.448 1571.53 524.368 1571.24 524.213 1570.99C524.063 1570.75 523.853 1570.56 523.584 1570.43C523.316 1570.29 523.008 1570.23 522.662 1570.23ZM522.935 1576.93H528.062V1575.62H529.58V1580.62H521.431V1575.62H522.935V1576.93ZM528.062 1579.39V1578.1H522.935V1579.39H528.062ZM545.917 1575.31H541.023V1576.35C542.139 1576.42 543.005 1576.65 543.621 1577.02C544.236 1577.4 544.546 1577.9 544.55 1578.54C544.546 1579.01 544.373 1579.41 544.031 1579.74C543.689 1580.08 543.199 1580.33 542.561 1580.5C541.923 1580.67 541.16 1580.76 540.271 1580.76C539.373 1580.76 538.601 1580.67 537.954 1580.5C537.311 1580.33 536.819 1580.08 536.477 1579.74C536.135 1579.41 535.964 1579.01 535.964 1578.54C535.964 1577.9 536.274 1577.39 536.894 1577.02C537.514 1576.64 538.389 1576.42 539.519 1576.35V1575.31H534.652V1574.08H545.917V1575.31ZM540.271 1577.49C539.364 1577.5 538.676 1577.59 538.207 1577.77C537.737 1577.94 537.505 1578.2 537.509 1578.54C537.505 1578.88 537.737 1579.14 538.207 1579.33C538.681 1579.5 539.369 1579.59 540.271 1579.59C541.155 1579.59 541.834 1579.5 542.308 1579.33C542.787 1579.14 543.028 1578.88 543.033 1578.54C543.028 1578.2 542.789 1577.95 542.315 1577.77C541.841 1577.59 541.16 1577.5 540.271 1577.49ZM544.906 1570.17H541.344C541.426 1570.52 541.64 1570.84 541.987 1571.14C542.338 1571.44 542.803 1571.69 543.381 1571.9C543.965 1572.11 544.632 1572.25 545.384 1572.32L544.851 1573.52C543.739 1573.41 542.782 1573.14 541.98 1572.72C541.178 1572.3 540.608 1571.78 540.271 1571.15C539.934 1571.78 539.366 1572.31 538.569 1572.73C537.776 1573.15 536.826 1573.41 535.718 1573.52L535.199 1572.32C535.932 1572.25 536.586 1572.11 537.161 1571.9C537.735 1571.69 538.197 1571.44 538.548 1571.14C538.899 1570.83 539.118 1570.51 539.205 1570.17H535.677V1568.96H544.906V1570.17ZM560.738 1580.77H559.275V1568.41H560.738V1580.77ZM558.236 1580.17H556.8V1576.27H555.18C554.952 1576.88 554.638 1577.35 554.237 1577.69C553.84 1578.01 553.382 1578.18 552.863 1578.17C552.33 1578.18 551.86 1578 551.455 1577.65C551.054 1577.29 550.744 1576.77 550.525 1576.11C550.306 1575.44 550.197 1574.65 550.197 1573.76C550.197 1572.86 550.306 1572.08 550.525 1571.42C550.744 1570.75 551.054 1570.24 551.455 1569.89C551.86 1569.53 552.33 1569.35 552.863 1569.35C553.382 1569.35 553.84 1569.52 554.237 1569.85C554.633 1570.17 554.948 1570.63 555.18 1571.24H556.8V1568.63H558.236V1580.17ZM552.863 1570.79C552.457 1570.78 552.143 1571.03 551.919 1571.55C551.696 1572.06 551.587 1572.8 551.591 1573.76C551.587 1574.71 551.696 1575.45 551.919 1575.96C552.143 1576.48 552.457 1576.73 552.863 1576.72C553.136 1576.73 553.371 1576.62 553.567 1576.39C553.767 1576.16 553.92 1575.82 554.025 1575.38C554.134 1574.93 554.189 1574.39 554.189 1573.76C554.189 1573.12 554.134 1572.58 554.025 1572.14C553.92 1571.69 553.767 1571.35 553.567 1571.12C553.371 1570.9 553.136 1570.78 552.863 1570.79ZM555.488 1572.47C555.552 1572.88 555.583 1573.31 555.583 1573.76C555.583 1574.18 555.554 1574.6 555.495 1575.03H556.8V1572.47H555.488ZM573.603 1571.36H571.921V1572.79H573.603V1574.06H571.921V1575.71H570.404V1568.41H571.921V1570.13H573.603V1571.36ZM571.921 1580.77H570.404V1577.47H563.691V1576.24H571.921V1580.77ZM565.646 1569.12C566.27 1569.12 566.835 1569.24 567.341 1569.5C567.847 1569.75 568.246 1570.1 568.538 1570.56C568.829 1571.01 568.977 1571.52 568.982 1572.09C568.977 1572.67 568.829 1573.18 568.538 1573.64C568.25 1574.09 567.854 1574.44 567.348 1574.7C566.842 1574.95 566.275 1575.08 565.646 1575.08C565.013 1575.08 564.441 1574.95 563.93 1574.7C563.424 1574.44 563.026 1574.09 562.734 1573.64C562.447 1573.18 562.306 1572.67 562.31 1572.09C562.306 1571.52 562.447 1571.01 562.734 1570.56C563.026 1570.1 563.427 1569.75 563.937 1569.5C564.447 1569.24 565.017 1569.12 565.646 1569.12ZM565.646 1570.41C565.291 1570.41 564.972 1570.48 564.689 1570.62C564.406 1570.76 564.185 1570.96 564.026 1571.21C563.871 1571.46 563.796 1571.76 563.8 1572.09C563.796 1572.43 563.871 1572.73 564.026 1572.99C564.185 1573.25 564.406 1573.45 564.689 1573.58C564.972 1573.72 565.291 1573.79 565.646 1573.78C565.997 1573.79 566.311 1573.72 566.589 1573.58C566.872 1573.45 567.093 1573.25 567.252 1572.99C567.412 1572.73 567.492 1572.43 567.492 1572.09C567.492 1571.76 567.412 1571.46 567.252 1571.21C567.093 1570.96 566.872 1570.76 566.589 1570.62C566.311 1570.48 565.997 1570.41 565.646 1570.41ZM587.275 1573.24H589.107V1574.51H587.275V1580.74H585.757V1568.41H587.275V1573.24ZM584.007 1569.7C584.007 1573.75 582.134 1576.7 578.388 1578.54L577.527 1577.37C579.031 1576.62 580.191 1575.71 581.006 1574.65C581.827 1573.59 582.314 1572.36 582.469 1570.95H578.197V1569.7H584.007ZM599.689 1572.85H591.158V1568.63H592.675V1571.62H599.689V1572.85ZM600.974 1575.27H589.695V1574.04H600.974V1575.27ZM595.314 1576.16C596.203 1576.17 596.966 1576.26 597.604 1576.44C598.242 1576.62 598.732 1576.88 599.074 1577.22C599.416 1577.56 599.589 1577.97 599.593 1578.45C599.589 1578.92 599.416 1579.33 599.074 1579.67C598.732 1580.01 598.242 1580.27 597.604 1580.45C596.966 1580.63 596.203 1580.71 595.314 1580.71C594.416 1580.71 593.644 1580.63 592.997 1580.45C592.354 1580.27 591.862 1580.01 591.52 1579.67C591.178 1579.33 591.007 1578.92 591.007 1578.45C591.007 1577.97 591.178 1577.56 591.52 1577.22C591.862 1576.88 592.354 1576.62 592.997 1576.44C593.644 1576.26 594.416 1576.17 595.314 1576.16ZM595.314 1577.35C593.459 1577.37 592.539 1577.73 592.552 1578.45C592.543 1578.8 592.776 1579.07 593.25 1579.27C593.723 1579.46 594.412 1579.55 595.314 1579.55C596.194 1579.55 596.87 1579.46 597.344 1579.27C597.823 1579.07 598.067 1578.8 598.076 1578.45C598.062 1577.73 597.141 1577.37 595.314 1577.35Z" fill="#B9B9B9"/>
<path d="M514.24 1617.1H511.656C511.669 1617.56 511.79 1618 512.018 1618.42C512.246 1618.85 512.576 1619.22 513.009 1619.55C513.447 1619.88 513.971 1620.13 514.582 1620.31L513.857 1621.5C513.164 1621.29 512.567 1620.99 512.066 1620.58C511.565 1620.17 511.175 1619.68 510.897 1619.12C510.624 1619.73 510.227 1620.27 509.708 1620.72C509.193 1621.17 508.58 1621.5 507.869 1621.72L507.089 1620.53C507.714 1620.34 508.249 1620.07 508.696 1619.73C509.142 1619.38 509.484 1618.98 509.721 1618.53C509.958 1618.08 510.088 1617.6 510.111 1617.1H507.513V1615.85H514.24V1617.1ZM511.642 1623.4C512.745 1623.35 513.738 1623.26 514.623 1623.14L514.732 1624.23C513.975 1624.37 513.187 1624.48 512.367 1624.55C511.546 1624.62 510.783 1624.67 510.077 1624.69C509.37 1624.71 508.529 1624.72 507.554 1624.72H507.185L506.98 1623.48C508.324 1623.48 509.373 1623.47 510.125 1623.45V1621.2H511.642V1623.4ZM518.642 1621.03H516.851V1627.16H515.333V1614.8H516.851V1619.76H518.642V1621.03ZM523.714 1616.75C523.714 1617.29 523.826 1617.81 524.049 1618.3C524.273 1618.79 524.601 1619.22 525.034 1619.6C525.471 1619.98 525.998 1620.27 526.613 1620.47L525.792 1621.69C525.136 1621.46 524.569 1621.12 524.09 1620.67C523.612 1620.22 523.238 1619.7 522.969 1619.09C522.691 1619.75 522.299 1620.33 521.793 1620.81C521.292 1621.3 520.693 1621.67 519.996 1621.92L519.175 1620.71C519.827 1620.49 520.378 1620.17 520.83 1619.77C521.281 1619.36 521.618 1618.89 521.841 1618.35C522.069 1617.82 522.183 1617.26 522.183 1616.66V1615.44H523.714V1616.75ZM529.58 1627.16H528.062V1623.95H521.158V1622.74H529.58V1627.16ZM529.58 1622.14H528.062V1618.45H525.601V1617.21H528.062V1614.8H529.58V1622.14ZM541.556 1616.45V1616.62C541.547 1617.25 541.524 1617.82 541.488 1618.34C541.451 1618.86 541.374 1619.44 541.255 1620.09L539.751 1619.95C539.861 1619.38 539.936 1618.86 539.977 1618.39C540.018 1617.93 540.045 1617.45 540.059 1616.97H535.253V1615.71H541.556V1616.45ZM538.439 1621C539.902 1620.94 541.164 1620.83 542.226 1620.68L542.308 1621.77C541.169 1621.98 539.979 1622.11 538.74 1622.18C537.505 1622.25 536.142 1622.28 534.652 1622.29L534.515 1621.07H534.761C535.117 1621.07 535.477 1621.07 535.841 1621.06C536.206 1621.06 536.57 1621.05 536.935 1621.05V1618.53H538.439V1621ZM544.509 1618.65H546.109V1619.93H544.509V1624.05H542.951V1614.8H544.509V1618.65ZM544.906 1626.91H536.361V1623.23H537.892V1625.68H544.906V1626.91ZM557.046 1627.17H555.542V1614.8H557.046V1627.17ZM553.246 1620.51H548.994V1623C550.037 1622.99 550.994 1622.96 551.865 1622.89C552.74 1622.83 553.633 1622.72 554.544 1622.56L554.681 1623.81C553.701 1623.98 552.737 1624.1 551.79 1624.16C550.842 1624.22 549.75 1624.25 548.515 1624.25H547.435V1619.31H551.701V1617.11H547.421V1615.88H553.246V1620.51Z" fill="#B9B9B9"/>
<g clip-path="url(#clip6_24_29531)">
<g clip-path="url(#clip7_24_29531)">
<g clip-path="url(#clip8_24_29531)">
<mask id="mask2_24_29531" style="mask-type:luminance" maskUnits="userSpaceOnUse" x="495" y="1659" width="15" height="15">
<path d="M495.82 1659.51V1673.5H509.81V1659.51H495.82Z" fill="white"/>
</mask>
<g mask="url(#mask2_24_29531)">
<path d="M498.076 1663.3L497.044 1664.33L502.815 1670.1L508.586 1664.33L507.554 1663.3L502.815 1668.03L498.076 1663.3Z" fill="#E1E1E1"/>
</g>
</g>
</g>
</g>
<path fill-rule="evenodd" clip-rule="evenodd" d="M537.803 1666.51C537.803 1668.63 536.96 1670.66 535.46 1672.16C533.961 1673.66 531.927 1674.5 529.806 1674.5C527.685 1674.5 525.651 1673.66 524.151 1672.16C522.652 1670.66 521.809 1668.63 521.809 1666.51C521.809 1664.39 522.652 1662.35 524.151 1660.85C525.651 1659.35 527.685 1658.51 529.806 1658.51C531.927 1658.51 533.961 1659.35 535.46 1660.85C536.96 1662.35 537.803 1664.39 537.803 1666.51ZM539.802 1666.51C539.802 1672.03 535.327 1676.5 529.806 1676.5C524.285 1676.5 519.81 1672.03 519.81 1666.51C519.81 1660.99 524.285 1656.51 529.806 1656.51C535.327 1656.51 539.802 1660.99 539.802 1666.51ZM533.159 1662.54C532.645 1662.4 532.117 1662.72 531.979 1663.27L531.373 1665.67L530.777 1663.31C530.772 1663.29 530.766 1663.26 530.759 1663.24C530.604 1662.72 530.091 1662.42 529.591 1662.56C529.416 1662.62 529.258 1662.72 529.136 1662.85C529.013 1662.99 528.931 1663.16 528.897 1663.34L528.305 1665.69L527.703 1663.31C527.565 1662.76 527.037 1662.44 526.523 1662.58C526.008 1662.73 525.704 1663.29 525.841 1663.84L526.262 1665.51H524.808C524.543 1665.51 524.289 1665.61 524.101 1665.8C523.914 1665.99 523.808 1666.24 523.808 1666.51C523.808 1666.77 523.914 1667.03 524.101 1667.21C524.289 1667.4 524.543 1667.51 524.808 1667.51H526.767L527.337 1669.77C527.475 1670.31 528.002 1670.64 528.516 1670.49C528.701 1670.45 528.87 1670.36 529.005 1670.23C529.139 1670.1 529.233 1669.93 529.276 1669.75L529.84 1667.51L530.406 1669.75C530.543 1670.29 531.069 1670.62 531.583 1670.47C531.767 1670.43 531.937 1670.34 532.071 1670.21C532.206 1670.08 532.3 1669.91 532.343 1669.73L532.905 1667.51H534.804C535.069 1667.51 535.323 1667.4 535.511 1667.21C535.698 1667.03 535.803 1666.77 535.803 1666.51C535.803 1666.24 535.698 1665.99 535.511 1665.8C535.323 1665.61 535.069 1665.51 534.804 1665.51H533.409L533.841 1663.8C533.979 1663.25 533.673 1662.69 533.159 1662.54Z" fill="#B9B9B9"/>
<path d="M556.65 1661.19C556.65 1661.71 556.832 1662.22 557.197 1662.71C557.566 1663.2 558.081 1663.62 558.742 1663.98C559.407 1664.33 560.168 1664.56 561.025 1664.67L560.423 1665.9C559.384 1665.74 558.464 1665.42 557.662 1664.94C556.86 1664.45 556.256 1663.86 555.85 1663.16C555.444 1663.86 554.843 1664.45 554.045 1664.94C553.248 1665.42 552.334 1665.74 551.304 1665.9L550.703 1664.67C551.55 1664.56 552.305 1664.33 552.965 1663.98C553.626 1663.62 554.139 1663.2 554.503 1662.71C554.868 1662.22 555.05 1661.71 555.05 1661.19V1660.56H556.65V1661.19ZM561.476 1668.22H556.568V1672.53H555.064V1668.22H550.21V1666.96H561.476V1668.22ZM565.742 1660.71C566.27 1660.71 566.756 1660.8 567.198 1661C567.64 1661.18 568.009 1661.45 568.305 1661.79C568.606 1662.14 568.806 1662.53 568.907 1662.98H571.142V1660.17H572.66V1666.8H571.142V1664.21H568.92C568.82 1664.68 568.62 1665.08 568.319 1665.43C568.023 1665.78 567.651 1666.06 567.205 1666.25C566.758 1666.44 566.27 1666.54 565.742 1666.54C565.117 1666.54 564.557 1666.41 564.06 1666.16C563.563 1665.91 563.174 1665.57 562.891 1665.12C562.613 1664.68 562.474 1664.17 562.474 1663.61C562.474 1663.06 562.613 1662.56 562.891 1662.12C563.174 1661.67 563.563 1661.33 564.06 1661.08C564.557 1660.83 565.117 1660.71 565.742 1660.71ZM565.742 1661.99C565.386 1661.99 565.072 1662.05 564.798 1662.18C564.525 1662.32 564.311 1662.51 564.156 1662.75C564.001 1663 563.923 1663.29 563.923 1663.61C563.923 1663.94 564.001 1664.22 564.156 1664.47C564.311 1664.72 564.525 1664.91 564.798 1665.05C565.076 1665.19 565.391 1665.25 565.742 1665.25C566.083 1665.25 566.389 1665.19 566.658 1665.05C566.931 1664.91 567.143 1664.72 567.293 1664.47C567.448 1664.22 567.528 1663.94 567.533 1663.61C567.528 1663.29 567.448 1663 567.293 1662.75C567.143 1662.51 566.933 1662.32 566.665 1662.18C566.396 1662.05 566.088 1661.99 565.742 1661.99ZM566.015 1668.69H571.142V1667.37H572.66V1672.38H564.511V1667.37H566.015V1668.69ZM571.142 1671.15V1669.86H566.015V1671.15H571.142ZM585.703 1671.09H574.41V1669.83H577.404V1667.8H575.75V1663.76H582.859V1662.25H575.722V1661.02H584.363V1664.98H577.267V1666.57H584.65V1667.8H582.845V1669.83H585.703V1671.09ZM581.355 1669.83V1667.8H578.88V1669.83H581.355ZM600.181 1666.5H598.664V1663.37H596.203V1662.15H598.664V1660.17H600.181V1666.5ZM600.181 1670.23H593.55V1671.17H600.578V1672.38H592.06V1669.1H598.677V1668.22H592.046V1667.03H600.181V1670.23ZM594.316 1661.56C594.316 1662.08 594.428 1662.57 594.651 1663.04C594.874 1663.51 595.205 1663.93 595.642 1664.29C596.08 1664.65 596.608 1664.93 597.228 1665.12L596.421 1666.29C595.761 1666.07 595.189 1665.75 594.706 1665.34C594.222 1664.92 593.844 1664.42 593.571 1663.85C593.293 1664.5 592.899 1665.05 592.388 1665.52C591.882 1665.99 591.272 1666.33 590.556 1666.57L589.763 1665.35C590.41 1665.15 590.959 1664.87 591.411 1664.49C591.866 1664.11 592.208 1663.66 592.436 1663.16C592.668 1662.66 592.785 1662.13 592.785 1661.56V1660.58H594.316V1661.56ZM612.281 1667.51H610.763V1664.49H608.658V1663.24H610.763V1660.17H612.281V1667.51ZM608.097 1667.82C608.968 1667.82 609.72 1667.92 610.353 1668.1C610.991 1668.29 611.479 1668.56 611.816 1668.91C612.153 1669.26 612.322 1669.68 612.322 1670.18C612.322 1670.67 612.153 1671.09 611.816 1671.44C611.479 1671.8 610.991 1672.06 610.353 1672.25C609.72 1672.43 608.968 1672.53 608.097 1672.53C607.231 1672.53 606.482 1672.43 605.848 1672.25C605.215 1672.06 604.729 1671.8 604.392 1671.44C604.059 1671.09 603.895 1670.67 603.9 1670.18C603.895 1669.68 604.059 1669.26 604.392 1668.91C604.729 1668.56 605.215 1668.29 605.848 1668.1C606.482 1667.92 607.231 1667.82 608.097 1667.82ZM608.097 1668.99C607.231 1668.99 606.566 1669.09 606.101 1669.29C605.636 1669.49 605.404 1669.79 605.404 1670.18C605.404 1670.56 605.636 1670.85 606.101 1671.05C606.566 1671.25 607.231 1671.35 608.097 1671.35C608.963 1671.35 609.631 1671.25 610.1 1671.05C610.569 1670.85 610.804 1670.56 610.804 1670.18C610.804 1669.79 610.569 1669.49 610.1 1669.29C609.631 1669.09 608.963 1668.99 608.097 1668.99ZM606.47 1662.29C606.47 1662.8 606.582 1663.29 606.805 1663.78C607.028 1664.26 607.359 1664.69 607.796 1665.07C608.234 1665.45 608.763 1665.74 609.382 1665.95L608.617 1667.15C607.947 1666.93 607.366 1666.59 606.874 1666.15C606.386 1665.7 606.003 1665.18 605.725 1664.59C605.447 1665.26 605.051 1665.85 604.536 1666.35C604.021 1666.84 603.403 1667.22 602.683 1667.48L601.89 1666.28C602.533 1666.06 603.082 1665.74 603.538 1665.33C603.993 1664.91 604.337 1664.44 604.57 1663.91C604.807 1663.39 604.925 1662.85 604.925 1662.3V1662.21H602.355V1660.97H609.027V1662.21H606.47V1662.29Z" fill="#404040"/>
<path d="M513.57 1710.2C513.57 1710.71 513.752 1711.22 514.117 1711.71C514.486 1712.21 515.001 1712.63 515.662 1712.98C516.327 1713.33 517.088 1713.56 517.945 1713.67L517.343 1714.9C516.304 1714.74 515.384 1714.42 514.582 1713.94C513.779 1713.45 513.176 1712.86 512.77 1712.16C512.364 1712.86 511.763 1713.45 510.965 1713.94C510.168 1714.42 509.254 1714.74 508.224 1714.9L507.623 1713.67C508.47 1713.56 509.224 1713.33 509.885 1712.98C510.546 1712.63 511.059 1712.21 511.423 1711.71C511.788 1711.22 511.97 1710.71 511.97 1710.2V1709.57H513.57V1710.2ZM518.396 1717.22H513.488V1721.53H511.984V1717.22H507.13V1715.96H518.396V1717.22ZM522.662 1709.72C523.19 1709.71 523.676 1709.81 524.118 1710C524.56 1710.18 524.929 1710.45 525.225 1710.8C525.526 1711.14 525.726 1711.54 525.827 1711.99H528.062V1709.17H529.58V1715.8H528.062V1713.22H525.84C525.74 1713.68 525.54 1714.08 525.239 1714.43C524.943 1714.78 524.571 1715.06 524.125 1715.25C523.678 1715.45 523.19 1715.54 522.662 1715.54C522.037 1715.54 521.477 1715.42 520.98 1715.17C520.483 1714.91 520.094 1714.57 519.811 1714.13C519.533 1713.68 519.394 1713.18 519.394 1712.62C519.394 1712.06 519.533 1711.56 519.811 1711.12C520.094 1710.68 520.483 1710.33 520.98 1710.09C521.477 1709.84 522.037 1709.71 522.662 1709.72ZM522.662 1710.99C522.306 1710.99 521.992 1711.05 521.718 1711.19C521.445 1711.32 521.231 1711.51 521.076 1711.75C520.921 1712 520.843 1712.29 520.843 1712.62C520.843 1712.94 520.921 1713.23 521.076 1713.48C521.231 1713.72 521.445 1713.91 521.718 1714.05C521.996 1714.19 522.311 1714.26 522.662 1714.26C523.003 1714.26 523.309 1714.19 523.578 1714.05C523.851 1713.91 524.063 1713.72 524.213 1713.48C524.368 1713.23 524.448 1712.94 524.453 1712.62C524.448 1712.29 524.368 1712 524.213 1711.75C524.063 1711.51 523.853 1711.32 523.584 1711.19C523.316 1711.05 523.008 1710.99 522.662 1710.99ZM522.935 1717.69H528.062V1716.38H529.58V1721.38H521.431V1716.38H522.935V1717.69ZM528.062 1720.15V1718.86H522.935V1720.15H528.062ZM542.623 1720.09H531.33V1718.84H534.324V1716.8H532.669V1712.77H539.779V1711.25H532.642V1710.02H541.283V1713.98H534.187V1715.57H541.57V1716.8H539.765V1718.84H542.623V1720.09ZM538.275 1718.84V1716.8H535.8V1718.84H538.275Z" fill="#B9B9B9"/>
<path d="M511.792 1759.08C511.792 1759.76 511.92 1760.44 512.175 1761.1C512.435 1761.76 512.804 1762.36 513.283 1762.88C513.766 1763.41 514.331 1763.81 514.978 1764.07L514.144 1765.28C513.429 1764.97 512.806 1764.51 512.278 1763.9C511.749 1763.29 511.339 1762.58 511.047 1761.78C510.756 1762.64 510.343 1763.41 509.81 1764.08C509.281 1764.75 508.662 1765.25 507.951 1765.58L507.076 1764.39C507.709 1764.1 508.265 1763.67 508.744 1763.1C509.227 1762.54 509.598 1761.9 509.858 1761.2C510.118 1760.5 510.248 1759.79 510.248 1759.08V1758.04H507.527V1756.79H514.5V1758.04H511.792V1759.08ZM517.412 1767.93H515.88V1755.57H517.412V1767.93ZM522.115 1764.03H527.597V1762.61H529.101V1767.78H520.625V1762.61H522.115V1764.03ZM527.597 1766.55V1765.21H522.115V1766.55H527.597ZM529.142 1757.06C529.142 1757.7 529.124 1758.27 529.087 1758.77C529.056 1759.27 528.973 1759.84 528.841 1760.48H530.523V1761.7H519.23V1760.48H527.337C527.456 1759.89 527.533 1759.35 527.57 1758.87C527.606 1758.37 527.625 1757.86 527.625 1757.32H520.625V1756.1H529.142V1757.06ZM540.271 1755.73C541.187 1755.73 541.978 1755.83 542.643 1756.01C543.308 1756.19 543.821 1756.45 544.181 1756.79C544.541 1757.14 544.723 1757.56 544.728 1758.04C544.723 1758.48 544.573 1758.87 544.277 1759.19C543.981 1759.52 543.555 1759.78 542.999 1759.97C542.443 1760.16 541.779 1760.28 541.009 1760.32V1761.24H545.917V1762.47H534.652V1761.24H539.519V1760.32C538.758 1760.28 538.099 1760.16 537.543 1759.97C536.987 1759.77 536.559 1759.52 536.258 1759.19C535.962 1758.87 535.814 1758.48 535.814 1758.04C535.814 1757.56 535.994 1757.14 536.354 1756.79C536.719 1756.45 537.236 1756.19 537.906 1756.01C538.576 1755.83 539.364 1755.73 540.271 1755.73ZM540.271 1756.88C539.355 1756.87 538.646 1756.97 538.145 1757.18C537.644 1757.38 537.395 1757.67 537.4 1758.04C537.391 1758.41 537.637 1758.69 538.138 1758.89C538.644 1759.09 539.355 1759.19 540.271 1759.19C541.182 1759.19 541.891 1759.09 542.397 1758.89C542.903 1758.69 543.156 1758.4 543.156 1758.04C543.156 1757.67 542.903 1757.38 542.397 1757.18C541.891 1756.97 541.182 1756.87 540.271 1756.88ZM537.509 1764.2H542.992V1763.08H544.523V1767.78H536.005V1763.08H537.509V1764.2ZM542.992 1766.55V1765.36H537.509V1766.55H542.992ZM551.25 1757.76C551.25 1758.35 551.359 1758.91 551.578 1759.46C551.796 1760.01 552.12 1760.5 552.548 1760.93C552.981 1761.36 553.505 1761.69 554.121 1761.91L553.273 1763.09C552.626 1762.83 552.065 1762.46 551.591 1761.98C551.122 1761.49 550.755 1760.92 550.491 1760.26C550.222 1760.96 549.837 1761.57 549.335 1762.08C548.839 1762.6 548.242 1762.99 547.544 1763.27L546.724 1762.06C547.362 1761.83 547.904 1761.5 548.351 1761.06C548.802 1760.62 549.142 1760.12 549.37 1759.55C549.597 1758.98 549.714 1758.38 549.718 1757.76V1756.28H551.25V1757.76ZM557.101 1764.76H555.583V1760.93H553.328V1759.71H555.583V1758.5H553.328V1757.27H555.583V1755.58H557.101V1764.76ZM557.375 1767.68H548.953V1763.86H550.498V1766.45H557.375V1767.68Z" fill="#B9B9B9"/>
<path d="M751.309 128.616H748.684V107.429H751.309V128.616ZM744.98 109.679C744.98 113.046 744.219 116.003 742.695 118.55C741.172 121.089 738.645 123.194 735.113 124.866L733.754 122.78C736.48 121.483 738.531 119.933 739.906 118.128C741.289 116.315 742.098 114.187 742.332 111.741H734.832V109.679H744.98ZM759.441 110.522H768.582V108.226H771.16V116.827H765.301V118.772H773.668V120.882H754.355V118.772H762.676V116.827H756.863V108.226H759.441V110.522ZM768.582 114.741V112.538H759.441V114.741H768.582ZM771.488 128.194H756.746V122.241H759.348V126.085H771.488V128.194ZM798.535 118.28H795.934V112.913H791.715V110.827H795.934V107.429H798.535V118.28ZM798.535 124.679H787.168V126.296H799.215V128.358H784.613V122.733H795.957V121.233H784.59V119.194H798.535V124.679ZM788.48 109.819C788.48 110.702 788.672 111.546 789.055 112.351C789.438 113.155 790.004 113.87 790.754 114.495C791.504 115.112 792.41 115.585 793.473 115.913L792.09 117.929C790.957 117.546 789.977 116.999 789.148 116.288C788.32 115.569 787.672 114.722 787.203 113.745C786.727 114.847 786.051 115.8 785.176 116.604C784.309 117.401 783.262 117.999 782.035 118.397L780.676 116.312C781.785 115.976 782.727 115.483 783.5 114.835C784.281 114.179 784.867 113.421 785.258 112.562C785.656 111.702 785.855 110.788 785.855 109.819V108.132H788.48V109.819ZM819.277 120.015H816.676V114.835H813.066V112.702H816.676V107.429H819.277V120.015ZM812.105 120.554C813.598 120.554 814.887 120.714 815.973 121.034C817.066 121.347 817.902 121.808 818.48 122.417C819.059 123.019 819.348 123.741 819.348 124.585C819.348 125.429 819.059 126.151 818.48 126.753C817.902 127.362 817.066 127.823 815.973 128.136C814.887 128.456 813.598 128.616 812.105 128.616C810.621 128.616 809.336 128.456 808.25 128.136C807.164 127.823 806.332 127.362 805.754 126.753C805.184 126.151 804.902 125.429 804.91 124.585C804.902 123.741 805.184 123.019 805.754 122.417C806.332 121.808 807.164 121.347 808.25 121.034C809.336 120.714 810.621 120.554 812.105 120.554ZM812.105 122.546C810.621 122.546 809.48 122.722 808.684 123.073C807.887 123.417 807.488 123.921 807.488 124.585C807.488 125.241 807.887 125.741 808.684 126.085C809.48 126.429 810.621 126.601 812.105 126.601C813.59 126.601 814.734 126.429 815.539 126.085C816.344 125.741 816.746 125.241 816.746 124.585C816.746 123.921 816.344 123.417 815.539 123.073C814.734 122.722 813.59 122.546 812.105 122.546ZM809.316 111.062C809.316 111.937 809.508 112.788 809.891 113.616C810.273 114.437 810.84 115.175 811.59 115.831C812.34 116.479 813.246 116.983 814.309 117.343L812.996 119.405C811.848 119.015 810.852 118.44 810.008 117.683C809.172 116.917 808.516 116.026 808.039 115.011C807.562 116.159 806.883 117.163 806 118.022C805.117 118.874 804.059 119.522 802.824 119.968L801.465 117.905C802.566 117.53 803.508 116.987 804.289 116.276C805.07 115.558 805.66 114.749 806.059 113.851C806.465 112.952 806.668 112.03 806.668 111.085V110.921H802.262V108.812H813.699V110.921H809.316V111.062Z" fill="#1D1D1D"/>
<rect x="733.41" y="156.891" width="782.99" height="77.01" rx="15.5" fill="white"/>
<rect x="733.41" y="156.891" width="782.99" height="77.01" rx="15.5" stroke="#EEEEEE"/>
<path fill-rule="evenodd" clip-rule="evenodd" d="M763.808 188.639C763.808 188.049 764.027 187.776 764.218 187.627C764.458 187.438 764.737 187.389 764.807 187.389H774.977C775.083 187.383 775.188 187.404 775.284 187.45C775.379 187.496 775.461 187.565 775.523 187.651C775.669 187.843 775.793 188.177 775.793 188.639H777.792C777.792 187.851 777.585 187.059 777.113 186.439C776.865 186.109 776.542 185.841 776.171 185.659C775.8 185.476 775.391 185.384 774.977 185.39H764.807C764.33 185.39 763.608 185.566 762.986 186.052C762.315 186.577 761.809 187.429 761.809 188.639V202.133C761.809 203.808 762.992 205.382 764.807 205.382H774.977C775.773 205.382 776.48 204.925 776.951 204.379C777.441 203.811 777.791 203.022 777.791 202.133V189.888H764.807C764.598 189.857 764.4 189.774 764.232 189.646C764.029 189.49 763.808 189.215 763.808 188.639ZM763.808 202.133V191.679C764.182 191.826 764.537 191.887 764.807 191.887V203.382C764.333 203.382 763.808 202.957 763.808 202.133ZM766.807 203.382H774.977C775.007 203.382 775.207 203.339 775.437 203.073C775.648 202.829 775.792 202.493 775.792 202.133V191.887H766.807V203.382Z" fill="#515151"/>
<path d="M801.557 191.848C801.557 192.437 801.764 193.011 802.177 193.569C802.596 194.127 803.18 194.605 803.929 195.003C804.683 195.401 805.546 195.662 806.518 195.786L805.836 197.181C804.658 197.005 803.614 196.644 802.704 196.096C801.795 195.543 801.11 194.869 800.65 194.073C800.19 194.869 799.508 195.543 798.604 196.096C797.699 196.644 796.663 197.005 795.495 197.181L794.813 195.786C795.774 195.662 796.63 195.401 797.379 195.003C798.128 194.605 798.71 194.127 799.123 193.569C799.536 193.011 799.743 192.437 799.743 191.848V191.135H801.557V191.848ZM807.03 199.817H801.464V204.7H799.759V199.817H794.255V198.39H807.03V199.817ZM811.866 191.306C812.466 191.3 813.016 191.406 813.518 191.623C814.019 191.835 814.437 192.138 814.773 192.53C815.114 192.918 815.342 193.367 815.455 193.879H817.99V190.685H819.711V198.204H817.99V195.274H815.471C815.357 195.796 815.13 196.256 814.789 196.654C814.453 197.052 814.032 197.362 813.525 197.584C813.019 197.801 812.466 197.91 811.866 197.91C811.158 197.91 810.523 197.768 809.96 197.483C809.396 197.199 808.954 196.806 808.634 196.305C808.319 195.799 808.161 195.228 808.161 194.592C808.161 193.962 808.319 193.396 808.634 192.895C808.954 192.393 809.396 192.003 809.96 191.724C810.523 191.44 811.158 191.3 811.866 191.306ZM811.866 192.747C811.463 192.747 811.107 192.822 810.797 192.972C810.487 193.122 810.244 193.336 810.068 193.615C809.892 193.895 809.805 194.22 809.805 194.592C809.805 194.959 809.892 195.285 810.068 195.569C810.244 195.848 810.487 196.065 810.797 196.22C811.112 196.375 811.469 196.453 811.866 196.453C812.254 196.453 812.6 196.375 812.905 196.22C813.215 196.065 813.456 195.848 813.626 195.569C813.802 195.285 813.892 194.959 813.897 194.592C813.892 194.22 813.802 193.895 813.626 193.615C813.456 193.336 813.218 193.122 812.913 192.972C812.608 192.822 812.259 192.747 811.866 192.747ZM812.177 200.344H817.99V198.855H819.711V204.53H810.471V198.855H812.177V200.344ZM817.99 203.134V201.677H812.177V203.134H817.99ZM833.431 198.933H831.71V196.995H828.889V198.08H822.3V191.74H828.889V192.825H831.71V190.685H833.431V198.933ZM824.021 196.701H827.183V193.104H824.021V196.701ZM828.687 199.305C829.674 199.305 830.527 199.411 831.245 199.623C831.969 199.835 832.522 200.145 832.904 200.553C833.286 200.956 833.478 201.439 833.478 202.003C833.478 202.566 833.286 203.049 832.904 203.452C832.522 203.855 831.971 204.16 831.253 204.367C830.535 204.579 829.679 204.685 828.687 204.685C827.7 204.685 826.847 204.579 826.129 204.367C825.416 204.16 824.868 203.855 824.486 203.452C824.109 203.049 823.923 202.566 823.928 202.003C823.923 201.439 824.109 200.956 824.486 200.553C824.868 200.145 825.419 199.835 826.137 199.623C826.855 199.411 827.705 199.305 828.687 199.305ZM828.687 200.623C827.705 200.623 826.951 200.742 826.424 200.979C825.897 201.212 825.633 201.553 825.633 202.003C825.633 202.437 825.897 202.77 826.424 203.003C826.956 203.235 827.71 203.351 828.687 203.351C829.669 203.351 830.426 203.235 830.958 203.003C831.491 202.77 831.757 202.437 831.757 202.003C831.757 201.553 831.491 201.212 830.958 200.979C830.426 200.742 829.669 200.623 828.687 200.623ZM831.71 195.6V194.189H828.889V195.6H831.71ZM842.159 198.406L842.283 196.173L840.407 197.398L839.741 196.266L841.741 195.259L839.741 194.236L840.407 193.104L842.283 194.329L842.159 192.096H843.477L843.353 194.329L845.229 193.104L845.88 194.236L843.896 195.259L845.88 196.266L845.229 197.398L843.353 196.173L843.477 198.406H842.159Z" fill="#515151"/>
<rect x="1052.5" y="173.791" width="439" height="43.2" rx="7.5" fill="white"/>
<rect x="1052.5" y="173.791" width="439" height="43.2" rx="7.5" stroke="#EEEEEE"/>
<path d="M1071.96 200.238H1070.51V187.879H1071.96V200.238ZM1069.44 199.637H1068.01V193.416H1066.23V192.186H1068.01V188.111H1069.44V199.637ZM1065.13 191.256C1065.13 191.98 1065.22 192.675 1065.4 193.341C1065.58 194.006 1065.86 194.61 1066.24 195.152C1066.61 195.695 1067.09 196.128 1067.65 196.451L1066.75 197.572C1066.19 197.24 1065.72 196.795 1065.33 196.239C1064.95 195.679 1064.64 195.034 1064.42 194.305C1064.19 195.093 1063.88 195.795 1063.48 196.41C1063.08 197.021 1062.6 197.504 1062.03 197.859L1061.1 196.725C1061.68 196.378 1062.15 195.916 1062.54 195.337C1062.92 194.758 1063.21 194.12 1063.39 193.423C1063.58 192.721 1063.67 191.999 1063.67 191.256V190.436H1061.53V189.205H1067.13V190.436H1065.13V191.256ZM1077.85 190.025C1077.85 190.54 1077.96 191.039 1078.18 191.522C1078.4 192.001 1078.73 192.429 1079.17 192.808C1079.61 193.186 1080.15 193.48 1080.78 193.689L1080.01 194.865C1079.34 194.642 1078.75 194.312 1078.26 193.874C1077.77 193.432 1077.38 192.915 1077.1 192.322C1076.83 192.969 1076.43 193.532 1075.92 194.011C1075.4 194.485 1074.8 194.842 1074.09 195.084L1073.28 193.908C1073.93 193.694 1074.48 193.389 1074.94 192.992C1075.39 192.591 1075.74 192.135 1075.97 191.625C1076.2 191.11 1076.32 190.577 1076.32 190.025V189.875H1073.71V188.658H1080.42V189.875H1077.85V190.025ZM1083.17 190.969H1084.89V192.24H1083.17V195.33H1081.65V187.879H1083.17V190.969ZM1083.17 200.238H1081.65V197.121H1074.94V195.904H1083.17V200.238ZM1095.27 190.641H1097V191.871H1095.27V194.592H1093.75V187.852H1095.27V190.641ZM1095.27 198.119H1088.71V198.994H1095.65V200.129H1087.2V197.066H1093.75V196.246H1087.19V195.139H1095.27V198.119ZM1092.86 190.039H1085.53V188.877H1088.45V187.783H1089.96V188.877H1092.86V190.039ZM1089.2 190.422C1089.8 190.426 1090.33 190.513 1090.78 190.682C1091.24 190.846 1091.59 191.08 1091.84 191.386C1092.09 191.687 1092.21 192.04 1092.22 192.445C1092.21 192.865 1092.09 193.227 1091.84 193.532C1091.59 193.833 1091.24 194.065 1090.79 194.229C1090.34 194.389 1089.81 194.469 1089.2 194.469C1088.59 194.469 1088.05 194.389 1087.6 194.229C1087.14 194.065 1086.79 193.833 1086.54 193.532C1086.29 193.227 1086.16 192.865 1086.16 192.445C1086.16 192.04 1086.29 191.687 1086.54 191.386C1086.79 191.08 1087.14 190.846 1087.6 190.682C1088.06 190.513 1088.59 190.426 1089.2 190.422ZM1089.2 191.516C1088.71 191.516 1088.33 191.598 1088.06 191.762C1087.78 191.926 1087.64 192.154 1087.64 192.445C1087.64 192.742 1087.78 192.972 1088.06 193.136C1088.33 193.295 1088.71 193.375 1089.2 193.375C1089.68 193.375 1090.07 193.295 1090.35 193.136C1090.63 192.972 1090.77 192.742 1090.77 192.445C1090.77 192.154 1090.63 191.926 1090.35 191.762C1090.06 191.598 1089.68 191.516 1089.2 191.516ZM1107.38 188.904C1107.38 189.424 1107.56 189.93 1107.93 190.422C1108.3 190.914 1108.81 191.336 1109.47 191.687C1110.14 192.037 1110.9 192.268 1111.76 192.377L1111.15 193.607C1110.12 193.452 1109.19 193.133 1108.39 192.65C1107.59 192.163 1106.99 191.568 1106.58 190.866C1106.18 191.568 1105.57 192.163 1104.78 192.65C1103.98 193.133 1103.07 193.452 1102.04 193.607L1101.43 192.377C1102.28 192.268 1103.04 192.037 1103.7 191.687C1104.36 191.336 1104.87 190.914 1105.23 190.422C1105.6 189.93 1105.78 189.424 1105.78 188.904V188.275H1107.38V188.904ZM1112.21 195.932H1107.3V200.238H1105.79V195.932H1100.94V194.674H1112.21V195.932ZM1116.47 188.426C1117 188.421 1117.49 188.515 1117.93 188.706C1118.37 188.893 1118.74 189.16 1119.04 189.506C1119.34 189.848 1119.54 190.244 1119.64 190.695H1121.87V187.879H1123.39V194.51H1121.87V191.926H1119.65C1119.55 192.386 1119.35 192.792 1119.05 193.143C1118.75 193.493 1118.38 193.767 1117.94 193.963C1117.49 194.154 1117 194.25 1116.47 194.25C1115.85 194.25 1115.29 194.125 1114.79 193.874C1114.29 193.623 1113.9 193.277 1113.62 192.835C1113.34 192.388 1113.21 191.885 1113.21 191.324C1113.21 190.768 1113.34 190.269 1113.62 189.827C1113.9 189.385 1114.29 189.041 1114.79 188.795C1115.29 188.544 1115.85 188.421 1116.47 188.426ZM1116.47 189.697C1116.12 189.697 1115.8 189.763 1115.53 189.896C1115.26 190.028 1115.04 190.217 1114.89 190.463C1114.73 190.709 1114.65 190.996 1114.65 191.324C1114.65 191.648 1114.73 191.935 1114.89 192.186C1115.04 192.432 1115.26 192.623 1115.53 192.76C1115.81 192.896 1116.12 192.965 1116.47 192.965C1116.81 192.965 1117.12 192.896 1117.39 192.76C1117.66 192.623 1117.87 192.432 1118.02 192.186C1118.18 191.935 1118.26 191.648 1118.26 191.324C1118.26 190.996 1118.18 190.709 1118.02 190.463C1117.87 190.217 1117.66 190.028 1117.4 189.896C1117.13 189.763 1116.82 189.697 1116.47 189.697ZM1116.75 196.396H1121.87V195.084H1123.39V200.088H1115.24V195.084H1116.75V196.396ZM1121.87 198.857V197.572H1116.75V198.857H1121.87ZM1129.15 188.74C1129.79 188.736 1130.37 188.861 1130.88 189.116C1131.4 189.367 1131.81 189.72 1132.1 190.176C1132.4 190.632 1132.55 191.146 1132.55 191.721C1132.55 192.299 1132.4 192.817 1132.1 193.272C1131.81 193.728 1131.4 194.084 1130.89 194.339C1130.37 194.59 1129.79 194.715 1129.15 194.715C1128.5 194.715 1127.93 194.587 1127.41 194.332C1126.9 194.077 1126.49 193.724 1126.19 193.272C1125.9 192.817 1125.76 192.299 1125.76 191.721C1125.76 191.146 1125.9 190.632 1126.19 190.176C1126.49 189.72 1126.9 189.367 1127.41 189.116C1127.93 188.861 1128.51 188.736 1129.15 188.74ZM1129.15 190.053C1128.79 190.053 1128.46 190.121 1128.18 190.258C1127.89 190.395 1127.66 190.59 1127.5 190.846C1127.34 191.096 1127.26 191.388 1127.26 191.721C1127.26 192.058 1127.34 192.354 1127.5 192.609C1127.66 192.86 1127.89 193.054 1128.18 193.19C1128.46 193.323 1128.79 193.389 1129.15 193.389C1129.51 193.389 1129.84 193.323 1130.12 193.19C1130.42 193.054 1130.64 192.86 1130.81 192.609C1130.98 192.354 1131.06 192.058 1131.06 191.721C1131.06 191.388 1130.98 191.096 1130.81 190.846C1130.64 190.59 1130.42 190.395 1130.12 190.258C1129.84 190.121 1129.51 190.053 1129.15 190.053ZM1135.44 200.252H1133.92V187.879H1135.44V200.252ZM1125.2 196.424C1126.71 196.424 1128.12 196.399 1129.43 196.349C1130.75 196.294 1132 196.182 1133.18 196.014L1133.3 197.121C1132.08 197.358 1130.84 197.508 1129.58 197.572C1128.32 197.636 1126.92 197.668 1125.39 197.668L1125.2 196.424ZM1150.84 200.252H1149.31V187.879H1150.84V200.252ZM1144.19 188.781C1144.81 188.781 1145.36 188.961 1145.84 189.321C1146.33 189.677 1146.71 190.185 1146.99 190.846C1147.27 191.502 1147.41 192.268 1147.41 193.143C1147.41 194.022 1147.27 194.792 1146.99 195.453C1146.71 196.114 1146.33 196.624 1145.85 196.984C1145.36 197.34 1144.81 197.518 1144.19 197.518C1143.56 197.518 1143.01 197.34 1142.52 196.984C1142.03 196.624 1141.65 196.114 1141.37 195.453C1141.1 194.792 1140.96 194.022 1140.96 193.143C1140.96 192.268 1141.1 191.502 1141.37 190.846C1141.65 190.185 1142.03 189.677 1142.52 189.321C1143.01 188.961 1143.56 188.781 1144.19 188.781ZM1144.19 190.148C1143.83 190.148 1143.52 190.267 1143.26 190.504C1142.99 190.741 1142.79 191.085 1142.64 191.536C1142.49 191.987 1142.42 192.523 1142.42 193.143C1142.42 193.767 1142.49 194.305 1142.64 194.756C1142.79 195.207 1142.99 195.553 1143.26 195.795C1143.52 196.032 1143.83 196.15 1144.19 196.15C1144.53 196.15 1144.84 196.032 1145.1 195.795C1145.37 195.553 1145.57 195.207 1145.72 194.756C1145.86 194.305 1145.94 193.767 1145.94 193.143C1145.94 192.523 1145.86 191.99 1145.72 191.543C1145.57 191.092 1145.37 190.748 1145.1 190.511C1144.84 190.269 1144.53 190.148 1144.19 190.148ZM1163.94 195.371H1152.65V194.168H1163.94V195.371ZM1162.55 191.311H1155.59V192.199H1162.79V193.361H1154.08V190.203H1161.03V189.328H1154.04V188.139H1162.55V191.311ZM1162.59 200.088H1154.12V196.26H1162.59V200.088ZM1155.62 198.857H1161.08V197.463H1155.62V198.857ZM1170.38 188.07C1171.32 188.07 1172.12 188.152 1172.78 188.316C1173.45 188.48 1173.95 188.722 1174.3 189.041C1174.66 189.355 1174.83 189.738 1174.84 190.189C1174.83 190.873 1174.44 191.397 1173.67 191.762C1172.89 192.126 1171.8 192.313 1170.38 192.322C1168.96 192.313 1167.86 192.126 1167.09 191.762C1166.31 191.397 1165.92 190.873 1165.92 190.189C1165.92 189.738 1166.1 189.355 1166.45 189.041C1166.8 188.722 1167.31 188.48 1167.97 188.316C1168.64 188.152 1169.44 188.07 1170.38 188.07ZM1170.38 189.191C1169.44 189.191 1168.73 189.278 1168.24 189.451C1167.75 189.62 1167.51 189.866 1167.52 190.189C1167.52 190.527 1167.76 190.777 1168.23 190.941C1168.71 191.105 1169.43 191.188 1170.38 191.188C1171.35 191.188 1172.07 191.105 1172.55 190.941C1173.03 190.777 1173.27 190.527 1173.27 190.189C1173.27 189.866 1173.02 189.62 1172.53 189.451C1172.05 189.278 1171.33 189.191 1170.38 189.191ZM1176.03 194.195H1164.76V192.979H1176.03V194.195ZM1174.62 198.051H1167.59V198.967H1174.96V200.129H1166.1V196.971H1173.13V196.15H1166.09V195.029H1174.62V198.051ZM1190.48 194.51H1188.95V187.879H1190.48V194.51ZM1183.81 196.355H1188.96V195.084H1190.48V200.088H1182.3V195.084H1183.81V196.355ZM1188.96 198.857V197.545H1183.81V198.857H1188.96ZM1183.74 188.426C1184.37 188.421 1184.93 188.542 1185.44 188.788C1185.95 189.03 1186.34 189.371 1186.63 189.813C1186.92 190.256 1187.06 190.759 1187.06 191.324C1187.06 191.876 1186.91 192.37 1186.62 192.808C1186.34 193.245 1185.94 193.587 1185.43 193.833C1184.93 194.075 1184.37 194.195 1183.74 194.195C1183.1 194.195 1182.54 194.075 1182.03 193.833C1181.52 193.587 1181.12 193.245 1180.83 192.808C1180.55 192.37 1180.4 191.876 1180.4 191.324C1180.4 190.759 1180.55 190.256 1180.83 189.813C1181.12 189.371 1181.52 189.03 1182.03 188.788C1182.54 188.542 1183.1 188.421 1183.74 188.426ZM1183.74 189.697C1183.38 189.697 1183.06 189.763 1182.77 189.896C1182.5 190.028 1182.28 190.217 1182.12 190.463C1181.96 190.709 1181.89 190.996 1181.89 191.324C1181.89 191.648 1181.96 191.933 1182.12 192.179C1182.28 192.42 1182.5 192.609 1182.77 192.746C1183.06 192.878 1183.38 192.947 1183.74 192.951C1184.09 192.947 1184.41 192.878 1184.69 192.746C1184.97 192.609 1185.18 192.42 1185.34 192.179C1185.49 191.933 1185.57 191.648 1185.57 191.324C1185.57 190.996 1185.49 190.709 1185.34 190.463C1185.18 190.217 1184.97 190.028 1184.69 189.896C1184.41 189.763 1184.09 189.697 1183.74 189.697ZM1198.19 192.336H1194.29V193.854H1194.57C1195.5 193.854 1196.27 193.833 1196.88 193.792C1197.5 193.746 1198.11 193.667 1198.72 193.553L1198.87 194.783C1198.17 194.902 1197.45 194.979 1196.72 195.016C1195.99 195.052 1194.98 195.07 1193.69 195.07H1192.79V191.201H1196.67V189.82H1192.76V188.617H1198.19V192.336ZM1202.63 195.494H1201.12V193.457H1198.93V192.24H1201.12V190.859H1198.93V189.643H1201.12V187.893H1202.63V195.494ZM1202.63 200.238H1201.12V197.299H1194.18V196.082H1202.63V200.238ZM1210.41 191.064H1204.36V189.848H1206.65V188.234H1208.16V189.848H1210.41V191.064ZM1207.4 191.721C1207.92 191.721 1208.39 191.844 1208.79 192.09C1209.2 192.331 1209.52 192.671 1209.75 193.108C1209.98 193.546 1210.1 194.04 1210.1 194.592C1210.1 195.152 1209.98 195.654 1209.75 196.096C1209.52 196.538 1209.2 196.884 1208.79 197.135C1208.39 197.381 1207.92 197.504 1207.4 197.504C1206.89 197.504 1206.43 197.381 1206.02 197.135C1205.61 196.884 1205.29 196.538 1205.05 196.096C1204.82 195.654 1204.71 195.152 1204.71 194.592C1204.71 194.04 1204.82 193.546 1205.05 193.108C1205.29 192.671 1205.61 192.331 1206.02 192.09C1206.43 191.844 1206.89 191.721 1207.4 191.721ZM1207.4 192.979C1207.14 192.979 1206.9 193.047 1206.69 193.184C1206.49 193.316 1206.33 193.505 1206.21 193.751C1206.1 193.993 1206.05 194.273 1206.05 194.592C1206.05 194.92 1206.1 195.207 1206.21 195.453C1206.33 195.699 1206.49 195.888 1206.69 196.021C1206.9 196.148 1207.14 196.21 1207.4 196.205C1207.67 196.21 1207.9 196.148 1208.11 196.021C1208.31 195.888 1208.47 195.699 1208.59 195.453C1208.7 195.207 1208.76 194.92 1208.76 194.592C1208.76 194.273 1208.7 193.993 1208.59 193.751C1208.47 193.505 1208.31 193.316 1208.11 193.184C1207.9 193.047 1207.67 192.979 1207.4 192.979ZM1215.01 200.238H1213.56V194.195H1212.35V199.678H1210.93V188.139H1212.35V192.965H1213.56V187.879H1215.01V200.238ZM1231.07 196H1226.16V200.225H1224.66V196H1219.8V194.77H1231.07V196ZM1230.03 189.779H1226.32C1226.35 190.23 1226.54 190.666 1226.9 191.085C1227.26 191.5 1227.74 191.855 1228.36 192.151C1228.98 192.448 1229.69 192.646 1230.48 192.746L1229.94 193.936C1228.89 193.79 1227.97 193.489 1227.18 193.033C1226.4 192.577 1225.82 192.012 1225.44 191.338C1225.06 192.008 1224.48 192.573 1223.69 193.033C1222.91 193.489 1222 193.79 1220.97 193.936L1220.39 192.746C1221.18 192.646 1221.88 192.448 1222.5 192.151C1223.12 191.855 1223.61 191.5 1223.96 191.085C1224.32 190.666 1224.52 190.23 1224.56 189.779H1220.84V188.576H1230.03V189.779ZM1235.76 191.119C1235.76 191.812 1235.84 192.484 1236.01 193.136C1236.17 193.787 1236.44 194.384 1236.79 194.927C1237.15 195.469 1237.59 195.909 1238.12 196.246L1237.29 197.408C1236.75 197.085 1236.3 196.652 1235.92 196.109C1235.55 195.562 1235.26 194.936 1235.04 194.229C1234.81 195 1234.49 195.683 1234.09 196.28C1233.69 196.877 1233.21 197.349 1232.64 197.695L1231.7 196.561C1232.28 196.21 1232.76 195.749 1233.15 195.18C1233.54 194.61 1233.82 193.983 1234.01 193.3C1234.2 192.616 1234.3 191.912 1234.3 191.188V188.973H1235.76V191.119ZM1242.57 200.238H1241.11V187.879H1242.57V200.238ZM1240 199.637H1238.56V193.389H1236.8V192.131H1238.56V188.098H1240V199.637ZM1255.3 198.734H1244V197.49H1246.62V194.366C1246.11 194.075 1245.72 193.712 1245.45 193.279C1245.17 192.846 1245.04 192.359 1245.04 191.816C1245.04 191.174 1245.23 190.604 1245.62 190.107C1246.02 189.611 1246.56 189.228 1247.26 188.959C1247.96 188.686 1248.74 188.549 1249.62 188.549C1250.51 188.549 1251.3 188.686 1252 188.959C1252.7 189.228 1253.24 189.611 1253.64 190.107C1254.03 190.6 1254.23 191.169 1254.23 191.816C1254.23 192.345 1254.1 192.826 1253.83 193.259C1253.56 193.687 1253.19 194.045 1252.7 194.332V197.49H1255.3V198.734ZM1249.62 189.752C1249.01 189.752 1248.47 189.836 1248 190.005C1247.53 190.169 1247.17 190.406 1246.91 190.716C1246.65 191.026 1246.53 191.393 1246.53 191.816C1246.53 192.236 1246.65 192.6 1246.91 192.91C1247.17 193.22 1247.53 193.459 1248 193.628C1248.47 193.797 1249.01 193.881 1249.62 193.881C1250.23 193.881 1250.77 193.797 1251.24 193.628C1251.72 193.459 1252.08 193.22 1252.34 192.91C1252.61 192.6 1252.74 192.236 1252.74 191.816C1252.74 191.397 1252.61 191.033 1252.34 190.723C1252.08 190.408 1251.72 190.169 1251.25 190.005C1250.78 189.836 1250.24 189.752 1249.62 189.752ZM1251.15 197.49V194.913C1250.67 195.018 1250.16 195.07 1249.62 195.07C1249.11 195.07 1248.61 195.02 1248.12 194.92V197.49H1251.15ZM1257.61 199.131C1257.42 199.131 1257.24 199.083 1257.07 198.987C1256.91 198.892 1256.78 198.762 1256.68 198.598C1256.59 198.434 1256.54 198.256 1256.54 198.064C1256.54 197.878 1256.59 197.704 1256.68 197.545C1256.78 197.381 1256.91 197.251 1257.07 197.155C1257.24 197.06 1257.42 197.012 1257.61 197.012C1257.79 197.012 1257.96 197.06 1258.12 197.155C1258.28 197.251 1258.41 197.381 1258.51 197.545C1258.61 197.704 1258.66 197.878 1258.66 198.064C1258.66 198.256 1258.61 198.434 1258.51 198.598C1258.41 198.762 1258.28 198.892 1258.12 198.987C1257.96 199.083 1257.79 199.131 1257.61 199.131Z" fill="#B9B9B9"/>
<rect x="733.41" y="250.891" width="782.99" height="78.8" rx="15.5" fill="white"/>
<rect x="733.41" y="250.891" width="782.99" height="78.8" rx="15.5" stroke="#EEEEEE"/>
<path fill-rule="evenodd" clip-rule="evenodd" d="M768.806 283.289H770.805V286.288H768.806V283.289ZM766.807 283.289C766.807 282.759 767.017 282.25 767.392 281.876C767.767 281.501 768.276 281.29 768.806 281.29H770.805C771.335 281.29 771.844 281.501 772.219 281.876C772.594 282.25 772.804 282.759 772.804 283.289V284.289H776.802C777.598 284.289 778.361 284.605 778.923 285.167C779.485 285.729 779.801 286.492 779.801 287.288V296.284C779.801 297.079 779.485 297.842 778.923 298.404C778.361 298.967 777.598 299.283 776.802 299.283H762.808C762.013 299.283 761.25 298.967 760.688 298.404C760.126 297.842 759.81 297.079 759.81 296.284V287.288C759.81 286.492 760.126 285.729 760.688 285.167C761.25 284.605 762.013 284.289 762.808 284.289H766.807V283.289ZM766.807 286.288H762.808C762.543 286.288 762.289 286.393 762.102 286.581C761.914 286.768 761.809 287.022 761.809 287.288V296.284C761.809 296.549 761.914 296.803 762.102 296.991C762.289 297.178 762.543 297.283 762.808 297.283H776.802C777.068 297.283 777.322 297.178 777.509 296.991C777.697 296.803 777.802 296.549 777.802 296.284V287.288C777.802 287.022 777.697 286.768 777.509 286.581C777.322 286.393 777.068 286.288 776.802 286.288H772.804C772.804 286.818 772.594 287.327 772.219 287.702C771.844 288.076 771.335 288.287 770.805 288.287H768.806C768.276 288.287 767.767 288.076 767.392 287.702C767.017 287.327 766.807 286.818 766.807 286.288ZM765.807 291.786C766.138 291.786 766.456 291.654 766.691 291.42C766.925 291.185 767.057 290.868 767.057 290.536C767.057 290.205 766.925 289.887 766.691 289.653C766.456 289.418 766.138 289.287 765.807 289.287C765.476 289.287 765.158 289.418 764.924 289.653C764.689 289.887 764.558 290.205 764.558 290.536C764.558 290.868 764.689 291.185 764.924 291.42C765.158 291.654 765.476 291.786 765.807 291.786ZM767.806 293.035V293.037C767.806 293.268 767.806 293.384 767.786 293.48C767.748 293.674 767.653 293.852 767.513 293.992C767.373 294.132 767.195 294.227 767.002 294.266C766.905 294.285 766.789 294.285 766.557 294.285H765.057C764.825 294.285 764.71 294.285 764.613 294.265C764.419 294.226 764.241 294.131 764.101 293.991C763.961 293.852 763.866 293.674 763.827 293.48C763.808 293.383 763.808 293.267 763.808 293.035C763.808 292.483 764.703 292.036 765.807 292.036C766.912 292.036 767.806 292.483 767.806 293.035ZM770.305 290.286C770.173 290.286 770.046 290.339 769.952 290.433C769.858 290.526 769.805 290.654 769.805 290.786C769.805 290.919 769.858 291.046 769.952 291.139C770.046 291.233 770.173 291.286 770.305 291.286H775.303C775.436 291.286 775.563 291.233 775.657 291.139C775.75 291.046 775.803 290.919 775.803 290.786C775.803 290.654 775.75 290.526 775.657 290.433C775.563 290.339 775.436 290.286 775.303 290.286H770.305ZM769.805 292.785C769.805 292.653 769.858 292.526 769.952 292.432C770.046 292.338 770.173 292.285 770.305 292.285H773.304C773.436 292.285 773.564 292.338 773.657 292.432C773.751 292.526 773.804 292.653 773.804 292.785C773.804 292.918 773.751 293.045 773.657 293.139C773.564 293.232 773.436 293.285 773.304 293.285H770.305C770.173 293.285 770.046 293.232 769.952 293.139C769.858 293.045 769.805 292.918 769.805 292.785Z" fill="#515151"/>
<path d="M805.399 288.768H807.368V290.205H805.399V293.439H803.665V285.486H805.399V288.768ZM801.134 287.799H796.571V291.408C797.915 291.408 799.011 291.377 799.86 291.314C800.715 291.252 801.556 291.137 802.384 290.971L802.571 292.346C801.696 292.538 800.795 292.666 799.868 292.729C798.941 292.786 797.649 292.814 795.993 292.814H794.853V286.393H801.134V287.799ZM805.399 299.424H796.274V294.08H805.399V299.424ZM797.993 298.049H803.681V295.471H797.993V298.049ZM819.243 288.955H821.196V290.377H819.243V293.736H817.493V285.486H819.243V288.955ZM814.634 294.002C815.592 294.002 816.425 294.114 817.134 294.338C817.847 294.557 818.397 294.874 818.782 295.291C819.168 295.708 819.363 296.205 819.368 296.783C819.363 297.372 819.168 297.877 818.782 298.299C818.397 298.721 817.85 299.041 817.142 299.26C816.433 299.484 815.597 299.596 814.634 299.596C813.66 299.596 812.813 299.484 812.095 299.26C811.376 299.041 810.821 298.721 810.431 298.299C810.045 297.877 809.853 297.372 809.853 296.783C809.853 296.205 810.045 295.708 810.431 295.291C810.821 294.874 811.376 294.557 812.095 294.338C812.819 294.114 813.665 294.002 814.634 294.002ZM814.634 295.393C813.655 295.393 812.897 295.512 812.36 295.752C811.829 295.992 811.566 296.335 811.571 296.783C811.566 297.242 811.829 297.593 812.36 297.838C812.897 298.083 813.655 298.205 814.634 298.205C815.597 298.205 816.345 298.083 816.876 297.838C817.412 297.593 817.681 297.242 817.681 296.783C817.681 296.335 817.412 295.992 816.876 295.752C816.345 295.512 815.597 295.393 814.634 295.393ZM814.962 287.893H810.353V291.439C811.769 291.434 812.902 291.403 813.751 291.346C814.6 291.283 815.425 291.169 816.228 291.002L816.399 292.393C815.53 292.58 814.626 292.702 813.688 292.76C812.751 292.817 811.446 292.846 809.774 292.846H808.634V286.486H814.962V287.893ZM836.853 288.924H838.821V290.346H836.853V293.768H835.118V285.486H836.853V288.924ZM832.946 286.455C832.946 287.684 832.688 288.794 832.173 289.783C831.657 290.773 830.907 291.622 829.923 292.33C828.938 293.038 827.748 293.59 826.353 293.986L825.665 292.58C826.722 292.294 827.636 291.916 828.407 291.447C829.183 290.979 829.795 290.442 830.243 289.838C830.691 289.229 830.965 288.57 831.063 287.861H826.306V286.455H832.946ZM832.29 293.939C833.238 293.939 834.066 294.054 834.774 294.283C835.488 294.512 836.037 294.84 836.423 295.268C836.813 295.695 837.009 296.195 837.009 296.768C837.009 297.351 836.813 297.854 836.423 298.275C836.037 298.702 835.488 299.028 834.774 299.252C834.066 299.481 833.238 299.596 832.29 299.596C831.342 299.596 830.511 299.481 829.798 299.252C829.09 299.028 828.54 298.702 828.149 298.275C827.759 297.848 827.566 297.346 827.571 296.768C827.566 296.195 827.759 295.697 828.149 295.275C828.54 294.848 829.092 294.52 829.806 294.291C830.519 294.057 831.347 293.939 832.29 293.939ZM832.29 295.299C831.353 295.299 830.616 295.429 830.079 295.689C829.548 295.945 829.285 296.304 829.29 296.768C829.285 297.07 829.402 297.333 829.642 297.557C829.886 297.775 830.233 297.945 830.681 298.064C831.134 298.179 831.67 298.236 832.29 298.236C832.905 298.236 833.438 298.179 833.892 298.064C834.35 297.945 834.699 297.775 834.938 297.557C835.183 297.333 835.306 297.07 835.306 296.768C835.306 296.304 835.037 295.945 834.501 295.689C833.965 295.429 833.228 295.299 832.29 295.299ZM844.587 288.877C844.582 289.721 844.715 290.549 844.985 291.361C845.261 292.169 845.66 292.893 846.181 293.533C846.701 294.174 847.316 294.663 848.024 295.002L846.962 296.393C846.212 296.012 845.561 295.471 845.009 294.768C844.462 294.064 844.035 293.252 843.728 292.33C843.41 293.314 842.962 294.184 842.384 294.939C841.811 295.689 841.129 296.262 840.337 296.658L839.274 295.268C840.009 294.919 840.644 294.411 841.181 293.744C841.722 293.072 842.134 292.314 842.415 291.471C842.701 290.622 842.847 289.757 842.853 288.877V286.627H844.587V288.877ZM850.603 291.018H852.774V292.502H850.603V299.611H848.868V285.486H850.603V291.018ZM860.165 293.268L860.29 291.018L858.399 292.252L857.728 291.111L859.743 290.096L857.728 289.064L858.399 287.924L860.29 289.158L860.165 286.908H861.493L861.368 289.158L863.259 287.924L863.915 289.064L861.915 290.096L863.915 291.111L863.259 292.252L861.368 291.018L861.493 293.268H860.165Z" fill="#515151"/>
<g filter="url(#filter0_d_24_29531)">
<rect x="1150.01" y="267.301" width="341.99" height="45.99" rx="8" fill="white" fill-opacity="0.01" shape-rendering="crispEdges"/>
<rect x="1150.51" y="267.801" width="340.99" height="44.99" rx="7.5" stroke="#B9B9B9" shape-rendering="crispEdges"/>
<g clip-path="url(#clip9_24_29531)">
<path d="M1170.67 289.634H1172.64V291.056H1170.67V294.478H1168.94V286.196H1170.67V289.634ZM1166.77 287.165C1166.77 288.394 1166.51 289.504 1165.99 290.493C1165.48 291.483 1164.73 292.332 1163.74 293.04C1162.76 293.748 1161.57 294.3 1160.17 294.696L1159.48 293.29C1160.54 293.004 1161.46 292.626 1162.23 292.157C1163 291.688 1163.61 291.152 1164.06 290.548C1164.51 289.938 1164.78 289.28 1164.88 288.571H1160.12V287.165H1166.77ZM1166.11 294.649C1167.06 294.649 1167.89 294.764 1168.59 294.993C1169.31 295.222 1169.86 295.55 1170.24 295.978C1170.63 296.405 1170.83 296.905 1170.83 297.478C1170.83 298.061 1170.63 298.563 1170.24 298.985C1169.86 299.412 1169.31 299.738 1168.59 299.962C1167.89 300.191 1167.06 300.306 1166.11 300.306C1165.16 300.306 1164.33 300.191 1163.62 299.962C1162.91 299.738 1162.36 299.412 1161.97 298.985C1161.58 298.558 1161.39 298.056 1161.39 297.478C1161.39 296.905 1161.58 296.407 1161.97 295.985C1162.36 295.558 1162.91 295.23 1163.62 295.001C1164.34 294.767 1165.17 294.649 1166.11 294.649ZM1166.11 296.009C1165.17 296.009 1164.43 296.139 1163.9 296.399C1163.37 296.655 1163.1 297.014 1163.11 297.478C1163.1 297.78 1163.22 298.043 1163.46 298.267C1163.71 298.485 1164.05 298.655 1164.5 298.774C1164.95 298.889 1165.49 298.946 1166.11 298.946C1166.72 298.946 1167.26 298.889 1167.71 298.774C1168.17 298.655 1168.52 298.485 1168.76 298.267C1169 298.043 1169.12 297.78 1169.12 297.478C1169.12 297.014 1168.86 296.655 1168.32 296.399C1167.78 296.139 1167.05 296.009 1166.11 296.009ZM1178.41 289.587C1178.4 290.431 1178.53 291.259 1178.8 292.071C1179.08 292.879 1179.48 293.603 1180 294.243C1180.52 294.884 1181.14 295.373 1181.84 295.712L1180.78 297.103C1180.03 296.722 1179.38 296.181 1178.83 295.478C1178.28 294.774 1177.85 293.962 1177.55 293.04C1177.23 294.024 1176.78 294.894 1176.2 295.649C1175.63 296.399 1174.95 296.972 1174.16 297.368L1173.09 295.978C1173.83 295.629 1174.46 295.121 1175 294.454C1175.54 293.782 1175.95 293.024 1176.23 292.181C1176.52 291.332 1176.67 290.467 1176.67 289.587V287.337H1178.41V289.587ZM1184.42 291.728H1186.59V293.212H1184.42V300.321H1182.69V286.196H1184.42V291.728ZM1200.08 293.915H1187.17V292.603H1200.08V293.915ZM1198.52 297.978H1190.42V298.962H1198.94V300.165H1188.69V296.853H1196.8V295.978H1188.67V294.759H1198.52V297.978ZM1198.48 289.696H1190.53V290.618H1198.73V291.806H1188.81V288.571H1196.75V287.712H1188.77V286.509H1198.48V289.696ZM1209.95 288.696C1209.95 289.332 1210.08 289.944 1210.33 290.532C1210.58 291.121 1210.96 291.644 1211.45 292.103C1211.95 292.556 1212.56 292.905 1213.27 293.149L1212.31 294.509C1211.56 294.222 1210.91 293.816 1210.37 293.29C1209.83 292.764 1209.4 292.149 1209.1 291.446C1208.79 292.238 1208.34 292.925 1207.77 293.509C1207.19 294.092 1206.5 294.535 1205.69 294.837L1204.77 293.462C1205.5 293.212 1206.12 292.845 1206.63 292.36C1207.15 291.876 1207.54 291.316 1207.8 290.681C1208.06 290.045 1208.2 289.379 1208.2 288.681V287.071H1209.95V288.696ZM1216.64 296.696H1214.91V290.743H1212.09V289.321H1214.91V286.212H1216.64V296.696ZM1216.95 300.04H1207.33V295.556H1209.09V298.634H1216.95V300.04ZM1224.72 288.571H1220.84V289.946H1224.58V291.274H1220.84V292.759C1221.75 292.748 1222.53 292.72 1223.18 292.673C1223.83 292.626 1224.48 292.54 1225.14 292.415L1225.33 293.821C1224.55 293.967 1223.79 294.063 1223.03 294.11C1222.28 294.157 1221.31 294.181 1220.11 294.181H1219.17V287.181H1224.72V288.571ZM1230.72 294.806H1229.06V291.134H1227.59V294.696H1225.97V286.478H1227.59V289.743H1229.06V286.212H1230.72V294.806ZM1230.72 300.321H1228.98V296.837H1221.05V295.431H1230.72V300.321ZM1239.36 289.837H1232.44V288.446H1235.06V286.603H1236.78V288.446H1239.36V289.837ZM1235.92 290.587C1236.52 290.587 1237.04 290.728 1237.51 291.009C1237.98 291.285 1238.34 291.673 1238.6 292.173C1238.87 292.673 1239 293.238 1239 293.868C1239 294.509 1238.87 295.082 1238.6 295.587C1238.34 296.092 1237.98 296.488 1237.51 296.774C1237.04 297.056 1236.52 297.196 1235.92 297.196C1235.33 297.196 1234.8 297.056 1234.34 296.774C1233.87 296.488 1233.5 296.092 1233.23 295.587C1232.97 295.082 1232.84 294.509 1232.84 293.868C1232.84 293.238 1232.97 292.673 1233.23 292.173C1233.5 291.673 1233.87 291.285 1234.34 291.009C1234.8 290.728 1235.33 290.587 1235.92 290.587ZM1235.92 292.024C1235.61 292.024 1235.34 292.103 1235.11 292.259C1234.87 292.41 1234.69 292.626 1234.56 292.907C1234.43 293.183 1234.37 293.504 1234.37 293.868C1234.37 294.243 1234.43 294.571 1234.56 294.853C1234.69 295.134 1234.87 295.35 1235.11 295.501C1235.34 295.647 1235.61 295.717 1235.92 295.712C1236.22 295.717 1236.49 295.647 1236.73 295.501C1236.96 295.35 1237.14 295.134 1237.27 294.853C1237.4 294.571 1237.47 294.243 1237.47 293.868C1237.47 293.504 1237.4 293.183 1237.27 292.907C1237.14 292.626 1236.96 292.41 1236.73 292.259C1236.49 292.103 1236.22 292.024 1235.92 292.024ZM1244.61 300.321H1242.95V293.415H1241.58V299.681H1239.95V286.493H1241.58V292.009H1242.95V286.196H1244.61V300.321ZM1262.97 295.478H1257.36V300.306H1255.64V295.478H1250.09V294.071H1262.97V295.478ZM1261.78 288.368H1257.54C1257.58 288.884 1257.8 289.381 1258.2 289.86C1258.61 290.334 1259.17 290.741 1259.87 291.079C1260.58 291.418 1261.39 291.644 1262.3 291.759L1261.67 293.118C1260.47 292.951 1259.42 292.608 1258.52 292.087C1257.63 291.566 1256.96 290.92 1256.53 290.149C1256.1 290.915 1255.43 291.561 1254.54 292.087C1253.64 292.608 1252.6 292.951 1251.42 293.118L1250.77 291.759C1251.67 291.644 1252.47 291.418 1253.17 291.079C1253.88 290.741 1254.44 290.334 1254.84 289.86C1255.25 289.381 1255.48 288.884 1255.52 288.368H1251.28V286.993H1261.78V288.368ZM1268.33 289.899C1268.33 290.691 1268.42 291.459 1268.61 292.204C1268.8 292.949 1269.1 293.631 1269.51 294.251C1269.91 294.871 1270.42 295.373 1271.03 295.759L1270.08 297.087C1269.46 296.717 1268.94 296.222 1268.52 295.603C1268.09 294.978 1267.75 294.261 1267.51 293.454C1267.24 294.334 1266.88 295.116 1266.42 295.798C1265.96 296.48 1265.41 297.019 1264.77 297.415L1263.69 296.118C1264.35 295.717 1264.9 295.191 1265.34 294.54C1265.79 293.889 1266.11 293.173 1266.33 292.392C1266.55 291.61 1266.66 290.806 1266.66 289.978V287.446H1268.33V289.899ZM1276.11 300.321H1274.44V286.196H1276.11V300.321ZM1273.17 299.634H1271.53V292.493H1269.52V291.056H1271.53V286.446H1273.17V299.634ZM1290.66 298.603H1277.75V297.181H1280.73V293.61C1280.16 293.277 1279.72 292.863 1279.4 292.368C1279.09 291.873 1278.93 291.316 1278.94 290.696C1278.93 289.962 1279.15 289.311 1279.6 288.743C1280.05 288.175 1280.67 287.738 1281.47 287.431C1282.27 287.118 1283.17 286.962 1284.17 286.962C1285.18 286.962 1286.09 287.118 1286.88 287.431C1287.68 287.738 1288.31 288.175 1288.76 288.743C1289.21 289.306 1289.44 289.957 1289.44 290.696C1289.44 291.3 1289.28 291.85 1288.98 292.345C1288.67 292.834 1288.24 293.243 1287.69 293.571V297.181H1290.66V298.603ZM1284.17 288.337C1283.47 288.337 1282.85 288.433 1282.31 288.626C1281.78 288.813 1281.37 289.084 1281.07 289.438C1280.78 289.793 1280.64 290.212 1280.64 290.696C1280.64 291.175 1280.78 291.592 1281.07 291.946C1281.37 292.3 1281.78 292.574 1282.32 292.767C1282.86 292.959 1283.47 293.056 1284.17 293.056C1284.87 293.056 1285.49 292.959 1286.02 292.767C1286.56 292.574 1286.98 292.3 1287.28 291.946C1287.58 291.592 1287.73 291.175 1287.73 290.696C1287.73 290.217 1287.58 289.8 1287.28 289.446C1286.98 289.087 1286.57 288.813 1286.03 288.626C1285.49 288.433 1284.87 288.337 1284.17 288.337ZM1285.92 297.181V294.235C1285.37 294.355 1284.79 294.415 1284.17 294.415C1283.58 294.415 1283.01 294.358 1282.45 294.243V297.181H1285.92ZM1293.3 299.056C1293.08 299.056 1292.87 299.001 1292.69 298.892C1292.5 298.782 1292.35 298.634 1292.24 298.446C1292.13 298.259 1292.08 298.056 1292.08 297.837C1292.08 297.623 1292.13 297.425 1292.24 297.243C1292.35 297.056 1292.5 296.907 1292.69 296.798C1292.87 296.688 1293.08 296.634 1293.3 296.634C1293.5 296.634 1293.7 296.688 1293.88 296.798C1294.07 296.907 1294.22 297.056 1294.33 297.243C1294.44 297.425 1294.5 297.623 1294.5 297.837C1294.5 298.056 1294.44 298.259 1294.33 298.446C1294.22 298.634 1294.07 298.782 1293.88 298.892C1293.7 299.001 1293.5 299.056 1293.3 299.056Z" fill="#515151"/>
</g>
<g clip-path="url(#clip10_24_29531)">
<g clip-path="url(#clip11_24_29531)">
<g clip-path="url(#clip12_24_29531)">
<mask id="mask3_24_29531" style="mask-type:luminance" maskUnits="userSpaceOnUse" x="1459" y="278" width="25" height="25">
<path d="M1483.1 278.211H1459.11V302.201H1483.1V278.211Z" fill="white"/>
</mask>
<g mask="url(#mask3_24_29531)">
<path d="M1466.11 288.207L1471.11 293.205L1476.1 288.207H1466.11Z" fill="#404040"/>
</g>
</g>
</g>
</g>
</g>
<rect x="733.41" y="346.69" width="782.99" height="58.39" rx="15.5" fill="white"/>
<rect x="733.41" y="346.69" width="782.99" height="58.39" rx="15.5" stroke="#EEEEEE"/>
<path fill-rule="evenodd" clip-rule="evenodd" d="M777.802 375.886C777.802 378.007 776.959 380.041 775.459 381.541C773.96 383.041 771.926 383.883 769.805 383.883C767.684 383.883 765.65 383.041 764.15 381.541C762.651 380.041 761.808 378.007 761.808 375.886H759.809C759.809 381.407 764.284 385.882 769.805 385.882C775.326 385.882 779.801 381.407 779.801 375.886C779.801 370.366 775.326 365.891 769.805 365.891C768.166 365.889 766.551 366.292 765.104 367.062C763.657 367.833 762.422 368.948 761.508 370.309V368.889C761.508 368.624 761.403 368.37 761.216 368.183C761.028 367.995 760.774 367.89 760.509 367.89C760.244 367.89 759.99 367.995 759.802 368.183C759.615 368.37 759.509 368.624 759.509 368.889V373.887H764.507C764.772 373.887 765.027 373.782 765.214 373.595C765.401 373.407 765.507 373.153 765.507 372.888C765.507 372.623 765.401 372.368 765.214 372.181C765.027 371.993 764.772 371.888 764.507 371.888H762.878C763.758 370.363 765.116 369.17 766.743 368.496C768.37 367.822 770.174 367.703 771.874 368.159C773.575 368.615 775.078 369.619 776.15 371.016C777.222 372.414 777.802 374.126 777.802 375.886ZM770.805 370.889C770.805 370.623 770.699 370.369 770.512 370.182C770.324 369.994 770.07 369.889 769.805 369.889C769.54 369.889 769.286 369.994 769.098 370.182C768.911 370.369 768.805 370.623 768.805 370.889V375.473L765.6 378.678C765.504 378.771 765.428 378.881 765.376 379.003C765.323 379.125 765.296 379.256 765.295 379.389C765.293 379.521 765.319 379.653 765.369 379.776C765.419 379.899 765.493 380.01 765.587 380.104C765.681 380.198 765.793 380.272 765.916 380.322C766.038 380.373 766.17 380.398 766.303 380.397C766.436 380.396 766.567 380.368 766.689 380.316C766.811 380.263 766.921 380.187 767.013 380.092L770.805 376.3V370.889Z" fill="#515151"/>
<path d="M801.618 372.258C801.618 372.852 801.826 373.43 802.243 373.992C802.665 374.555 803.254 375.036 804.009 375.438C804.769 375.839 805.639 376.102 806.618 376.227L805.931 377.633C804.743 377.456 803.691 377.091 802.774 376.539C801.858 375.982 801.168 375.302 800.704 374.5C800.241 375.302 799.553 375.982 798.642 376.539C797.73 377.091 796.686 377.456 795.509 377.633L794.821 376.227C795.79 376.102 796.652 375.839 797.407 375.438C798.162 375.036 798.748 374.555 799.165 373.992C799.582 373.43 799.79 372.852 799.79 372.258V371.539H801.618V372.258ZM807.134 380.289H801.524V385.211H799.806V380.289H794.259V378.852H807.134V380.289ZM812.009 371.711C812.613 371.706 813.168 371.812 813.673 372.031C814.178 372.245 814.6 372.549 814.938 372.945C815.282 373.336 815.511 373.789 815.626 374.305H818.181V371.086H819.915V378.664H818.181V375.711H815.642C815.527 376.237 815.298 376.701 814.954 377.102C814.616 377.503 814.191 377.815 813.681 378.039C813.17 378.258 812.613 378.367 812.009 378.367C811.295 378.367 810.655 378.224 810.087 377.938C809.519 377.651 809.074 377.255 808.751 376.75C808.433 376.24 808.274 375.664 808.274 375.023C808.274 374.388 808.433 373.818 808.751 373.312C809.074 372.807 809.519 372.414 810.087 372.133C810.655 371.846 811.295 371.706 812.009 371.711ZM812.009 373.164C811.603 373.164 811.243 373.24 810.931 373.391C810.618 373.542 810.373 373.758 810.196 374.039C810.019 374.32 809.931 374.648 809.931 375.023C809.931 375.393 810.019 375.721 810.196 376.008C810.373 376.289 810.618 376.508 810.931 376.664C811.248 376.82 811.608 376.898 812.009 376.898C812.399 376.898 812.748 376.82 813.056 376.664C813.368 376.508 813.61 376.289 813.782 376.008C813.959 375.721 814.05 375.393 814.056 375.023C814.05 374.648 813.959 374.32 813.782 374.039C813.61 373.758 813.371 373.542 813.063 373.391C812.756 373.24 812.405 373.164 812.009 373.164ZM812.321 380.82H818.181V379.32H819.915V385.039H810.603V379.32H812.321V380.82ZM818.181 383.633V382.164H812.321V383.633H818.181ZM831.071 373.961C831.071 374.555 831.204 375.128 831.47 375.68C831.735 376.227 832.129 376.716 832.649 377.148C833.17 377.576 833.795 377.904 834.524 378.133L833.634 379.492C832.847 379.237 832.165 378.859 831.587 378.359C831.009 377.854 830.556 377.26 830.228 376.578C829.899 377.323 829.436 377.971 828.837 378.523C828.243 379.076 827.535 379.492 826.712 379.773L825.821 378.398C826.556 378.154 827.183 377.805 827.704 377.352C828.23 376.893 828.629 376.372 828.899 375.789C829.175 375.201 829.316 374.591 829.321 373.961V373.555H826.274V372.164H834.04V373.555H831.071V373.961ZM837.478 381.352H835.728V371.102H837.478V381.352ZM837.868 384.93H828.134V380.414H829.884V383.523H837.868V384.93ZM851.618 379.961H849.962V376.117H848.587V379.492H846.962V371.367H848.587V374.711H849.962V371.086H851.618V379.961ZM846.493 373.977H839.462V372.617H842.134V371.211H843.853V372.617H846.493V373.977ZM842.993 374.555C843.587 374.555 844.116 374.656 844.579 374.859C845.043 375.062 845.405 375.349 845.665 375.719C845.931 376.083 846.066 376.508 846.071 376.992C846.066 377.477 845.931 377.904 845.665 378.273C845.405 378.638 845.043 378.922 844.579 379.125C844.116 379.328 843.587 379.43 842.993 379.43C842.41 379.43 841.886 379.328 841.423 379.125C840.959 378.922 840.597 378.635 840.337 378.266C840.082 377.896 839.957 377.471 839.962 376.992C839.957 376.513 840.082 376.089 840.337 375.719C840.597 375.349 840.959 375.062 841.423 374.859C841.886 374.656 842.41 374.555 842.993 374.555ZM842.993 375.805C842.55 375.805 842.191 375.911 841.915 376.125C841.644 376.339 841.509 376.628 841.509 376.992C841.509 377.357 841.644 377.646 841.915 377.859C842.186 378.073 842.545 378.18 842.993 378.18C843.441 378.18 843.803 378.073 844.079 377.859C844.355 377.646 844.493 377.357 844.493 376.992C844.493 376.628 844.355 376.339 844.079 376.125C843.803 375.911 843.441 375.805 842.993 375.805ZM846.853 380.133C847.858 380.133 848.722 380.232 849.446 380.43C850.17 380.628 850.725 380.919 851.11 381.305C851.496 381.685 851.691 382.143 851.696 382.68C851.691 383.206 851.493 383.656 851.103 384.031C850.717 384.411 850.162 384.701 849.438 384.898C848.715 385.096 847.853 385.195 846.853 385.195C845.853 385.195 844.988 385.096 844.259 384.898C843.535 384.701 842.978 384.411 842.587 384.031C842.201 383.656 842.009 383.206 842.009 382.68C842.009 382.143 842.201 381.685 842.587 381.305C842.978 380.919 843.535 380.628 844.259 380.43C844.983 380.232 845.847 380.133 846.853 380.133ZM846.853 381.461C845.837 381.451 845.063 381.549 844.532 381.758C844.006 381.961 843.743 382.268 843.743 382.68C843.743 383.07 844.009 383.367 844.54 383.57C845.071 383.768 845.842 383.867 846.853 383.867C847.858 383.867 848.623 383.768 849.149 383.57C849.681 383.367 849.946 383.07 849.946 382.68C849.946 382.268 849.681 381.961 849.149 381.758C848.623 381.549 847.858 381.451 846.853 381.461ZM868.962 385.211H867.212V371.086H868.962V385.211ZM864.743 372.586C864.743 374.831 864.235 376.802 863.22 378.5C862.204 380.193 860.519 381.596 858.165 382.711L857.259 381.32C859.076 380.456 860.444 379.422 861.36 378.219C862.282 377.01 862.821 375.591 862.978 373.961H857.978V372.586H864.743ZM882.134 375.148H884.103V376.602H882.134V381.273H880.368V371.086H882.134V375.148ZM878.29 372.164C878.29 373.404 878.03 374.526 877.509 375.531C876.988 376.531 876.233 377.393 875.243 378.117C874.259 378.836 873.066 379.398 871.665 379.805L870.946 378.43C872.014 378.122 872.936 377.729 873.712 377.25C874.493 376.766 875.11 376.214 875.563 375.594C876.017 374.974 876.293 374.305 876.392 373.586H871.54V372.164H878.29ZM882.665 384.93H873.056V380.227H874.821V383.523H882.665V384.93Z" fill="#515151"/>
<path d="M1067.01 374.55C1067 375.413 1067.14 376.252 1067.43 377.069C1067.72 377.885 1068.14 378.611 1068.69 379.247C1069.24 379.883 1069.88 380.358 1070.62 380.673L1069.6 382.053C1068.81 381.686 1068.12 381.151 1067.53 380.448C1066.94 379.746 1066.49 378.927 1066.15 377.991C1065.82 379.004 1065.36 379.893 1064.75 380.658C1064.15 381.417 1063.44 381.991 1062.6 382.379L1061.55 380.937C1062.31 380.611 1062.97 380.12 1063.53 379.464C1064.09 378.803 1064.52 378.045 1064.81 377.193C1065.11 376.335 1065.26 375.454 1065.26 374.55V372.317H1067.01V374.55ZM1073.36 385.216H1071.63V371.185H1073.36V385.216ZM1080.45 373.619C1080.45 374.203 1080.57 374.769 1080.82 375.317C1081.07 375.86 1081.45 376.345 1081.94 376.774C1082.45 377.203 1083.05 377.536 1083.77 377.774L1082.9 379.107C1082.13 378.854 1081.47 378.48 1080.91 377.983C1080.36 377.482 1079.92 376.896 1079.6 376.224C1079.29 376.958 1078.84 377.596 1078.25 378.138C1077.68 378.676 1076.99 379.082 1076.19 379.355L1075.27 378.022C1076 377.779 1076.63 377.433 1077.15 376.984C1077.66 376.529 1078.05 376.012 1078.32 375.433C1078.58 374.849 1078.71 374.245 1078.71 373.619V373.449H1075.75V372.069H1083.36V373.449H1080.45V373.619ZM1086.48 374.689H1088.43V376.131H1086.48V379.635H1084.76V371.185H1086.48V374.689ZM1086.48 385.2H1084.76V381.665H1077.15V380.286H1086.48V385.2ZM1093.11 371.635C1093.82 371.635 1094.45 371.772 1095.01 372.046C1095.58 372.315 1096.02 372.689 1096.34 373.17C1096.66 373.65 1096.83 374.193 1096.83 374.798C1096.83 375.407 1096.66 375.953 1096.34 376.433C1096.02 376.914 1095.58 377.288 1095.01 377.557C1094.45 377.826 1093.82 377.96 1093.11 377.96C1092.41 377.96 1091.77 377.826 1091.2 377.557C1090.64 377.288 1090.19 376.914 1089.87 376.433C1089.55 375.953 1089.39 375.407 1089.39 374.798C1089.39 374.193 1089.55 373.65 1089.87 373.17C1090.19 372.689 1090.64 372.315 1091.21 372.046C1091.78 371.772 1092.41 371.635 1093.11 371.635ZM1093.11 373.061C1092.72 373.061 1092.37 373.134 1092.06 373.278C1091.75 373.418 1091.51 373.619 1091.33 373.883C1091.16 374.141 1091.07 374.446 1091.07 374.798C1091.07 375.154 1091.16 375.467 1091.33 375.736C1091.51 375.999 1091.75 376.203 1092.06 376.348C1092.37 376.493 1092.72 376.565 1093.11 376.565C1093.51 376.565 1093.86 376.493 1094.17 376.348C1094.48 376.203 1094.72 375.999 1094.9 375.736C1095.07 375.467 1095.16 375.154 1095.16 374.798C1095.16 374.446 1095.07 374.141 1094.9 373.883C1094.72 373.619 1094.48 373.418 1094.17 373.278C1093.86 373.134 1093.51 373.061 1093.11 373.061ZM1100.82 378.27H1099.08V371.185H1100.82V378.27ZM1100.82 382.534H1093.24V383.665H1101.24V385.03H1091.55V381.262H1099.1V380.224H1091.52V378.875H1100.82V382.534ZM1109.61 378.906L1109.73 376.673L1107.86 377.898L1107.19 376.766L1109.19 375.759L1107.19 374.736L1107.86 373.604L1109.73 374.829L1109.61 372.596H1110.93L1110.8 374.829L1112.68 373.604L1113.33 374.736L1111.35 375.759L1113.33 376.766L1112.68 377.898L1110.8 376.673L1110.93 378.906H1109.61Z" fill="#969696"/>
<g clip-path="url(#clip13_24_29531)">
<rect width="143.99" height="23.98" transform="translate(1130.54 363.43)" fill="white"/>
<path fill-rule="evenodd" clip-rule="evenodd" d="M1139.2 367.92C1138.74 367.92 1138.36 368.293 1138.36 368.753V369.587C1136.52 369.587 1135.03 371.079 1135.03 372.92V379.587C1135.03 381.428 1136.52 382.92 1138.36 382.92H1146.7C1148.54 382.92 1150.03 381.428 1150.03 379.587V372.92C1150.03 371.079 1148.54 369.587 1146.7 369.587V368.753C1146.7 368.293 1146.32 367.92 1145.86 367.92C1145.4 367.92 1145.03 368.293 1145.03 368.753V369.587H1140.03V368.753C1140.03 368.293 1139.66 367.92 1139.2 367.92ZM1136.7 373.753V379.587C1136.7 380.507 1137.44 381.253 1138.36 381.253H1146.7C1147.62 381.253 1148.36 380.507 1148.36 379.587V373.753H1136.7Z" fill="#B9B9B9"/>
<path d="M1171.83 381.012H1170.09V377.512H1166.73C1166.39 377.897 1165.97 378.197 1165.48 378.41C1165 378.624 1164.48 378.73 1163.92 378.73C1163.22 378.73 1162.59 378.574 1162.01 378.262C1161.45 377.949 1161 377.52 1160.67 376.973C1160.35 376.421 1160.19 375.803 1160.19 375.121C1160.19 374.428 1160.35 373.806 1160.67 373.254C1161 372.702 1161.45 372.272 1162.01 371.965C1162.58 371.652 1163.22 371.496 1163.92 371.496C1164.48 371.496 1165 371.603 1165.48 371.816C1165.96 372.025 1166.37 372.319 1166.72 372.699H1170.09V370.652H1171.83V381.012ZM1172.19 384.48H1162.56V379.949H1164.3V383.074H1172.19V384.48ZM1163.92 373.043C1163.51 373.043 1163.16 373.129 1162.84 373.301C1162.53 373.473 1162.29 373.715 1162.11 374.027C1161.93 374.34 1161.84 374.704 1161.84 375.121C1161.84 375.533 1161.93 375.895 1162.11 376.207C1162.29 376.52 1162.53 376.762 1162.84 376.934C1163.16 377.1 1163.51 377.184 1163.92 377.184C1164.31 377.184 1164.65 377.098 1164.96 376.926C1165.27 376.754 1165.51 376.512 1165.69 376.199C1165.87 375.887 1165.96 375.527 1165.97 375.121C1165.96 374.71 1165.87 374.348 1165.69 374.035C1165.51 373.717 1165.27 373.473 1164.96 373.301C1164.65 373.129 1164.31 373.043 1163.92 373.043ZM1167.48 374.105C1167.58 374.454 1167.62 374.793 1167.62 375.121C1167.62 375.454 1167.58 375.783 1167.49 376.105H1170.09V374.105H1167.48ZM1185.3 378.434H1181.11V381.668H1186.73V383.09H1173.83V381.668H1179.39V378.434H1175.39V371.684H1185.19V373.074H1177.12V377.059H1185.3V378.434Z" fill="#515151"/>
<path d="M1194.27 379.48H1189.18V377.84H1194.27V379.48Z" fill="#515151"/>
<path d="M1208.5 378.887H1206.75V378.309H1204.11V377.246H1206.75V370.652H1208.5V378.887ZM1196.64 375.746C1198.4 375.746 1200.03 375.725 1201.53 375.684C1203.03 375.642 1204.46 375.553 1205.81 375.418L1205.91 376.512C1204.72 376.678 1203.41 376.796 1201.99 376.863V378.902H1200.27V376.934C1199.65 376.954 1198.76 376.965 1197.6 376.965H1196.83L1196.64 375.746ZM1208.5 382.496H1200.47V383.402H1208.88V384.637H1198.77V381.355H1206.78V380.512H1198.71V379.324H1208.5V382.496ZM1201.21 370.871C1201.9 370.871 1202.51 370.96 1203.04 371.137C1203.58 371.314 1203.99 371.564 1204.29 371.887C1204.59 372.204 1204.74 372.574 1204.74 372.996C1204.74 373.428 1204.59 373.803 1204.29 374.121C1203.99 374.439 1203.58 374.684 1203.05 374.855C1202.52 375.022 1201.9 375.105 1201.21 375.105C1200.49 375.105 1199.87 375.022 1199.33 374.855C1198.79 374.684 1198.38 374.439 1198.08 374.121C1197.79 373.803 1197.64 373.428 1197.64 372.996C1197.64 372.574 1197.79 372.204 1198.09 371.887C1198.39 371.564 1198.8 371.314 1199.34 371.137C1199.87 370.96 1200.5 370.871 1201.21 370.871ZM1201.21 372.027C1200.61 372.027 1200.14 372.116 1199.8 372.293C1199.46 372.465 1199.29 372.699 1199.3 372.996C1199.29 373.293 1199.46 373.527 1199.8 373.699C1200.14 373.866 1200.61 373.949 1201.21 373.949C1201.79 373.949 1202.25 373.866 1202.6 373.699C1202.94 373.527 1203.11 373.293 1203.11 372.996C1203.11 372.699 1202.94 372.465 1202.59 372.293C1202.24 372.116 1201.78 372.027 1201.21 372.027Z" fill="#515151"/>
<path d="M1217.11 379.48H1212.02V377.84H1217.11V379.48Z" fill="#515151"/>
<path d="M1223.5 371.09C1224.21 371.09 1224.85 371.228 1225.41 371.504C1225.98 371.775 1226.43 372.152 1226.75 372.637C1227.08 373.121 1227.24 373.668 1227.25 374.277C1227.24 374.892 1227.08 375.441 1226.75 375.926C1226.43 376.41 1225.98 376.788 1225.41 377.059C1224.85 377.329 1224.21 377.465 1223.5 377.465C1222.79 377.465 1222.14 377.329 1221.57 377.059C1221 376.788 1220.56 376.41 1220.23 375.926C1219.91 375.441 1219.75 374.892 1219.75 374.277C1219.75 373.668 1219.91 373.121 1220.23 372.637C1220.56 372.152 1221 371.775 1221.58 371.504C1222.15 371.228 1222.79 371.09 1223.5 371.09ZM1223.5 372.527C1223.1 372.527 1222.75 372.6 1222.44 372.746C1222.12 372.887 1221.88 373.09 1221.7 373.355C1221.53 373.616 1221.44 373.923 1221.44 374.277C1221.44 374.637 1221.53 374.952 1221.7 375.223C1221.88 375.488 1222.12 375.694 1222.44 375.84C1222.75 375.986 1223.1 376.059 1223.5 376.059C1223.89 376.059 1224.25 375.986 1224.56 375.84C1224.87 375.694 1225.12 375.488 1225.3 375.223C1225.47 374.952 1225.56 374.637 1225.56 374.277C1225.56 373.923 1225.47 373.616 1225.3 373.355C1225.12 373.09 1224.87 372.887 1224.56 372.746C1224.25 372.6 1223.89 372.527 1223.5 372.527ZM1231.26 377.777H1229.51V370.637H1231.26V377.777ZM1231.26 382.074H1223.62V383.215H1231.69V384.59H1221.92V380.793H1229.53V379.746H1221.89V378.387H1231.26V382.074Z" fill="#515151"/>
</g>
<path d="M1298.28 377.93H1303.87V379.336H1291V377.93H1296.56V376.133H1298.28V377.93ZM1297.42 380.242C1298.44 380.242 1299.32 380.339 1300.05 380.531C1300.78 380.719 1301.33 380.997 1301.72 381.367C1302.11 381.737 1302.31 382.185 1302.31 382.711C1302.31 383.237 1302.11 383.685 1301.72 384.055C1301.33 384.43 1300.78 384.714 1300.05 384.906C1299.32 385.099 1298.44 385.195 1297.42 385.195C1296.39 385.195 1295.51 385.099 1294.77 384.906C1294.04 384.714 1293.48 384.43 1293.08 384.055C1292.69 383.685 1292.5 383.237 1292.5 382.711C1292.5 382.185 1292.69 381.737 1293.08 381.367C1293.48 380.997 1294.04 380.719 1294.77 380.531C1295.51 380.339 1296.39 380.242 1297.42 380.242ZM1297.42 381.57C1296.38 381.57 1295.59 381.667 1295.05 381.859C1294.52 382.052 1294.26 382.336 1294.26 382.711C1294.26 383.102 1294.52 383.396 1295.05 383.594C1295.59 383.786 1296.38 383.883 1297.42 383.883C1298.44 383.883 1299.22 383.784 1299.76 383.586C1300.3 383.388 1300.57 383.096 1300.58 382.711C1300.57 382.336 1300.3 382.052 1299.76 381.859C1299.22 381.667 1298.44 381.57 1297.42 381.57ZM1302.72 373.102H1298.65C1298.75 373.487 1298.99 373.852 1299.39 374.195C1299.79 374.534 1300.32 374.823 1300.98 375.062C1301.65 375.297 1302.41 375.456 1303.26 375.539L1302.64 376.898C1301.37 376.768 1300.28 376.469 1299.37 376C1298.45 375.526 1297.81 374.932 1297.42 374.219C1297.04 374.938 1296.39 375.531 1295.48 376C1294.58 376.469 1293.49 376.768 1292.22 376.898L1291.61 375.539C1292.46 375.456 1293.21 375.297 1293.87 375.062C1294.53 374.823 1295.06 374.534 1295.45 374.195C1295.85 373.857 1296.1 373.492 1296.2 373.102H1292.17V371.711H1302.72V373.102ZM1317.73 383.57H1304.83V382.133H1308.25V379.805H1306.36V375.195H1314.48V373.461H1306.33V372.055H1316.2V376.586H1308.09V378.398H1316.53V379.805H1314.47V382.133H1317.73V383.57ZM1312.76 382.133V379.805H1309.94V382.133H1312.76ZM1322.66 371.539C1323.36 371.539 1324 371.677 1324.57 371.953C1325.14 372.224 1325.58 372.602 1325.91 373.086C1326.23 373.57 1326.4 374.117 1326.41 374.727C1326.4 375.341 1326.23 375.891 1325.91 376.375C1325.58 376.859 1325.14 377.237 1324.57 377.508C1324 377.779 1323.36 377.914 1322.66 377.914C1321.94 377.914 1321.3 377.779 1320.73 377.508C1320.16 377.237 1319.71 376.859 1319.39 376.375C1319.07 375.891 1318.91 375.341 1318.91 374.727C1318.91 374.117 1319.07 373.57 1319.39 373.086C1319.71 372.602 1320.16 372.224 1320.73 371.953C1321.31 371.677 1321.95 371.539 1322.66 371.539ZM1322.66 372.977C1322.26 372.977 1321.91 373.049 1321.59 373.195C1321.28 373.336 1321.04 373.539 1320.86 373.805C1320.68 374.065 1320.59 374.372 1320.59 374.727C1320.59 375.086 1320.68 375.401 1320.86 375.672C1321.04 375.938 1321.28 376.143 1321.59 376.289C1321.91 376.435 1322.26 376.508 1322.66 376.508C1323.05 376.508 1323.41 376.435 1323.72 376.289C1324.03 376.143 1324.28 375.938 1324.45 375.672C1324.63 375.401 1324.72 375.086 1324.72 374.727C1324.72 374.372 1324.63 374.065 1324.45 373.805C1324.28 373.539 1324.03 373.336 1323.72 373.195C1323.41 373.049 1323.05 372.977 1322.66 372.977ZM1330.42 378.227H1328.67V371.086H1330.42V378.227ZM1330.42 382.523H1322.78V383.664H1330.84V385.039H1321.08V381.242H1328.69V380.195H1321.05V378.836H1330.42V382.523Z" fill="#969696"/>
<g opacity="0.5" clip-path="url(#clip14_24_29531)">
<path d="M1389.3 381.012H1387.56V377.512H1384.2C1383.86 377.897 1383.44 378.197 1382.95 378.41C1382.47 378.624 1381.95 378.73 1381.39 378.73C1380.69 378.73 1380.06 378.574 1379.48 378.262C1378.92 377.949 1378.47 377.52 1378.14 376.973C1377.82 376.421 1377.66 375.803 1377.66 375.121C1377.66 374.428 1377.82 373.806 1378.14 373.254C1378.47 372.702 1378.92 372.272 1379.48 371.965C1380.05 371.652 1380.69 371.496 1381.39 371.496C1381.95 371.496 1382.47 371.603 1382.95 371.816C1383.43 372.025 1383.84 372.319 1384.19 372.699H1387.56V370.652H1389.3V381.012ZM1389.66 384.48H1380.03V379.949H1381.77V383.074H1389.66V384.48ZM1381.39 373.043C1380.98 373.043 1380.63 373.129 1380.31 373.301C1380 373.473 1379.76 373.715 1379.58 374.027C1379.4 374.34 1379.31 374.704 1379.31 375.121C1379.31 375.533 1379.4 375.895 1379.58 376.207C1379.76 376.52 1380 376.762 1380.31 376.934C1380.63 377.1 1380.98 377.184 1381.39 377.184C1381.78 377.184 1382.12 377.098 1382.43 376.926C1382.74 376.754 1382.98 376.512 1383.16 376.199C1383.34 375.887 1383.43 375.527 1383.44 375.121C1383.43 374.71 1383.34 374.348 1383.16 374.035C1382.98 373.717 1382.74 373.473 1382.43 373.301C1382.12 373.129 1381.78 373.043 1381.39 373.043ZM1384.95 374.105C1385.05 374.454 1385.09 374.793 1385.09 375.121C1385.09 375.454 1385.05 375.783 1384.96 376.105H1387.56V374.105H1384.95ZM1402.77 378.434H1398.58V381.668H1404.2V383.09H1391.3V381.668H1396.86V378.434H1392.86V371.684H1402.66V373.074H1394.59V377.059H1402.77V378.434Z" fill="#515151"/>
<path d="M1411.74 379.48H1406.65V377.84H1411.74V379.48Z" fill="#515151"/>
<path d="M1425.97 378.887H1424.22V378.309H1421.58V377.246H1424.22V370.652H1425.97V378.887ZM1414.11 375.746C1415.87 375.746 1417.5 375.725 1419 375.684C1420.5 375.642 1421.93 375.553 1423.29 375.418L1423.38 376.512C1422.19 376.678 1420.88 376.796 1419.46 376.863V378.902H1417.74V376.934C1417.12 376.954 1416.23 376.965 1415.07 376.965H1414.3L1414.11 375.746ZM1425.97 382.496H1417.94V383.402H1426.35V384.637H1416.24V381.355H1424.25V380.512H1416.18V379.324H1425.97V382.496ZM1418.68 370.871C1419.37 370.871 1419.98 370.96 1420.51 371.137C1421.05 371.314 1421.46 371.564 1421.76 371.887C1422.06 372.204 1422.21 372.574 1422.21 372.996C1422.21 373.428 1422.06 373.803 1421.76 374.121C1421.46 374.439 1421.05 374.684 1420.52 374.855C1419.99 375.022 1419.37 375.105 1418.68 375.105C1417.96 375.105 1417.34 375.022 1416.8 374.855C1416.26 374.684 1415.85 374.439 1415.55 374.121C1415.26 373.803 1415.11 373.428 1415.11 372.996C1415.11 372.574 1415.26 372.204 1415.56 371.887C1415.86 371.564 1416.27 371.314 1416.81 371.137C1417.35 370.96 1417.97 370.871 1418.68 370.871ZM1418.68 372.027C1418.08 372.027 1417.61 372.116 1417.27 372.293C1416.93 372.465 1416.76 372.699 1416.77 372.996C1416.76 373.293 1416.93 373.527 1417.27 373.699C1417.61 373.866 1418.08 373.949 1418.68 373.949C1419.26 373.949 1419.72 373.866 1420.07 373.699C1420.41 373.527 1420.58 373.293 1420.58 372.996C1420.58 372.699 1420.41 372.465 1420.06 372.293C1419.71 372.116 1419.25 372.027 1418.68 372.027Z" fill="#515151"/>
<path d="M1434.58 379.48H1429.49V377.84H1434.58V379.48Z" fill="#515151"/>
<path d="M1440.98 371.09C1441.69 371.09 1442.33 371.228 1442.89 371.504C1443.46 371.775 1443.91 372.152 1444.23 372.637C1444.56 373.121 1444.72 373.668 1444.73 374.277C1444.72 374.892 1444.56 375.441 1444.23 375.926C1443.91 376.41 1443.46 376.788 1442.89 377.059C1442.33 377.329 1441.69 377.465 1440.98 377.465C1440.27 377.465 1439.62 377.329 1439.05 377.059C1438.48 376.788 1438.04 376.41 1437.71 375.926C1437.39 375.441 1437.23 374.892 1437.23 374.277C1437.23 373.668 1437.39 373.121 1437.71 372.637C1438.04 372.152 1438.48 371.775 1439.06 371.504C1439.63 371.228 1440.27 371.09 1440.98 371.09ZM1440.98 372.527C1440.58 372.527 1440.23 372.6 1439.92 372.746C1439.6 372.887 1439.36 373.09 1439.18 373.355C1439.01 373.616 1438.92 373.923 1438.92 374.277C1438.92 374.637 1439.01 374.952 1439.18 375.223C1439.36 375.488 1439.6 375.694 1439.92 375.84C1440.23 375.986 1440.58 376.059 1440.98 376.059C1441.37 376.059 1441.73 375.986 1442.04 375.84C1442.35 375.694 1442.6 375.488 1442.78 375.223C1442.95 374.952 1443.04 374.637 1443.04 374.277C1443.04 373.923 1442.95 373.616 1442.78 373.355C1442.6 373.09 1442.35 372.887 1442.04 372.746C1441.73 372.6 1441.37 372.527 1440.98 372.527ZM1448.74 377.777H1446.99V370.637H1448.74V377.777ZM1448.74 382.074H1441.1V383.215H1449.17V384.59H1439.4V380.793H1447.01V379.746H1439.37V378.387H1448.74V382.074Z" fill="#515151"/>
</g>
<rect x="733.41" y="422.07" width="782.99" height="76.61" rx="15.5" fill="white"/>
<rect x="733.41" y="422.07" width="782.99" height="76.61" rx="15.5" stroke="#EEEEEE"/>
<path fill-rule="evenodd" clip-rule="evenodd" d="M777.802 460.377C777.802 462.498 776.96 464.532 775.46 466.031C773.96 467.531 771.926 468.373 769.805 468.373C767.685 468.373 765.651 467.531 764.151 466.031C762.651 464.532 761.809 462.498 761.809 460.377C761.809 458.256 762.651 456.222 764.151 454.722C765.651 453.223 767.685 452.38 769.805 452.38C771.926 452.38 773.96 453.223 775.46 454.722C776.96 456.222 777.802 458.256 777.802 460.377ZM779.801 460.377C779.801 465.897 775.326 470.373 769.805 470.373C764.285 470.373 759.81 465.897 759.81 460.377C759.81 454.856 764.285 450.381 769.805 450.381C775.326 450.381 779.801 454.856 779.801 460.377ZM770.805 455.379C770.805 455.114 770.7 454.859 770.512 454.672C770.325 454.485 770.071 454.379 769.805 454.379C769.54 454.379 769.286 454.485 769.099 454.672C768.911 454.859 768.806 455.114 768.806 455.379V459.963L765.6 463.169C765.505 463.261 765.429 463.371 765.376 463.493C765.324 463.615 765.296 463.746 765.295 463.879C765.294 464.012 765.319 464.143 765.369 464.266C765.42 464.389 765.494 464.5 765.588 464.594C765.682 464.688 765.793 464.762 765.916 464.813C766.039 464.863 766.171 464.888 766.303 464.887C766.436 464.886 766.567 464.858 766.689 464.806C766.811 464.754 766.921 464.677 767.014 464.582L770.805 460.791V455.379Z" fill="#515151"/>
<path d="M797.628 456.748C797.628 457.342 797.837 457.92 798.253 458.482C798.675 459.045 799.264 459.527 800.019 459.928C800.779 460.329 801.649 460.592 802.628 460.717L801.941 462.123C800.753 461.946 799.701 461.581 798.785 461.029C797.868 460.472 797.178 459.792 796.714 458.99C796.251 459.792 795.563 460.472 794.652 461.029C793.74 461.581 792.696 461.946 791.519 462.123L790.832 460.717C791.8 460.592 792.662 460.329 793.417 459.928C794.173 459.527 794.759 459.045 795.175 458.482C795.592 457.92 795.8 457.342 795.8 456.748V456.029H797.628V456.748ZM803.144 464.779H797.535V469.701H795.816V464.779H790.269V463.342H803.144V464.779ZM808.019 456.201C808.623 456.196 809.178 456.303 809.683 456.521C810.188 456.735 810.61 457.04 810.949 457.436C811.292 457.826 811.522 458.279 811.636 458.795H814.191V455.576H815.925V463.154H814.191V460.201H811.652C811.537 460.727 811.308 461.191 810.964 461.592C810.626 461.993 810.201 462.305 809.691 462.529C809.181 462.748 808.623 462.857 808.019 462.857C807.306 462.857 806.665 462.714 806.097 462.428C805.529 462.141 805.084 461.745 804.761 461.24C804.444 460.73 804.285 460.154 804.285 459.514C804.285 458.878 804.444 458.308 804.761 457.803C805.084 457.298 805.529 456.904 806.097 456.623C806.665 456.337 807.306 456.196 808.019 456.201ZM808.019 457.654C807.613 457.654 807.253 457.73 806.941 457.881C806.628 458.032 806.384 458.248 806.207 458.529C806.029 458.811 805.941 459.139 805.941 459.514C805.941 459.883 806.029 460.212 806.207 460.498C806.384 460.779 806.628 460.998 806.941 461.154C807.259 461.311 807.618 461.389 808.019 461.389C808.41 461.389 808.759 461.311 809.066 461.154C809.378 460.998 809.621 460.779 809.792 460.498C809.97 460.212 810.061 459.883 810.066 459.514C810.061 459.139 809.97 458.811 809.792 458.529C809.621 458.248 809.381 458.032 809.074 457.881C808.766 457.73 808.415 457.654 808.019 457.654ZM808.332 465.311H814.191V463.811H815.925V469.529H806.613V463.811H808.332V465.311ZM814.191 468.123V466.654H808.332V468.123H814.191ZM827.066 458.967C827.061 459.837 827.204 460.683 827.496 461.506C827.787 462.329 828.209 463.061 828.761 463.701C829.313 464.342 829.962 464.821 830.707 465.139L829.675 466.529C828.878 466.16 828.183 465.62 827.589 464.912C827.001 464.204 826.54 463.378 826.207 462.436C825.873 463.456 825.402 464.352 824.792 465.123C824.188 465.889 823.467 466.467 822.628 466.857L821.566 465.404C822.332 465.076 822.996 464.581 823.558 463.92C824.126 463.253 824.558 462.49 824.855 461.631C825.152 460.766 825.3 459.878 825.3 458.967V456.717H827.066V458.967ZM833.472 469.717H831.722V455.576H833.472V469.717ZM846.691 459.639H848.66V461.092H846.691V465.764H844.925V455.576H846.691V459.639ZM842.847 456.654C842.847 457.894 842.587 459.016 842.066 460.021C841.545 461.021 840.79 461.883 839.8 462.607C838.816 463.326 837.623 463.889 836.222 464.295L835.503 462.92C836.571 462.613 837.493 462.219 838.269 461.74C839.05 461.256 839.667 460.704 840.121 460.084C840.574 459.464 840.85 458.795 840.949 458.076H836.097V456.654H842.847ZM847.222 469.42H837.613V464.717H839.378V468.014H847.222V469.42ZM856.175 463.357L856.3 461.107L854.41 462.342L853.738 461.201L855.753 460.186L853.738 459.154L854.41 458.014L856.3 459.248L856.175 456.998H857.503L857.378 459.248L859.269 458.014L859.925 459.154L857.925 460.186L859.925 461.201L859.269 462.342L857.378 461.107L857.503 463.357H856.175Z" fill="#515151"/>
<path d="M1082.86 459.04C1082.85 459.903 1082.99 460.743 1083.28 461.559C1083.57 462.376 1083.99 463.102 1084.54 463.737C1085.09 464.373 1085.73 464.848 1086.47 465.163L1085.45 466.543C1084.66 466.176 1083.97 465.641 1083.38 464.939C1082.79 464.236 1082.34 463.417 1082 462.481C1081.67 463.494 1081.21 464.383 1080.6 465.148C1080 465.908 1079.29 466.481 1078.45 466.869L1077.4 465.427C1078.16 465.101 1078.82 464.611 1079.38 463.954C1079.94 463.293 1080.37 462.536 1080.66 461.683C1080.96 460.825 1081.11 459.944 1081.11 459.04V456.807H1082.86V459.04ZM1089.21 469.706H1087.48V455.676H1089.21V469.706ZM1096.3 458.11C1096.3 458.694 1096.42 459.259 1096.67 459.807C1096.92 460.35 1097.3 460.836 1097.79 461.264C1098.3 461.693 1098.9 462.027 1099.62 462.264L1098.75 463.598C1097.98 463.344 1097.32 462.97 1096.76 462.474C1096.21 461.972 1095.77 461.386 1095.45 460.714C1095.14 461.448 1094.69 462.086 1094.1 462.629C1093.53 463.166 1092.84 463.572 1092.04 463.846L1091.12 462.512C1091.85 462.27 1092.48 461.923 1093 461.474C1093.51 461.019 1093.9 460.502 1094.17 459.923C1094.43 459.34 1094.56 458.735 1094.56 458.11V457.939H1091.6V456.559H1099.21V457.939H1096.3V458.11ZM1102.33 459.179H1104.28V460.621H1102.33V464.125H1100.61V455.676H1102.33V459.179ZM1102.33 469.69H1100.61V466.156H1093V464.776H1102.33V469.69ZM1111.74 463.396L1111.86 461.164L1109.99 462.388L1109.32 461.257L1111.32 460.249L1109.32 459.226L1109.99 458.094L1111.86 459.319L1111.74 457.086H1113.06L1112.93 459.319L1114.81 458.094L1115.46 459.226L1113.48 460.249L1115.46 461.257L1114.81 462.388L1112.93 461.164L1113.06 463.396H1111.74Z" fill="#969696"/>
<rect x="1133.06" y="438.98" width="142.99" height="42.81" rx="7.5" stroke="#EEEEEE"/>
<g clip-path="url(#clip15_24_29531)">
<rect width="126.18" height="25.99" transform="translate(1141.46 447.381)" fill="white"/>
<path d="M1176.54 464.432H1171.45V462.791H1176.54V464.432ZM1183.64 464.432H1178.54V462.791H1183.64V464.432Z" fill="#515151"/>
<path d="M1196.47 464.432H1191.38V462.791H1196.47V464.432ZM1203.57 464.432H1198.47V462.791H1203.57V464.432Z" fill="#515151"/>
<path d="M1207.6 467.457C1207.38 467.457 1207.18 467.402 1206.99 467.293C1206.8 467.184 1206.65 467.035 1206.54 466.848C1206.43 466.66 1206.38 466.457 1206.38 466.238C1206.38 466.025 1206.43 465.827 1206.54 465.645C1206.65 465.457 1206.8 465.309 1206.99 465.199C1207.18 465.09 1207.38 465.035 1207.6 465.035C1207.81 465.035 1208 465.09 1208.18 465.199C1208.37 465.309 1208.52 465.457 1208.63 465.645C1208.74 465.827 1208.8 466.025 1208.8 466.238C1208.8 466.457 1208.74 466.66 1208.63 466.848C1208.52 467.035 1208.37 467.184 1208.18 467.293C1208 467.402 1207.81 467.457 1207.6 467.457ZM1207.6 461.395C1207.38 461.395 1207.18 461.34 1206.99 461.23C1206.8 461.121 1206.65 460.973 1206.54 460.785C1206.43 460.598 1206.38 460.395 1206.38 460.176C1206.38 459.962 1206.43 459.764 1206.54 459.582C1206.65 459.395 1206.8 459.246 1206.99 459.137C1207.18 459.027 1207.38 458.973 1207.6 458.973C1207.81 458.973 1208 459.027 1208.18 459.137C1208.37 459.246 1208.52 459.395 1208.63 459.582C1208.74 459.764 1208.8 459.962 1208.8 460.176C1208.8 460.395 1208.74 460.598 1208.63 460.785C1208.52 460.973 1208.37 461.121 1208.18 461.23C1208 461.34 1207.81 461.395 1207.6 461.395Z" fill="#515151"/>
<path d="M1216.72 464.432H1211.63V462.791H1216.72V464.432ZM1223.82 464.432H1218.72V462.791H1223.82V464.432Z" fill="#515151"/>
<path fill-rule="evenodd" clip-rule="evenodd" d="M1154.45 468.708C1159.06 468.708 1162.79 464.977 1162.79 460.374C1162.79 455.772 1159.06 452.041 1154.45 452.041C1149.85 452.041 1146.12 455.772 1146.12 460.374C1146.12 464.977 1149.85 468.708 1154.45 468.708ZM1155.29 456.208C1155.29 455.747 1154.91 455.374 1154.45 455.374C1153.99 455.374 1153.62 455.747 1153.62 456.208V460.029L1150.95 462.702C1150.62 463.027 1150.62 463.555 1150.95 463.88C1151.27 464.206 1151.8 464.206 1152.13 463.88L1155.29 460.72V456.208Z" fill="#B9B9B9"/>
</g>
<path d="M1300.23 462.466H1305.78V463.861H1293.01V462.466H1298.52V460.683H1300.23V462.466ZM1299.38 464.76C1300.39 464.76 1301.26 464.856 1301.98 465.047C1302.7 465.233 1303.26 465.51 1303.64 465.877C1304.03 466.243 1304.22 466.688 1304.23 467.21C1304.22 467.732 1304.03 468.176 1303.64 468.543C1303.26 468.915 1302.7 469.197 1301.98 469.388C1301.26 469.579 1300.39 469.675 1299.38 469.675C1298.36 469.675 1297.48 469.579 1296.75 469.388C1296.02 469.197 1295.46 468.915 1295.07 468.543C1294.69 468.176 1294.49 467.732 1294.49 467.21C1294.49 466.688 1294.69 466.243 1295.07 465.877C1295.46 465.51 1296.02 465.233 1296.75 465.047C1297.48 464.856 1298.36 464.76 1299.38 464.76ZM1299.38 466.078C1298.34 466.078 1297.56 466.174 1297.03 466.365C1296.5 466.556 1296.24 466.838 1296.25 467.21C1296.24 467.597 1296.5 467.889 1297.03 468.086C1297.56 468.277 1298.34 468.373 1299.38 468.373C1300.39 468.373 1301.16 468.274 1301.69 468.078C1302.23 467.882 1302.5 467.592 1302.51 467.21C1302.5 466.838 1302.23 466.556 1301.69 466.365C1301.16 466.174 1300.39 466.078 1299.38 466.078ZM1304.63 457.676H1300.59C1300.69 458.058 1300.94 458.42 1301.33 458.761C1301.73 459.097 1302.26 459.383 1302.91 459.621C1303.57 459.854 1304.33 460.011 1305.17 460.094L1304.55 461.443C1303.29 461.314 1302.21 461.016 1301.31 460.551C1300.4 460.081 1299.76 459.492 1299.38 458.784C1298.99 459.497 1298.35 460.086 1297.45 460.551C1296.56 461.016 1295.48 461.314 1294.21 461.443L1293.61 460.094C1294.45 460.011 1295.2 459.854 1295.85 459.621C1296.51 459.383 1297.03 459.097 1297.42 458.761C1297.82 458.425 1298.07 458.063 1298.17 457.676H1294.17V456.296H1304.63V457.676ZM1319.53 468.062H1306.73V466.636H1310.12V464.326H1308.24V459.753H1316.31V458.032H1308.21V456.637H1318.01V461.133H1309.97V462.931H1318.34V464.326H1316.29V466.636H1319.53V468.062ZM1314.6 466.636V464.326H1311.79V466.636H1314.6ZM1327.19 463.396L1327.31 461.164L1325.44 462.388L1324.77 461.257L1326.77 460.249L1324.77 459.226L1325.44 458.094L1327.31 459.319L1327.19 457.086H1328.51L1328.38 459.319L1330.26 458.094L1330.91 459.226L1328.93 460.249L1330.91 461.257L1330.26 462.388L1328.38 461.164L1328.51 463.396H1327.19Z" fill="#969696"/>
<rect x="1348.51" y="438.98" width="142.99" height="42.81" rx="7.5" stroke="#EEEEEE"/>
<g opacity="0.5" clip-path="url(#clip16_24_29531)">
<path d="M1392 464.432H1386.91V462.791H1392V464.432ZM1399.1 464.432H1394V462.791H1399.1V464.432Z" fill="#515151"/>
<path d="M1411.93 464.432H1406.84V462.791H1411.93V464.432ZM1419.03 464.432H1413.93V462.791H1419.03V464.432Z" fill="#515151"/>
<path d="M1423.06 467.457C1422.84 467.457 1422.64 467.402 1422.45 467.293C1422.26 467.184 1422.11 467.035 1422 466.848C1421.89 466.66 1421.84 466.457 1421.84 466.238C1421.84 466.025 1421.89 465.827 1422 465.645C1422.11 465.457 1422.26 465.309 1422.45 465.199C1422.64 465.09 1422.84 465.035 1423.06 465.035C1423.27 465.035 1423.46 465.09 1423.64 465.199C1423.83 465.309 1423.98 465.457 1424.09 465.645C1424.2 465.827 1424.26 466.025 1424.26 466.238C1424.26 466.457 1424.2 466.66 1424.09 466.848C1423.98 467.035 1423.83 467.184 1423.64 467.293C1423.46 467.402 1423.27 467.457 1423.06 467.457ZM1423.06 461.395C1422.84 461.395 1422.64 461.34 1422.45 461.23C1422.26 461.121 1422.11 460.973 1422 460.785C1421.89 460.598 1421.84 460.395 1421.84 460.176C1421.84 459.962 1421.89 459.764 1422 459.582C1422.11 459.395 1422.26 459.246 1422.45 459.137C1422.64 459.027 1422.84 458.973 1423.06 458.973C1423.27 458.973 1423.46 459.027 1423.64 459.137C1423.83 459.246 1423.98 459.395 1424.09 459.582C1424.2 459.764 1424.26 459.962 1424.26 460.176C1424.26 460.395 1424.2 460.598 1424.09 460.785C1423.98 460.973 1423.83 461.121 1423.64 461.23C1423.46 461.34 1423.27 461.395 1423.06 461.395Z" fill="#515151"/>
<path d="M1432.17 464.432H1427.08V462.791H1432.17V464.432ZM1439.27 464.432H1434.17V462.791H1439.27V464.432Z" fill="#515151"/>
</g>
<rect x="733.41" y="515.68" width="782.99" height="72.81" rx="15.5" fill="white"/>
<rect x="733.41" y="515.68" width="782.99" height="72.81" rx="15.5" stroke="#EEEEEE"/>
<path fill-rule="evenodd" clip-rule="evenodd" d="M765.807 543.078C765.542 543.078 765.288 543.183 765.1 543.371C764.913 543.558 764.807 543.813 764.807 544.078V545.077C763.747 545.077 762.73 545.499 761.98 546.248C761.23 546.998 760.809 548.015 760.809 549.076V557.072C760.809 558.133 761.23 559.15 761.98 559.9C762.73 560.649 763.747 561.071 764.807 561.071H774.803C775.864 561.071 776.881 560.649 777.63 559.9C778.38 559.15 778.802 558.133 778.802 557.072V549.076C778.802 548.015 778.38 546.998 777.63 546.248C776.881 545.499 775.864 545.077 774.803 545.077V544.078C774.803 543.813 774.698 543.558 774.51 543.371C774.323 543.183 774.069 543.078 773.804 543.078C773.539 543.078 773.284 543.183 773.097 543.371C772.909 543.558 772.804 543.813 772.804 544.078V545.077H766.807V544.078C766.807 543.813 766.701 543.558 766.514 543.371C766.326 543.183 766.072 543.078 765.807 543.078ZM764.807 547.076H774.803C775.154 547.076 775.499 547.169 775.803 547.344C776.107 547.52 776.359 547.772 776.535 548.076H763.076C763.252 547.772 763.504 547.52 763.808 547.344C764.112 547.169 764.456 547.076 764.807 547.076ZM762.808 550.075V557.072C762.808 557.603 763.019 558.111 763.394 558.486C763.769 558.861 764.277 559.071 764.807 559.071H774.803C775.333 559.071 775.842 558.861 776.217 558.486C776.592 558.111 776.802 557.603 776.802 557.072V550.075H762.808Z" fill="#515151"/>
<path d="M807.149 555.65H801.696V558.244H799.931V555.65H794.243V554.26H807.149V555.65ZM805.728 561.119H795.821V556.932H797.571V559.697H805.728V561.119ZM800.681 547.588C801.691 547.588 802.576 547.705 803.337 547.939C804.103 548.174 804.694 548.51 805.11 548.947C805.532 549.38 805.743 549.89 805.743 550.479C805.743 551.067 805.532 551.577 805.11 552.01C804.694 552.442 804.103 552.775 803.337 553.01C802.576 553.239 801.691 553.354 800.681 553.354C799.67 553.354 798.782 553.239 798.017 553.01C797.256 552.775 796.665 552.442 796.243 552.01C795.826 551.577 795.618 551.067 795.618 550.479C795.618 549.89 795.826 549.38 796.243 548.947C796.665 548.51 797.256 548.174 798.017 547.939C798.782 547.705 799.67 547.588 800.681 547.588ZM800.681 548.963C800.035 548.963 799.47 549.023 798.985 549.143C798.506 549.262 798.136 549.437 797.876 549.666C797.616 549.89 797.488 550.161 797.493 550.479C797.488 550.786 797.616 551.051 797.876 551.275C798.136 551.499 798.506 551.671 798.985 551.791C799.47 551.906 800.035 551.963 800.681 551.963C801.332 551.963 801.897 551.906 802.376 551.791C802.86 551.671 803.233 551.499 803.493 551.275C803.754 551.051 803.884 550.786 803.884 550.479C803.884 550.161 803.754 549.89 803.493 549.666C803.233 549.437 802.86 549.262 802.376 549.143C801.897 549.023 801.332 548.963 800.681 548.963ZM812.009 548.072C812.571 548.072 813.092 548.171 813.571 548.369C814.056 548.562 814.467 548.838 814.806 549.197H818.181V547.275H819.915V555.588H818.181V553.791H814.798C814.465 554.145 814.056 554.421 813.571 554.619C813.092 554.812 812.571 554.906 812.009 554.9C811.311 554.906 810.675 554.762 810.103 554.471C809.535 554.179 809.087 553.773 808.759 553.252C808.436 552.731 808.274 552.145 808.274 551.494C808.274 550.838 808.436 550.249 808.759 549.729C809.087 549.208 809.535 548.801 810.103 548.51C810.67 548.218 811.306 548.072 812.009 548.072ZM812.009 549.557C811.603 549.557 811.243 549.637 810.931 549.799C810.618 549.955 810.373 550.179 810.196 550.471C810.019 550.762 809.931 551.104 809.931 551.494C809.931 551.874 810.019 552.213 810.196 552.51C810.373 552.801 810.618 553.028 810.931 553.189C811.248 553.351 811.608 553.432 812.009 553.432C812.394 553.432 812.741 553.351 813.048 553.189C813.36 553.028 813.605 552.801 813.782 552.51C813.959 552.213 814.05 551.874 814.056 551.494C814.05 551.104 813.959 550.762 813.782 550.471C813.605 550.179 813.363 549.955 813.056 549.799C812.748 549.637 812.399 549.557 812.009 549.557ZM815.134 555.885C816.118 555.885 816.972 555.994 817.696 556.213C818.425 556.432 818.985 556.747 819.376 557.158C819.767 557.57 819.962 558.062 819.962 558.635C819.962 559.208 819.767 559.7 819.376 560.111C818.985 560.523 818.425 560.838 817.696 561.057C816.972 561.275 816.118 561.385 815.134 561.385C814.149 561.385 813.295 561.275 812.571 561.057C811.853 560.838 811.298 560.523 810.907 560.111C810.522 559.7 810.332 559.208 810.337 558.635C810.332 558.062 810.522 557.57 810.907 557.158C811.298 556.747 811.853 556.432 812.571 556.213C813.295 555.994 814.149 555.885 815.134 555.885ZM815.134 557.213C814.144 557.213 813.379 557.335 812.837 557.58C812.3 557.825 812.035 558.176 812.04 558.635C812.035 559.077 812.3 559.421 812.837 559.666C813.379 559.906 814.144 560.025 815.134 560.025C816.134 560.025 816.905 559.906 817.446 559.666C817.988 559.421 818.259 559.077 818.259 558.635C818.259 558.176 817.988 557.825 817.446 557.58C816.91 557.335 816.139 557.213 815.134 557.213ZM815.587 550.588C815.67 550.895 815.712 551.197 815.712 551.494C815.712 551.775 815.673 552.072 815.595 552.385H818.181V550.588H815.587ZM838.618 559.682H825.712V558.26H828.696V554.689C828.123 554.356 827.678 553.942 827.36 553.447C827.048 552.952 826.894 552.395 826.899 551.775C826.894 551.041 827.116 550.39 827.563 549.822C828.011 549.255 828.634 548.817 829.431 548.51C830.228 548.197 831.129 548.041 832.134 548.041C833.144 548.041 834.048 548.197 834.845 548.51C835.647 548.817 836.272 549.255 836.72 549.822C837.173 550.385 837.399 551.036 837.399 551.775C837.399 552.38 837.246 552.929 836.938 553.424C836.636 553.913 836.207 554.322 835.649 554.65V558.26H838.618V559.682ZM832.134 549.416C831.431 549.416 830.811 549.512 830.274 549.705C829.743 549.893 829.329 550.163 829.032 550.518C828.741 550.872 828.597 551.291 828.603 551.775C828.597 552.255 828.741 552.671 829.032 553.025C829.329 553.38 829.746 553.653 830.282 553.846C830.819 554.038 831.436 554.135 832.134 554.135C832.832 554.135 833.449 554.038 833.985 553.846C834.527 553.653 834.946 553.38 835.243 553.025C835.545 552.671 835.696 552.255 835.696 551.775C835.696 551.296 835.545 550.88 835.243 550.525C834.946 550.166 834.53 549.893 833.993 549.705C833.457 549.512 832.837 549.416 832.134 549.416ZM833.884 558.26V555.314C833.332 555.434 832.748 555.494 832.134 555.494C831.545 555.494 830.972 555.437 830.415 555.322V558.26H833.884ZM843.54 547.729C844.248 547.729 844.886 547.867 845.454 548.143C846.022 548.413 846.467 548.791 846.79 549.275C847.118 549.76 847.285 550.307 847.29 550.916C847.285 551.531 847.118 552.08 846.79 552.564C846.467 553.049 846.022 553.426 845.454 553.697C844.886 553.968 844.248 554.104 843.54 554.104C842.826 554.104 842.183 553.968 841.61 553.697C841.043 553.426 840.597 553.049 840.274 552.564C839.951 552.08 839.79 551.531 839.79 550.916C839.79 550.307 839.951 549.76 840.274 549.275C840.597 548.791 841.045 548.413 841.618 548.143C842.191 547.867 842.832 547.729 843.54 547.729ZM843.54 549.166C843.144 549.166 842.79 549.239 842.478 549.385C842.165 549.525 841.92 549.729 841.743 549.994C841.566 550.255 841.478 550.562 841.478 550.916C841.478 551.275 841.566 551.59 841.743 551.861C841.92 552.127 842.165 552.333 842.478 552.479C842.79 552.624 843.144 552.697 843.54 552.697C843.936 552.697 844.29 552.624 844.603 552.479C844.915 552.333 845.16 552.127 845.337 551.861C845.514 551.59 845.603 551.275 845.603 550.916C845.603 550.562 845.514 550.255 845.337 549.994C845.16 549.729 844.915 549.525 844.603 549.385C844.29 549.239 843.936 549.166 843.54 549.166ZM851.306 554.416H849.556V547.275H851.306V554.416ZM851.306 558.713H843.665V559.854H851.728V561.229H841.962V557.432H849.571V556.385H841.931V555.025H851.306V558.713ZM860.165 555.057L860.29 552.807L858.399 554.041L857.728 552.9L859.743 551.885L857.728 550.854L858.399 549.713L860.29 550.947L860.165 548.697H861.493L861.368 550.947L863.259 549.713L863.915 550.854L861.915 551.885L863.915 552.9L863.259 554.041L861.368 552.807L861.493 555.057H860.165Z" fill="#515151"/>
<rect x="889.32" y="543.578" width="17" height="17" rx="3.5" fill="#515151"/>
<rect x="889.32" y="543.578" width="17" height="17" rx="3.5" stroke="#515151"/>
<g clip-path="url(#clip17_24_29531)">
<mask id="mask4_24_29531" style="mask-type:luminance" maskUnits="userSpaceOnUse" x="891" y="546" width="13" height="13">
<path d="M903.82 546.078H891.82V558.078H903.82V546.078Z" fill="white"/>
</mask>
<g mask="url(#mask4_24_29531)">
<path d="M896.32 554.163L894.235 552.078L893.525 552.783L896.32 555.578L902.32 549.578L901.615 548.873L896.32 554.163Z" fill="white"/>
</g>
</g>
<path d="M925.18 549.666H923.93V553.674C924.503 553.632 925.008 553.583 925.445 553.525V552.26H927.383V551.041H925.445V549.65H927.383V547.275H929.117V555.932H927.383V553.65H925.484L925.555 554.807C924.352 555.005 923.065 555.137 921.695 555.205C920.331 555.273 918.93 555.307 917.492 555.307L917.305 553.869C917.992 553.869 918.523 553.867 918.898 553.861V549.666H917.664V548.26H925.18V549.666ZM924.336 556.182C925.341 556.182 926.203 556.283 926.922 556.486C927.646 556.689 928.201 556.986 928.586 557.377C928.971 557.768 929.164 558.239 929.164 558.791C929.164 559.327 928.971 559.791 928.586 560.182C928.201 560.572 927.646 560.869 926.922 561.072C926.198 561.281 925.336 561.385 924.336 561.385C923.341 561.385 922.482 561.281 921.758 561.072C921.039 560.869 920.487 560.572 920.102 560.182C919.721 559.791 919.534 559.327 919.539 558.791C919.534 558.239 919.721 557.768 920.102 557.377C920.482 556.986 921.031 556.689 921.75 556.486C922.474 556.283 923.336 556.182 924.336 556.182ZM924.336 557.51C923.346 557.51 922.586 557.619 922.055 557.838C921.523 558.057 921.258 558.374 921.258 558.791C921.258 559.197 921.523 559.507 922.055 559.721C922.586 559.934 923.346 560.041 924.336 560.041C925.331 560.041 926.094 559.934 926.625 559.721C927.161 559.507 927.43 559.197 927.43 558.791C927.43 558.374 927.164 558.057 926.633 557.838C926.102 557.619 925.336 557.51 924.336 557.51ZM920.586 553.838C920.951 553.827 921.508 553.807 922.258 553.775V549.666H920.586V553.838ZM935.117 547.729C935.826 547.729 936.464 547.867 937.031 548.143C937.599 548.413 938.044 548.791 938.367 549.275C938.695 549.76 938.862 550.307 938.867 550.916C938.862 551.531 938.695 552.08 938.367 552.564C938.044 553.049 937.599 553.426 937.031 553.697C936.464 553.968 935.826 554.104 935.117 554.104C934.404 554.104 933.76 553.968 933.188 553.697C932.62 553.426 932.174 553.049 931.852 552.564C931.529 552.08 931.367 551.531 931.367 550.916C931.367 550.307 931.529 549.76 931.852 549.275C932.174 548.791 932.622 548.413 933.195 548.143C933.768 547.867 934.409 547.729 935.117 547.729ZM935.117 549.166C934.721 549.166 934.367 549.239 934.055 549.385C933.742 549.525 933.497 549.729 933.32 549.994C933.143 550.255 933.055 550.562 933.055 550.916C933.055 551.275 933.143 551.59 933.32 551.861C933.497 552.127 933.742 552.333 934.055 552.479C934.367 552.624 934.721 552.697 935.117 552.697C935.513 552.697 935.867 552.624 936.18 552.479C936.492 552.333 936.737 552.127 936.914 551.861C937.091 551.59 937.18 551.275 937.18 550.916C937.18 550.562 937.091 550.255 936.914 549.994C936.737 549.729 936.492 549.525 936.18 549.385C935.867 549.239 935.513 549.166 935.117 549.166ZM942.883 554.416H941.133V547.275H942.883V554.416ZM942.883 558.713H935.242V559.854H943.305V561.229H933.539V557.432H941.148V556.385H933.508V555.025H942.883V558.713ZM961.648 559.682H948.742V558.26H954.305V555.182H950.164V548.369H960.164V555.182H956.023V558.26H961.648V559.682ZM951.867 553.822H958.445V549.76H951.867V553.822ZM973.914 553.76H964.242V548.057H973.758V549.447H966.023V552.385H973.914V553.76ZM975.461 556.729H969.836V561.369H968.117V556.729H962.555V555.322H975.461V556.729Z" fill="#515151"/>
<rect x="992.53" y="543.578" width="17" height="17" rx="3.5" fill="#515151"/>
<rect x="992.53" y="543.578" width="17" height="17" rx="3.5" stroke="#515151"/>
<g clip-path="url(#clip18_24_29531)">
<mask id="mask5_24_29531" style="mask-type:luminance" maskUnits="userSpaceOnUse" x="995" y="546" width="13" height="13">
<path d="M1007.03 546.078H995.03V558.078H1007.03V546.078Z" fill="white"/>
</mask>
<g mask="url(#mask5_24_29531)">
<path d="M999.53 554.163L997.445 552.078L996.735 552.783L999.53 555.578L1005.53 549.578L1004.83 548.873L999.53 554.163Z" fill="white"/>
</g>
</g>
<path d="M1033.37 556.557H1027.76V561.385H1026.05V556.557H1020.5V555.15H1033.37V556.557ZM1032.19 549.447H1027.94C1027.98 549.963 1028.2 550.46 1028.61 550.939C1029.01 551.413 1029.57 551.82 1030.28 552.158C1030.99 552.497 1031.8 552.723 1032.7 552.838L1032.08 554.197C1030.88 554.031 1029.83 553.687 1028.93 553.166C1028.03 552.645 1027.37 551.999 1026.94 551.229C1026.5 551.994 1025.84 552.64 1024.94 553.166C1024.05 553.687 1023.01 554.031 1021.83 554.197L1021.17 552.838C1022.07 552.723 1022.87 552.497 1023.58 552.158C1024.29 551.82 1024.84 551.413 1025.25 550.939C1025.66 550.46 1025.89 549.963 1025.93 549.447H1021.69V548.072H1032.19V549.447ZM1045.47 550.119H1047.44V551.557H1045.47V554.369H1043.73V547.275H1045.47V550.119ZM1041.5 553.775H1034.81V547.994H1041.5V553.775ZM1036.51 552.4H1039.8V549.369H1036.51V552.4ZM1045.47 558.682H1037.97V559.854H1045.91V561.229H1036.25V557.416H1043.73V556.322H1036.23V554.979H1045.47V558.682ZM1064.86 559.682H1051.95V558.26H1057.51V555.182H1053.37V548.369H1063.37V555.182H1059.23V558.26H1064.86V559.682ZM1055.08 553.822H1061.66V549.76H1055.08V553.822ZM1077.12 553.76H1067.45V548.057H1076.97V549.447H1069.23V552.385H1077.12V553.76ZM1078.67 556.729H1073.05V561.369H1071.33V556.729H1065.76V555.322H1078.67V556.729Z" fill="#515151"/>
<rect x="1115.24" y="532.08" width="0.99" height="40" fill="#EEEEEE"/>
<rect x="1152.23" y="532.08" width="39.96" height="40" rx="16" fill="#F9AB84"/>
<path d="M1177.02 552.775H1175.49V552.27H1173.18V551.34H1175.49V545.57H1177.02V552.775ZM1166.65 550.027C1168.18 550.027 1169.61 550.009 1170.92 549.973C1172.23 549.936 1173.48 549.859 1174.67 549.74L1174.75 550.697C1173.71 550.843 1172.57 550.946 1171.32 551.005V552.789H1169.82V551.066C1169.28 551.085 1168.5 551.094 1167.48 551.094H1166.81L1166.65 550.027ZM1177.02 555.934H1170V556.727H1177.35V557.807H1168.51V554.936H1175.52V554.197H1168.45V553.158H1177.02V555.934ZM1170.64 545.762C1171.24 545.762 1171.78 545.839 1172.25 545.994C1172.71 546.149 1173.08 546.368 1173.34 546.65C1173.6 546.928 1173.73 547.252 1173.73 547.621C1173.73 547.999 1173.6 548.327 1173.34 548.605C1173.08 548.883 1172.72 549.098 1172.25 549.248C1171.79 549.394 1171.25 549.467 1170.64 549.467C1170.01 549.467 1169.47 549.394 1169 549.248C1168.53 549.098 1168.16 548.883 1167.9 548.605C1167.65 548.327 1167.52 547.999 1167.52 547.621C1167.52 547.252 1167.65 546.928 1167.91 546.65C1168.17 546.368 1168.54 546.149 1169 545.994C1169.47 545.839 1170.02 545.762 1170.64 545.762ZM1170.64 546.773C1170.12 546.773 1169.71 546.851 1169.41 547.006C1169.11 547.156 1168.96 547.361 1168.97 547.621C1168.97 547.881 1169.11 548.086 1169.41 548.236C1169.71 548.382 1170.12 548.455 1170.64 548.455C1171.15 548.455 1171.55 548.382 1171.86 548.236C1172.16 548.086 1172.31 547.881 1172.31 547.621C1172.31 547.361 1172.15 547.156 1171.85 547.006C1171.55 546.851 1171.14 546.773 1170.64 546.773Z" fill="white"/>
<rect x="1202.19" y="532.08" width="39.97" height="40" rx="16" fill="#F9AB84"/>
<path d="M1226.41 550.656H1228.14V551.928H1226.41V557.916H1224.87V545.557H1226.41V550.656ZM1216.48 554.484C1217.83 554.484 1218.88 554.475 1219.64 554.457V553.302C1219.19 553.224 1218.8 553.083 1218.46 552.878C1218.13 552.673 1217.87 552.415 1217.69 552.105C1217.51 551.791 1217.42 551.445 1217.42 551.066C1217.42 550.606 1217.54 550.201 1217.79 549.85C1218.04 549.499 1218.4 549.228 1218.85 549.036C1219.31 548.84 1219.83 548.742 1220.42 548.742C1221 548.742 1221.51 548.84 1221.96 549.036C1222.42 549.228 1222.77 549.499 1223.03 549.85C1223.29 550.201 1223.42 550.606 1223.43 551.066C1223.42 551.449 1223.33 551.796 1223.14 552.105C1222.95 552.415 1222.69 552.675 1222.35 552.885C1222.01 553.09 1221.62 553.229 1221.17 553.302V554.402C1222.35 554.339 1223.37 554.247 1224.22 554.129L1224.31 555.236C1223.14 555.446 1221.94 555.583 1220.7 555.646C1219.47 555.71 1218.14 555.742 1216.7 555.742L1216.48 554.484ZM1224.08 548.182H1216.71V546.979H1219.64V545.611H1221.17V546.979H1224.08V548.182ZM1220.42 549.904C1219.94 549.913 1219.56 550.021 1219.28 550.226C1219 550.426 1218.86 550.706 1218.86 551.066C1218.86 551.422 1219 551.7 1219.28 551.9C1219.57 552.101 1219.94 552.197 1220.42 552.188C1220.89 552.197 1221.26 552.101 1221.54 551.9C1221.82 551.695 1221.96 551.417 1221.96 551.066C1221.96 550.711 1221.82 550.431 1221.54 550.226C1221.26 550.021 1220.89 549.913 1220.42 549.904Z" fill="white"/>
<rect x="1252.16" y="532.08" width="39.97" height="40" rx="16" fill="#F9AB84"/>
<path d="M1273.04 546.582C1273.04 547.102 1273.22 547.607 1273.59 548.1C1273.96 548.592 1274.47 549.013 1275.13 549.364C1275.8 549.715 1276.56 549.945 1277.42 550.055L1276.81 551.285C1275.77 551.13 1274.85 550.811 1274.05 550.328C1273.25 549.84 1272.65 549.246 1272.24 548.544C1271.83 549.246 1271.23 549.84 1270.44 550.328C1269.64 550.811 1268.72 551.13 1267.69 551.285L1267.09 550.055C1267.94 549.945 1268.69 549.715 1269.36 549.364C1270.02 549.013 1270.53 548.592 1270.89 548.1C1271.26 547.607 1271.44 547.102 1271.44 546.582V545.953H1273.04V546.582ZM1277.87 553.609H1272.96V557.916H1271.45V553.609H1266.6V552.352H1277.87V553.609Z" fill="white"/>
<rect x="1302.13" y="532.08" width="39.96" height="40" rx="16" fill="#F9AB84"/>
<path d="M1326.39 550.355H1322.94V551.654H1327.83V552.885H1316.56V551.654H1321.41V550.355H1317.98V546.062H1326.39V550.355ZM1319.46 549.152H1324.89V547.252H1319.46V549.152ZM1326.44 557.916H1324.93V555.127H1317.8V553.924H1326.44V557.916Z" fill="white"/>
<rect x="1352.09" y="532.08" width="39.97" height="40" rx="16" fill="#F9AB84"/>
<path d="M1376.44 547.115C1376.44 547.776 1376.42 548.366 1376.39 548.886C1376.36 549.401 1376.27 549.982 1376.14 550.629H1377.82V551.859H1366.53V550.629H1374.6C1374.74 550.027 1374.82 549.476 1374.86 548.975C1374.9 548.473 1374.93 547.94 1374.93 547.375H1367.93V546.158H1376.44V547.115ZM1376.43 557.766H1367.88V553.295H1376.43V557.766ZM1369.37 556.535H1374.93V554.484H1369.37V556.535Z" fill="white"/>
<rect x="1402.06" y="532.08" width="39.97" height="40" rx="16" fill="#F9AB84"/>
<path d="M1426.55 552.994H1422.9V555.25H1427.79V556.467H1416.5V555.25H1421.37V552.994H1417.88V546.473H1426.44V547.703H1419.43V549.098H1426.15V550.301H1419.43V551.777H1426.55V552.994Z" fill="white"/>
<rect x="1452.03" y="532.08" width="39.97" height="40" rx="16" fill="#F9AB84"/>
<path d="M1469.98 545.953C1470.6 545.953 1471.16 546.074 1471.66 546.315C1472.15 546.552 1472.54 546.883 1472.82 547.307C1473.11 547.73 1473.26 548.209 1473.26 548.742C1473.26 549.28 1473.11 549.761 1472.82 550.185C1472.54 550.608 1472.15 550.939 1471.66 551.176C1471.16 551.413 1470.6 551.531 1469.98 551.531C1469.36 551.531 1468.79 551.413 1468.29 551.176C1467.8 550.939 1467.41 550.608 1467.12 550.185C1466.84 549.761 1466.7 549.28 1466.7 548.742C1466.7 548.209 1466.84 547.73 1467.12 547.307C1467.41 546.883 1467.8 546.552 1468.3 546.315C1468.8 546.074 1469.36 545.953 1469.98 545.953ZM1469.98 547.211C1469.63 547.211 1469.32 547.275 1469.05 547.402C1468.78 547.525 1468.56 547.703 1468.41 547.936C1468.25 548.163 1468.18 548.432 1468.18 548.742C1468.18 549.057 1468.25 549.332 1468.41 549.569C1468.56 549.802 1468.78 549.982 1469.05 550.109C1469.32 550.237 1469.63 550.301 1469.98 550.301C1470.33 550.301 1470.64 550.237 1470.91 550.109C1471.18 549.982 1471.4 549.802 1471.55 549.569C1471.71 549.332 1471.79 549.057 1471.79 548.742C1471.79 548.432 1471.71 548.163 1471.55 547.936C1471.4 547.703 1471.18 547.525 1470.91 547.402C1470.64 547.275 1470.33 547.211 1469.98 547.211ZM1476.78 551.805H1475.24V545.557H1476.78V551.805ZM1476.78 555.564H1470.09V556.562H1477.14V557.766H1468.6V554.443H1475.26V553.527H1468.57V552.338H1476.78V555.564Z" fill="white"/>
<rect x="733.41" y="605.48" width="782.99" height="72.81" rx="15.5" fill="white"/>
<rect x="733.41" y="605.48" width="782.99" height="72.81" rx="15.5" stroke="#EEEEEE"/>
<path fill-rule="evenodd" clip-rule="evenodd" d="M762.808 639.877V644.249C762.808 644.563 762.882 644.872 763.024 645.152C763.166 645.433 763.372 645.675 763.625 645.861L768.623 649.526C768.683 649.569 768.743 649.609 768.806 649.645V644.376L762.808 639.877ZM770.988 649.526C770.928 649.569 770.868 649.609 770.805 649.645V644.376L776.802 639.877V644.249C776.802 644.563 776.729 644.872 776.587 645.152C776.445 645.433 776.239 645.675 775.986 645.861L770.988 649.526ZM776.051 637.942C776.029 637.925 776.008 637.909 775.986 637.892L773.694 636.212L767.473 640.877L769.805 642.626L776.051 637.942ZM765.807 639.628L763.56 637.942L763.625 637.892L768.623 634.228C768.966 633.976 769.38 633.841 769.805 633.841C770.231 633.841 770.645 633.976 770.988 634.228L772.008 634.977L765.807 639.628ZM760.809 644.249V639.505C760.809 638.877 760.957 638.257 761.241 637.697C761.525 637.137 761.937 636.651 762.443 636.28L767.441 632.616C768.127 632.113 768.955 631.842 769.805 631.842C770.656 631.842 771.484 632.113 772.169 632.616L777.167 636.28C777.674 636.651 778.086 637.137 778.37 637.697C778.654 638.257 778.802 638.877 778.802 639.505V644.249C778.802 644.877 778.654 645.496 778.37 646.056C778.086 646.616 777.675 647.102 777.168 647.473L772.17 651.138C771.485 651.641 770.656 651.912 769.806 651.912C768.955 651.912 768.127 651.641 767.441 651.138L762.443 647.473C761.937 647.102 761.525 646.616 761.241 646.056C760.957 645.496 760.809 644.877 760.809 644.249Z" fill="#515151"/>
<path d="M801.618 638.248C801.618 638.842 801.826 639.42 802.243 639.982C802.665 640.545 803.254 641.027 804.009 641.428C804.769 641.829 805.639 642.092 806.618 642.217L805.931 643.623C804.743 643.446 803.691 643.081 802.774 642.529C801.858 641.972 801.168 641.292 800.704 640.49C800.241 641.292 799.553 641.972 798.642 642.529C797.73 643.081 796.686 643.446 795.509 643.623L794.821 642.217C795.79 642.092 796.652 641.829 797.407 641.428C798.162 641.027 798.748 640.545 799.165 639.982C799.582 639.42 799.79 638.842 799.79 638.248V637.529H801.618V638.248ZM807.134 646.279H801.524V651.201H799.806V646.279H794.259V644.842H807.134V646.279ZM819.228 640.514H821.196V641.936H819.228V645.357H817.493V637.076H819.228V640.514ZM815.321 638.045C815.321 639.274 815.063 640.383 814.548 641.373C814.032 642.363 813.282 643.212 812.298 643.92C811.313 644.628 810.123 645.18 808.728 645.576L808.04 644.17C809.097 643.883 810.011 643.506 810.782 643.037C811.558 642.568 812.17 642.032 812.618 641.428C813.066 640.818 813.34 640.16 813.438 639.451H808.681V638.045H815.321ZM814.665 645.529C815.613 645.529 816.441 645.644 817.149 645.873C817.863 646.102 818.412 646.43 818.798 646.857C819.188 647.285 819.384 647.785 819.384 648.357C819.384 648.941 819.188 649.443 818.798 649.865C818.412 650.292 817.863 650.618 817.149 650.842C816.441 651.071 815.613 651.186 814.665 651.186C813.717 651.186 812.886 651.071 812.173 650.842C811.465 650.618 810.915 650.292 810.524 649.865C810.134 649.438 809.941 648.936 809.946 648.357C809.941 647.785 810.134 647.287 810.524 646.865C810.915 646.438 811.467 646.11 812.181 645.881C812.894 645.646 813.722 645.529 814.665 645.529ZM814.665 646.889C813.728 646.889 812.991 647.019 812.454 647.279C811.923 647.535 811.66 647.894 811.665 648.357C811.66 648.66 811.777 648.923 812.017 649.146C812.261 649.365 812.608 649.535 813.056 649.654C813.509 649.769 814.045 649.826 814.665 649.826C815.28 649.826 815.813 649.769 816.267 649.654C816.725 649.535 817.074 649.365 817.313 649.146C817.558 648.923 817.681 648.66 817.681 648.357C817.681 647.894 817.412 647.535 816.876 647.279C816.34 647.019 815.603 646.889 814.665 646.889ZM836.774 642.592H838.868V644.045H836.774V651.17H835.04V637.076H836.774V642.592ZM833.04 638.545C833.04 643.18 830.899 646.55 826.618 648.654L825.634 647.311C827.353 646.456 828.678 645.423 829.61 644.209C830.548 642.995 831.105 641.587 831.282 639.982H826.399V638.545H833.04ZM850.962 642.154H841.212V637.326H842.946V640.748H850.962V642.154ZM852.431 644.92H839.54V643.514H852.431V644.92ZM845.962 645.936C846.978 645.941 847.85 646.048 848.579 646.256C849.308 646.459 849.868 646.756 850.259 647.146C850.649 647.532 850.847 647.998 850.853 648.545C850.847 649.092 850.649 649.558 850.259 649.943C849.868 650.334 849.308 650.631 848.579 650.834C847.85 651.037 846.978 651.139 845.962 651.139C844.936 651.139 844.053 651.037 843.313 650.834C842.579 650.631 842.017 650.334 841.626 649.943C841.235 649.558 841.04 649.092 841.04 648.545C841.04 647.998 841.235 647.532 841.626 647.146C842.017 646.756 842.579 646.459 843.313 646.256C844.053 646.048 844.936 645.941 845.962 645.936ZM845.962 647.295C843.842 647.311 842.79 647.727 842.806 648.545C842.795 648.951 843.061 649.264 843.603 649.482C844.144 649.701 844.931 649.811 845.962 649.811C846.967 649.811 847.741 649.701 848.282 649.482C848.829 649.264 849.108 648.951 849.118 648.545C849.103 647.727 848.05 647.311 845.962 647.295ZM864.509 641.529H866.478V642.967H864.509V647.639H862.774V637.092H864.509V641.529ZM861.759 640.045H853.384V638.654H856.712V637.076H858.446V638.654H861.759V640.045ZM857.571 640.623C858.243 640.623 858.84 640.735 859.36 640.959C859.881 641.183 860.287 641.501 860.579 641.912C860.871 642.318 861.019 642.79 861.024 643.326C861.019 643.857 860.871 644.326 860.579 644.732C860.287 645.133 859.881 645.446 859.36 645.67C858.84 645.889 858.243 645.998 857.571 645.998C856.894 645.998 856.293 645.889 855.767 645.67C855.241 645.446 854.832 645.133 854.54 644.732C854.248 644.326 854.103 643.857 854.103 643.326C854.103 642.79 854.248 642.318 854.54 641.912C854.832 641.501 855.241 641.183 855.767 640.959C856.293 640.735 856.894 640.623 857.571 640.623ZM857.571 641.967C857.024 641.967 856.59 642.087 856.267 642.326C855.949 642.566 855.79 642.899 855.79 643.326C855.79 643.743 855.951 644.071 856.274 644.311C856.597 644.55 857.03 644.665 857.571 644.654C858.113 644.665 858.548 644.55 858.876 644.311C859.204 644.071 859.368 643.743 859.368 643.326C859.368 642.899 859.204 642.566 858.876 642.326C858.553 642.087 858.118 641.967 857.571 641.967ZM865.071 650.92H855.462V646.811H857.196V649.514H865.071V650.92ZM875.993 639.326C875.993 639.925 876.121 640.498 876.376 641.045C876.631 641.592 877.009 642.076 877.509 642.498C878.009 642.92 878.613 643.243 879.321 643.467L878.384 644.826C877.639 644.571 876.993 644.199 876.446 643.709C875.899 643.219 875.47 642.641 875.157 641.975C874.84 642.74 874.394 643.402 873.821 643.959C873.254 644.516 872.571 644.936 871.774 645.217L870.837 643.857C871.576 643.597 872.201 643.23 872.712 642.756C873.222 642.282 873.605 641.738 873.86 641.123C874.121 640.508 874.254 639.857 874.259 639.17V637.826H875.993V639.326ZM882.134 640.514H884.103V641.951H882.134V645.529H880.399V637.076H882.134V640.514ZM877.54 645.842C878.509 645.837 879.347 645.941 880.056 646.154C880.764 646.363 881.308 646.667 881.688 647.068C882.074 647.469 882.269 647.946 882.274 648.498C882.269 649.061 882.076 649.542 881.696 649.943C881.316 650.35 880.769 650.657 880.056 650.865C879.347 651.079 878.509 651.186 877.54 651.186C876.556 651.186 875.704 651.079 874.985 650.865C874.272 650.657 873.722 650.35 873.337 649.943C872.951 649.542 872.759 649.061 872.759 648.498C872.759 647.946 872.951 647.469 873.337 647.068C873.722 646.667 874.274 646.363 874.993 646.154C875.712 645.941 876.561 645.837 877.54 645.842ZM877.54 647.201C876.571 647.201 875.821 647.316 875.29 647.545C874.759 647.769 874.493 648.087 874.493 648.498C874.493 648.93 874.756 649.258 875.282 649.482C875.808 649.701 876.561 649.811 877.54 649.811C878.519 649.811 879.267 649.701 879.782 649.482C880.298 649.258 880.556 648.93 880.556 648.498C880.556 648.081 880.295 647.761 879.774 647.537C879.254 647.313 878.509 647.201 877.54 647.201ZM897.696 645.154H892.103V646.514H896.134V651.029H886.337V646.514H890.384V645.154H884.821V643.764H897.696V645.154ZM896.509 638.889H894.571V641.311H896.431V642.717H886.056V641.311H887.915V638.889H885.978V637.498H896.509V638.889ZM888.056 649.623H894.446V647.857H888.056V649.623ZM892.821 641.311V638.889H889.649V641.311H892.821ZM914.274 644.311H912.54V640.732H909.728V639.342H912.54V637.076H914.274V644.311ZM914.274 648.576H906.696V649.654H914.728V651.029H904.993V647.279H912.556V646.279H904.978V644.92H914.274V648.576ZM907.571 638.67C907.571 639.258 907.699 639.821 907.954 640.357C908.209 640.894 908.587 641.37 909.087 641.787C909.587 642.199 910.191 642.514 910.899 642.732L909.978 644.076C909.222 643.821 908.569 643.456 908.017 642.982C907.465 642.503 907.032 641.938 906.72 641.287C906.402 642.021 905.951 642.657 905.368 643.193C904.79 643.725 904.092 644.123 903.274 644.389L902.368 642.998C903.108 642.774 903.735 642.446 904.251 642.014C904.772 641.576 905.162 641.071 905.423 640.498C905.688 639.925 905.821 639.316 905.821 638.67V637.545H907.571V638.67ZM928.103 645.467H926.368V642.014H923.962V640.592H926.368V637.076H928.103V645.467ZM923.321 645.826C924.316 645.826 925.175 645.933 925.899 646.146C926.629 646.355 927.186 646.662 927.571 647.068C927.957 647.469 928.149 647.951 928.149 648.514C928.149 649.076 927.957 649.558 927.571 649.959C927.186 650.365 926.629 650.673 925.899 650.881C925.175 651.094 924.316 651.201 923.321 651.201C922.332 651.201 921.475 651.094 920.751 650.881C920.027 650.673 919.472 650.365 919.087 649.959C918.707 649.558 918.519 649.076 918.524 648.514C918.519 647.951 918.707 647.469 919.087 647.068C919.472 646.662 920.027 646.355 920.751 646.146C921.475 645.933 922.332 645.826 923.321 645.826ZM923.321 647.154C922.332 647.154 921.571 647.271 921.04 647.506C920.509 647.735 920.243 648.071 920.243 648.514C920.243 648.951 920.509 649.285 921.04 649.514C921.571 649.743 922.332 649.857 923.321 649.857C924.311 649.857 925.074 649.743 925.61 649.514C926.147 649.285 926.415 648.951 926.415 648.514C926.415 648.071 926.147 647.735 925.61 647.506C925.074 647.271 924.311 647.154 923.321 647.154ZM921.462 639.498C921.462 640.081 921.59 640.649 921.845 641.201C922.1 641.748 922.478 642.24 922.978 642.678C923.478 643.11 924.082 643.446 924.79 643.686L923.915 645.061C923.149 644.8 922.485 644.417 921.923 643.912C921.366 643.402 920.928 642.808 920.61 642.131C920.293 642.896 919.84 643.566 919.251 644.139C918.662 644.706 917.957 645.139 917.134 645.436L916.228 644.061C916.962 643.811 917.59 643.449 918.11 642.975C918.631 642.495 919.024 641.956 919.29 641.357C919.561 640.758 919.696 640.144 919.696 639.514V639.404H916.759V637.998H924.384V639.404H921.462V639.498ZM936.899 644.857L937.024 642.607L935.134 643.842L934.462 642.701L936.478 641.686L934.462 640.654L935.134 639.514L937.024 640.748L936.899 638.498H938.228L938.103 640.748L939.993 639.514L940.649 640.654L938.649 641.686L940.649 642.701L939.993 643.842L938.103 642.607L938.228 644.857H936.899Z" fill="#515151"/>
<rect x="1207.82" y="632.58" width="17" height="17" rx="8.5" stroke="#515151"/>
<g clip-path="url(#clip19_24_29531)">
<path d="M1216.32 646.08C1219.08 646.08 1221.32 643.842 1221.32 641.08C1221.32 638.319 1219.08 636.08 1216.32 636.08C1213.56 636.08 1211.32 638.319 1211.32 641.08C1211.32 643.842 1213.56 646.08 1216.32 646.08Z" fill="#515151"/>
</g>
<path d="M1245.01 645.414H1233.72V644.17H1238.59V641.477H1234.96V635.516H1243.71V641.477H1240.09V644.17H1245.01V645.414ZM1236.46 640.287H1242.21V636.732H1236.46V640.287ZM1257.1 641.928H1245.82V640.711H1257.1V641.928ZM1255.84 639.59H1247.2V635.051H1255.73V636.254H1248.72V638.359H1255.84V639.59ZM1255.92 646.658H1247.21V643.008H1248.71V645.428H1255.92V646.658ZM1265.62 636.527C1265.62 637.051 1265.73 637.553 1265.95 638.031C1266.18 638.51 1266.51 638.934 1266.94 639.303C1267.38 639.672 1267.91 639.954 1268.53 640.15L1267.71 641.34C1267.06 641.117 1266.49 640.791 1266.01 640.362C1265.54 639.934 1265.16 639.428 1264.89 638.845C1264.61 639.515 1264.22 640.093 1263.72 640.581C1263.22 641.069 1262.62 641.436 1261.93 641.682L1261.11 640.492C1261.75 640.264 1262.3 639.943 1262.75 639.528C1263.19 639.114 1263.53 638.637 1263.75 638.1C1263.98 637.562 1264.1 636.992 1264.1 636.391V635.215H1265.62V636.527ZM1270.99 637.566H1272.71V638.824H1270.99V641.955H1269.47V634.559H1270.99V637.566ZM1266.97 642.229C1267.82 642.224 1268.55 642.315 1269.17 642.502C1269.79 642.684 1270.27 642.951 1270.6 643.302C1270.94 643.653 1271.11 644.07 1271.11 644.553C1271.11 645.045 1270.94 645.466 1270.61 645.817C1270.27 646.173 1269.8 646.442 1269.17 646.624C1268.55 646.811 1267.82 646.904 1266.97 646.904C1266.11 646.904 1265.36 646.811 1264.74 646.624C1264.11 646.442 1263.63 646.173 1263.29 645.817C1262.96 645.466 1262.79 645.045 1262.79 644.553C1262.79 644.07 1262.96 643.653 1263.29 643.302C1263.63 642.951 1264.11 642.684 1264.74 642.502C1265.37 642.315 1266.11 642.224 1266.97 642.229ZM1266.97 643.418C1266.12 643.418 1265.47 643.518 1265 643.719C1264.54 643.915 1264.3 644.193 1264.3 644.553C1264.3 644.931 1264.53 645.218 1265 645.414C1265.46 645.605 1266.11 645.701 1266.97 645.701C1267.83 645.701 1268.48 645.605 1268.93 645.414C1269.38 645.218 1269.61 644.931 1269.61 644.553C1269.61 644.188 1269.38 643.908 1268.93 643.712C1268.47 643.516 1267.82 643.418 1266.97 643.418ZM1284.61 641.627H1279.71V642.816H1283.24V646.768H1274.67V642.816H1278.21V641.627H1273.34V640.41H1284.61V641.627ZM1283.57 636.145H1281.87V638.264H1283.5V639.494H1274.42V638.264H1276.05V636.145H1274.35V634.928H1283.57V636.145ZM1276.17 645.537H1281.76V643.992H1276.17V645.537ZM1280.34 638.264V636.145H1277.57V638.264H1280.34ZM1295.2 635.584C1295.2 636.104 1295.39 636.609 1295.75 637.102C1296.12 637.594 1296.63 638.015 1297.29 638.366C1297.96 638.717 1298.72 638.947 1299.58 639.057L1298.98 640.287C1297.94 640.132 1297.02 639.813 1296.21 639.33C1295.41 638.842 1294.81 638.248 1294.4 637.546C1294 638.248 1293.4 638.842 1292.6 639.33C1291.8 639.813 1290.89 640.132 1289.86 640.287L1289.26 639.057C1290.1 638.947 1290.86 638.717 1291.52 638.366C1292.18 638.015 1292.69 637.594 1293.06 637.102C1293.42 636.609 1293.6 636.104 1293.6 635.584V634.955H1295.2V635.584ZM1300.03 642.611H1295.12V646.918H1293.62V642.611H1288.76V641.354H1300.03V642.611ZM1310.61 637.566H1312.33V638.811H1310.61V641.805H1309.09V634.559H1310.61V637.566ZM1307.19 635.406C1307.19 636.482 1306.97 637.452 1306.52 638.318C1306.07 639.184 1305.41 639.927 1304.55 640.547C1303.69 641.167 1302.65 641.65 1301.42 641.996L1300.82 640.766C1301.75 640.515 1302.55 640.185 1303.22 639.774C1303.9 639.364 1304.44 638.895 1304.83 638.366C1305.22 637.833 1305.46 637.257 1305.55 636.637H1301.38V635.406H1307.19ZM1306.62 641.955C1307.45 641.955 1308.17 642.055 1308.79 642.256C1309.42 642.456 1309.9 642.743 1310.24 643.117C1310.58 643.491 1310.75 643.928 1310.75 644.43C1310.75 644.94 1310.58 645.38 1310.24 645.749C1309.9 646.123 1309.42 646.408 1308.79 646.604C1308.17 646.804 1307.45 646.904 1306.62 646.904C1305.79 646.904 1305.06 646.804 1304.44 646.604C1303.82 646.408 1303.34 646.123 1303 645.749C1302.65 645.375 1302.49 644.936 1302.49 644.43C1302.49 643.928 1302.65 643.493 1303 643.124C1303.34 642.75 1303.82 642.463 1304.45 642.263C1305.07 642.058 1305.79 641.955 1306.62 641.955ZM1306.62 643.145C1305.8 643.145 1305.15 643.258 1304.68 643.486C1304.22 643.71 1303.99 644.024 1303.99 644.43C1303.99 644.694 1304.09 644.924 1304.3 645.12C1304.52 645.312 1304.82 645.46 1305.21 645.564C1305.61 645.665 1306.08 645.715 1306.62 645.715C1307.16 645.715 1307.62 645.665 1308.02 645.564C1308.42 645.46 1308.73 645.312 1308.94 645.12C1309.15 644.924 1309.26 644.694 1309.26 644.43C1309.26 644.024 1309.02 643.71 1308.55 643.486C1308.08 643.258 1307.44 643.145 1306.62 643.145ZM1323.59 637.676H1316.31V636.459H1319.17V634.736H1320.7V636.459H1323.59V637.676ZM1319.95 638.482C1320.51 638.482 1321 638.608 1321.45 638.858C1321.89 639.104 1322.24 639.451 1322.5 639.897C1322.75 640.34 1322.88 640.839 1322.89 641.395C1322.88 641.941 1322.75 642.436 1322.5 642.878C1322.24 643.32 1321.89 643.666 1321.45 643.917C1321 644.168 1320.5 644.293 1319.95 644.293C1319.39 644.293 1318.88 644.168 1318.43 643.917C1317.98 643.666 1317.62 643.32 1317.37 642.878C1317.11 642.436 1316.98 641.941 1316.98 641.395C1316.98 640.839 1317.11 640.34 1317.37 639.897C1317.62 639.455 1317.97 639.109 1318.42 638.858C1318.88 638.608 1319.38 638.482 1319.95 638.482ZM1319.95 639.768C1319.65 639.768 1319.39 639.836 1319.15 639.973C1318.91 640.105 1318.73 640.294 1318.6 640.54C1318.46 640.786 1318.4 641.071 1318.4 641.395C1318.4 641.718 1318.46 642.003 1318.6 642.249C1318.73 642.491 1318.91 642.677 1319.15 642.81C1319.39 642.937 1319.65 642.999 1319.95 642.994C1320.24 642.999 1320.5 642.937 1320.74 642.81C1320.97 642.677 1321.16 642.488 1321.29 642.242C1321.43 641.996 1321.49 641.714 1321.49 641.395C1321.49 641.071 1321.43 640.786 1321.29 640.54C1321.16 640.294 1320.97 640.105 1320.74 639.973C1320.5 639.836 1320.24 639.768 1319.95 639.768ZM1326.65 646.918H1325.14V640.793H1323.33V639.549H1325.14V634.559H1326.65V646.918ZM1339.65 641.723H1328.38V640.506H1331.01V638.94C1330.54 638.74 1330.18 638.485 1329.92 638.175C1329.67 637.865 1329.55 637.512 1329.55 637.115C1329.55 636.628 1329.73 636.208 1330.09 635.857C1330.45 635.502 1330.97 635.231 1331.64 635.044C1332.31 634.857 1333.1 634.764 1334 634.764C1334.91 634.764 1335.69 634.857 1336.36 635.044C1337.03 635.231 1337.55 635.502 1337.91 635.857C1338.27 636.208 1338.46 636.628 1338.46 637.115C1338.46 637.516 1338.33 637.872 1338.07 638.182C1337.82 638.492 1337.46 638.744 1336.98 638.94V640.506H1339.65V641.723ZM1334 642.475C1334.89 642.47 1335.66 642.554 1336.29 642.728C1336.93 642.896 1337.42 643.147 1337.76 643.479C1338.11 643.808 1338.28 644.206 1338.28 644.676C1338.28 645.15 1338.11 645.551 1337.76 645.879C1337.42 646.212 1336.93 646.462 1336.29 646.631C1335.66 646.804 1334.89 646.891 1334 646.891C1333.11 646.891 1332.33 646.804 1331.69 646.631C1331.04 646.462 1330.55 646.212 1330.21 645.879C1329.87 645.551 1329.7 645.15 1329.7 644.676C1329.7 644.206 1329.87 643.808 1330.21 643.479C1330.55 643.147 1331.04 642.896 1331.69 642.728C1332.33 642.554 1333.11 642.47 1334 642.475ZM1334 643.623C1333.1 643.623 1332.41 643.712 1331.94 643.89C1331.47 644.067 1331.24 644.329 1331.24 644.676C1331.24 645.022 1331.47 645.286 1331.94 645.469C1332.41 645.651 1333.1 645.742 1334 645.742C1334.89 645.742 1335.57 645.651 1336.04 645.469C1336.52 645.286 1336.76 645.022 1336.77 644.676C1336.76 644.329 1336.52 644.067 1336.05 643.89C1335.57 643.712 1334.89 643.623 1334 643.623ZM1334 635.939C1333.08 635.939 1332.37 636.042 1331.87 636.247C1331.37 636.448 1331.13 636.737 1331.13 637.115C1331.13 637.489 1331.37 637.774 1331.87 637.97C1332.37 638.166 1333.08 638.264 1334 638.264C1334.92 638.264 1335.63 638.166 1336.13 637.97C1336.64 637.774 1336.89 637.489 1336.89 637.115C1336.89 636.737 1336.64 636.448 1336.13 636.247C1335.63 636.042 1334.92 635.939 1334 635.939ZM1335.47 640.506V639.33C1335.01 639.394 1334.52 639.426 1334 639.426C1333.49 639.426 1333 639.394 1332.54 639.33V640.506H1335.47Z" fill="#515151"/>
<rect x="1356.86" y="632.58" width="17" height="17" rx="8.5" stroke="#B9B9B9"/>
<path d="M1387.27 636.746C1387.27 637.302 1387.38 637.838 1387.6 638.353C1387.82 638.868 1388.15 639.326 1388.58 639.727C1389.02 640.123 1389.55 640.428 1390.17 640.643L1389.33 641.832C1388.68 641.581 1388.11 641.226 1387.63 640.766C1387.16 640.305 1386.79 639.768 1386.52 639.152C1386.25 639.845 1385.86 640.447 1385.35 640.957C1384.85 641.467 1384.25 641.855 1383.54 642.119L1382.73 640.916C1383.37 640.697 1383.92 640.376 1384.36 639.952C1384.81 639.528 1385.15 639.038 1385.38 638.482C1385.61 637.926 1385.73 637.343 1385.74 636.732V635.324H1387.27V636.746ZM1393.12 643.746H1391.6V638.537H1389.14V637.293H1391.6V634.572H1393.12V643.746ZM1393.39 646.672H1384.97V642.748H1386.52V645.441H1393.39V646.672ZM1400.19 636.637H1396.8V637.84H1400.07V639.002H1396.8V640.301C1397.6 640.292 1398.28 640.267 1398.84 640.226C1399.41 640.185 1399.98 640.109 1400.56 640L1400.72 641.23C1400.04 641.358 1399.37 641.442 1398.71 641.483C1398.06 641.524 1397.2 641.545 1396.16 641.545H1395.33V635.42H1400.19V636.637ZM1405.44 642.092H1403.99V638.879H1402.7V641.996H1401.28V634.805H1402.7V637.662H1403.99V634.572H1405.44V642.092ZM1405.44 646.918H1403.92V643.869H1396.98V642.639H1405.44V646.918ZM1416.72 638.455H1418.44V639.713H1416.72V643.801H1415.2V634.572H1416.72V638.455ZM1414.31 637.156H1406.98V635.939H1409.9V634.559H1411.41V635.939H1414.31V637.156ZM1410.65 637.662C1411.24 637.662 1411.76 637.76 1412.21 637.956C1412.67 638.152 1413.02 638.43 1413.28 638.79C1413.53 639.146 1413.66 639.558 1413.67 640.027C1413.66 640.492 1413.53 640.902 1413.28 641.258C1413.02 641.609 1412.67 641.882 1412.21 642.078C1411.76 642.27 1411.24 642.365 1410.65 642.365C1410.06 642.365 1409.53 642.27 1409.07 642.078C1408.61 641.882 1408.25 641.609 1408 641.258C1407.74 640.902 1407.61 640.492 1407.61 640.027C1407.61 639.558 1407.74 639.146 1408 638.79C1408.25 638.43 1408.61 638.152 1409.07 637.956C1409.53 637.76 1410.06 637.662 1410.65 637.662ZM1410.65 638.838C1410.17 638.838 1409.79 638.943 1409.51 639.152C1409.23 639.362 1409.09 639.654 1409.09 640.027C1409.09 640.392 1409.23 640.679 1409.51 640.889C1409.8 641.098 1410.17 641.199 1410.65 641.189C1411.12 641.199 1411.5 641.098 1411.79 640.889C1412.08 640.679 1412.22 640.392 1412.22 640.027C1412.22 639.654 1412.08 639.362 1411.79 639.152C1411.51 638.943 1411.13 638.838 1410.65 638.838ZM1417.21 646.672H1408.8V643.076H1410.32V645.441H1417.21V646.672ZM1426.77 636.527C1426.77 637.051 1426.88 637.553 1427.1 638.031C1427.32 638.51 1427.66 638.934 1428.09 639.303C1428.53 639.672 1429.06 639.954 1429.68 640.15L1428.86 641.34C1428.21 641.117 1427.64 640.791 1427.16 640.362C1426.68 639.934 1426.31 639.428 1426.04 638.845C1425.76 639.515 1425.37 640.093 1424.87 640.581C1424.37 641.069 1423.77 641.436 1423.08 641.682L1422.25 640.492C1422.9 640.264 1423.45 639.943 1423.9 639.528C1424.34 639.114 1424.68 638.637 1424.9 638.1C1425.13 637.562 1425.24 636.992 1425.25 636.391V635.215H1426.77V636.527ZM1432.14 637.566H1433.86V638.824H1432.14V641.955H1430.62V634.559H1432.14V637.566ZM1428.12 642.229C1428.97 642.224 1429.7 642.315 1430.32 642.502C1430.94 642.684 1431.42 642.951 1431.75 643.302C1432.09 643.653 1432.26 644.07 1432.26 644.553C1432.26 645.045 1432.09 645.466 1431.76 645.817C1431.42 646.173 1430.95 646.442 1430.32 646.624C1429.7 646.811 1428.97 646.904 1428.12 646.904C1427.26 646.904 1426.51 646.811 1425.88 646.624C1425.26 646.442 1424.78 646.173 1424.44 645.817C1424.11 645.466 1423.94 645.045 1423.94 644.553C1423.94 644.07 1424.11 643.653 1424.44 643.302C1424.78 642.951 1425.26 642.684 1425.89 642.502C1426.52 642.315 1427.26 642.224 1428.12 642.229ZM1428.12 643.418C1427.27 643.418 1426.62 643.518 1426.15 643.719C1425.69 643.915 1425.45 644.193 1425.45 644.553C1425.45 644.931 1425.68 645.218 1426.14 645.414C1426.6 645.605 1427.26 645.701 1428.12 645.701C1428.98 645.701 1429.63 645.605 1430.08 645.414C1430.53 645.218 1430.76 644.931 1430.76 644.553C1430.76 644.188 1430.53 643.908 1430.08 643.712C1429.62 643.516 1428.97 643.418 1428.12 643.418ZM1445.76 641.627H1440.86V642.816H1444.39V646.768H1435.82V642.816H1439.36V641.627H1434.49V640.41H1445.76V641.627ZM1444.72 636.145H1443.02V638.264H1444.65V639.494H1435.57V638.264H1437.2V636.145H1435.5V634.928H1444.72V636.145ZM1437.32 645.537H1442.91V643.992H1437.32V645.537ZM1441.49 638.264V636.145H1438.72V638.264H1441.49ZM1452.87 641.463H1447.01V635.625H1452.87V641.463ZM1448.5 640.26H1451.38V636.842H1448.5V640.26ZM1456.34 638.182H1458.06V639.453H1456.34V643.582H1454.82V634.559H1456.34V638.182ZM1456.83 646.672H1448.42V642.707H1449.94V645.441H1456.83V646.672ZM1469.31 637.676H1462.04V636.459H1464.9V634.736H1466.43V636.459H1469.31V637.676ZM1465.68 638.482C1466.23 638.482 1466.73 638.608 1467.17 638.858C1467.62 639.104 1467.97 639.451 1468.23 639.897C1468.48 640.34 1468.61 640.839 1468.62 641.395C1468.61 641.941 1468.48 642.436 1468.23 642.878C1467.97 643.32 1467.62 643.666 1467.17 643.917C1466.73 644.168 1466.23 644.293 1465.68 644.293C1465.12 644.293 1464.61 644.168 1464.16 643.917C1463.71 643.666 1463.35 643.32 1463.09 642.878C1462.84 642.436 1462.71 641.941 1462.71 641.395C1462.71 640.839 1462.84 640.34 1463.09 639.897C1463.35 639.455 1463.7 639.109 1464.15 638.858C1464.6 638.608 1465.11 638.482 1465.68 638.482ZM1465.68 639.768C1465.38 639.768 1465.11 639.836 1464.88 639.973C1464.64 640.105 1464.46 640.294 1464.32 640.54C1464.19 640.786 1464.13 641.071 1464.13 641.395C1464.13 641.718 1464.19 642.003 1464.32 642.249C1464.46 642.491 1464.64 642.677 1464.88 642.81C1465.11 642.937 1465.38 642.999 1465.68 642.994C1465.97 642.999 1466.23 642.937 1466.46 642.81C1466.7 642.677 1466.88 642.488 1467.02 642.242C1467.15 641.996 1467.22 641.714 1467.22 641.395C1467.22 641.071 1467.15 640.786 1467.02 640.54C1466.88 640.294 1466.7 640.105 1466.46 639.973C1466.23 639.836 1465.97 639.768 1465.68 639.768ZM1472.38 646.918H1470.87V640.793H1469.05V639.549H1470.87V634.559H1472.38V646.918ZM1485.38 641.723H1474.11V640.506H1476.74V638.94C1476.27 638.74 1475.91 638.485 1475.65 638.175C1475.4 637.865 1475.27 637.512 1475.27 637.115C1475.27 636.628 1475.45 636.208 1475.81 635.857C1476.18 635.502 1476.7 635.231 1477.37 635.044C1478.04 634.857 1478.83 634.764 1479.73 634.764C1480.63 634.764 1481.42 634.857 1482.09 635.044C1482.76 635.231 1483.27 635.502 1483.63 635.857C1484 636.208 1484.18 636.628 1484.19 637.115C1484.18 637.516 1484.05 637.872 1483.8 638.182C1483.55 638.492 1483.19 638.744 1482.71 638.94V640.506H1485.38V641.723ZM1479.73 642.475C1480.62 642.47 1481.38 642.554 1482.02 642.728C1482.66 642.896 1483.15 643.147 1483.49 643.479C1483.83 643.808 1484.01 644.206 1484.01 644.676C1484.01 645.15 1483.83 645.551 1483.49 645.879C1483.15 646.212 1482.66 646.462 1482.02 646.631C1481.38 646.804 1480.62 646.891 1479.73 646.891C1478.83 646.891 1478.06 646.804 1477.41 646.631C1476.77 646.462 1476.28 646.212 1475.94 645.879C1475.6 645.551 1475.42 645.15 1475.42 644.676C1475.42 644.206 1475.6 643.808 1475.94 643.479C1476.28 643.147 1476.77 642.896 1477.41 642.728C1478.06 642.554 1478.83 642.47 1479.73 642.475ZM1479.73 643.623C1478.82 643.623 1478.14 643.712 1477.67 643.89C1477.2 644.067 1476.97 644.329 1476.97 644.676C1476.97 645.022 1477.2 645.286 1477.67 645.469C1478.14 645.651 1478.83 645.742 1479.73 645.742C1480.62 645.742 1481.29 645.651 1481.77 645.469C1482.25 645.286 1482.49 645.022 1482.49 644.676C1482.49 644.329 1482.25 644.067 1481.78 643.89C1481.3 643.712 1480.62 643.623 1479.73 643.623ZM1479.73 635.939C1478.81 635.939 1478.1 636.042 1477.6 636.247C1477.1 636.448 1476.86 636.737 1476.86 637.115C1476.86 637.489 1477.1 637.774 1477.6 637.97C1478.1 638.166 1478.81 638.264 1479.73 638.264C1480.65 638.264 1481.36 638.166 1481.86 637.97C1482.36 637.774 1482.62 637.489 1482.62 637.115C1482.62 636.737 1482.36 636.448 1481.86 636.247C1481.36 636.042 1480.65 635.939 1479.73 635.939ZM1481.19 640.506V639.33C1480.73 639.394 1480.25 639.426 1479.73 639.426C1479.22 639.426 1478.73 639.394 1478.27 639.33V640.506H1481.19Z" fill="#515151"/>
<path d="M751.895 753.416H749.387V732.229H751.895V753.416ZM747.605 752.385H745.145V745.705H742.367C741.977 746.752 741.438 747.561 740.75 748.131C740.07 748.693 739.285 748.971 738.395 748.963C737.48 748.971 736.676 748.67 735.98 748.061C735.293 747.443 734.762 746.564 734.387 745.424C734.012 744.275 733.824 742.932 733.824 741.393C733.824 739.854 734.012 738.518 734.387 737.385C734.762 736.244 735.293 735.369 735.98 734.76C736.676 734.15 737.48 733.846 738.395 733.846C739.285 733.846 740.07 734.127 740.75 734.689C741.43 735.244 741.969 736.041 742.367 737.08H745.145V732.604H747.605V752.385ZM738.395 736.307C737.699 736.291 737.16 736.725 736.777 737.607C736.395 738.49 736.207 739.752 736.215 741.393C736.207 743.033 736.395 744.295 736.777 745.178C737.16 746.061 737.699 746.494 738.395 746.479C738.863 746.486 739.266 746.295 739.602 745.904C739.945 745.514 740.207 744.936 740.387 744.17C740.574 743.404 740.668 742.479 740.668 741.393C740.668 740.307 740.574 739.381 740.387 738.615C740.207 737.85 739.945 737.271 739.602 736.881C739.266 736.49 738.863 736.299 738.395 736.307ZM742.895 739.189C743.004 739.893 743.059 740.627 743.059 741.393C743.059 742.111 743.008 742.838 742.906 743.572H745.145V739.189H742.895ZM773.949 737.291H771.066V739.729H773.949V741.908H771.066V744.744H768.465V732.229H771.066V735.182H773.949V737.291ZM771.066 753.416H768.465V747.768H756.957V745.658H771.066V753.416ZM760.309 733.447C761.379 733.439 762.348 733.654 763.215 734.092C764.082 734.521 764.766 735.127 765.266 735.908C765.766 736.682 766.02 737.557 766.027 738.533C766.02 739.525 765.766 740.412 765.266 741.193C764.773 741.967 764.094 742.572 763.227 743.01C762.359 743.447 761.387 743.666 760.309 743.666C759.223 743.666 758.242 743.447 757.367 743.01C756.5 742.572 755.816 741.967 755.316 741.193C754.824 740.412 754.582 739.525 754.59 738.533C754.582 737.557 754.824 736.682 755.316 735.908C755.816 735.127 756.504 734.521 757.379 734.092C758.254 733.654 759.23 733.439 760.309 733.447ZM760.309 735.65C759.699 735.658 759.152 735.783 758.668 736.025C758.184 736.26 757.805 736.596 757.531 737.033C757.266 737.463 757.137 737.963 757.145 738.533C757.137 739.119 757.266 739.635 757.531 740.08C757.805 740.525 758.184 740.865 758.668 741.1C759.152 741.334 759.699 741.447 760.309 741.439C760.91 741.447 761.449 741.334 761.926 741.1C762.41 740.865 762.789 740.525 763.062 740.08C763.336 739.635 763.473 739.119 763.473 738.533C763.473 737.963 763.336 737.463 763.062 737.033C762.789 736.596 762.41 736.26 761.926 736.025C761.449 735.783 760.91 735.658 760.309 735.65ZM798.535 743.08H795.934V737.713H791.715V735.627H795.934V732.229H798.535V743.08ZM798.535 749.479H787.168V751.096H799.215V753.158H784.613V747.533H795.957V746.033H784.59V743.994H798.535V749.479ZM788.48 734.619C788.48 735.502 788.672 736.346 789.055 737.15C789.438 737.955 790.004 738.67 790.754 739.295C791.504 739.912 792.41 740.385 793.473 740.713L792.09 742.729C790.957 742.346 789.977 741.799 789.148 741.088C788.32 740.369 787.672 739.521 787.203 738.545C786.727 739.646 786.051 740.6 785.176 741.404C784.309 742.201 783.262 742.799 782.035 743.197L780.676 741.111C781.785 740.775 782.727 740.283 783.5 739.635C784.281 738.979 784.867 738.221 785.258 737.361C785.656 736.502 785.855 735.588 785.855 734.619V732.932H788.48V734.619ZM819.277 744.814H816.676V739.635H813.066V737.502H816.676V732.229H819.277V744.814ZM812.105 745.354C813.598 745.354 814.887 745.514 815.973 745.834C817.066 746.146 817.902 746.607 818.48 747.217C819.059 747.818 819.348 748.541 819.348 749.385C819.348 750.229 819.059 750.951 818.48 751.553C817.902 752.162 817.066 752.623 815.973 752.936C814.887 753.256 813.598 753.416 812.105 753.416C810.621 753.416 809.336 753.256 808.25 752.936C807.164 752.623 806.332 752.162 805.754 751.553C805.184 750.951 804.902 750.229 804.91 749.385C804.902 748.541 805.184 747.818 805.754 747.217C806.332 746.607 807.164 746.146 808.25 745.834C809.336 745.514 810.621 745.354 812.105 745.354ZM812.105 747.346C810.621 747.346 809.48 747.521 808.684 747.873C807.887 748.217 807.488 748.721 807.488 749.385C807.488 750.041 807.887 750.541 808.684 750.885C809.48 751.229 810.621 751.4 812.105 751.4C813.59 751.4 814.734 751.229 815.539 750.885C816.344 750.541 816.746 750.041 816.746 749.385C816.746 748.721 816.344 748.217 815.539 747.873C814.734 747.521 813.59 747.346 812.105 747.346ZM809.316 735.861C809.316 736.736 809.508 737.588 809.891 738.416C810.273 739.236 810.84 739.975 811.59 740.631C812.34 741.279 813.246 741.783 814.309 742.143L812.996 744.205C811.848 743.814 810.852 743.24 810.008 742.482C809.172 741.717 808.516 740.826 808.039 739.811C807.562 740.959 806.883 741.963 806 742.822C805.117 743.674 804.059 744.322 802.824 744.768L801.465 742.705C802.566 742.33 803.508 741.787 804.289 741.076C805.07 740.357 805.66 739.549 806.059 738.65C806.465 737.752 806.668 736.83 806.668 735.885V735.721H802.262V733.611H813.699V735.721H809.316V735.861Z" fill="#1D1D1D"/>
<path d="M743.984 798.406H742.521V786.047H743.984V798.406ZM741.482 797.805H740.047V793.908H738.427C738.199 794.519 737.884 794.991 737.483 795.323C737.087 795.651 736.629 795.813 736.109 795.809C735.576 795.813 735.107 795.638 734.701 795.282C734.3 794.922 733.99 794.41 733.771 793.744C733.553 793.074 733.443 792.29 733.443 791.393C733.443 790.495 733.553 789.715 733.771 789.055C733.99 788.389 734.3 787.879 734.701 787.523C735.107 787.168 735.576 786.99 736.109 786.99C736.629 786.99 737.087 787.154 737.483 787.482C737.88 787.806 738.194 788.271 738.427 788.877H740.047V786.266H741.482V797.805ZM736.109 788.426C735.704 788.417 735.389 788.67 735.166 789.185C734.943 789.7 734.833 790.436 734.838 791.393C734.833 792.35 734.943 793.086 735.166 793.601C735.389 794.116 735.704 794.368 736.109 794.359C736.383 794.364 736.618 794.252 736.813 794.024C737.014 793.797 737.167 793.459 737.271 793.013C737.381 792.566 737.436 792.026 737.436 791.393C737.436 790.759 737.381 790.219 737.271 789.772C737.167 789.326 737.014 788.989 736.813 788.761C736.618 788.533 736.383 788.421 736.109 788.426ZM738.734 790.107C738.798 790.518 738.83 790.946 738.83 791.393C738.83 791.812 738.8 792.236 738.741 792.664H740.047V790.107H738.734ZM756.85 789H755.168V790.422H756.85V791.693H755.168V793.348H753.65V786.047H755.168V787.77H756.85V789ZM755.168 798.406H753.65V795.111H746.938V793.881H755.168V798.406ZM748.893 786.758C749.517 786.753 750.082 786.879 750.588 787.134C751.094 787.384 751.493 787.738 751.784 788.193C752.076 788.645 752.224 789.155 752.229 789.725C752.224 790.303 752.076 790.821 751.784 791.276C751.497 791.728 751.101 792.081 750.595 792.336C750.089 792.591 749.521 792.719 748.893 792.719C748.259 792.719 747.687 792.591 747.177 792.336C746.671 792.081 746.272 791.728 745.98 791.276C745.693 790.821 745.552 790.303 745.557 789.725C745.552 789.155 745.693 788.645 745.98 788.193C746.272 787.738 746.673 787.384 747.184 787.134C747.694 786.879 748.264 786.753 748.893 786.758ZM748.893 788.043C748.537 788.048 748.218 788.12 747.936 788.262C747.653 788.398 747.432 788.594 747.272 788.85C747.118 789.1 747.042 789.392 747.047 789.725C747.042 790.066 747.118 790.367 747.272 790.627C747.432 790.887 747.653 791.085 747.936 791.222C748.218 791.358 748.537 791.424 748.893 791.42C749.243 791.424 749.558 791.358 749.836 791.222C750.118 791.085 750.34 790.887 750.499 790.627C750.659 790.367 750.738 790.066 750.738 789.725C750.738 789.392 750.659 789.1 750.499 788.85C750.34 788.594 750.118 788.398 749.836 788.262C749.558 788.12 749.243 788.048 748.893 788.043ZM771.164 798.406H769.633V786.047H771.164V798.406ZM767.473 787.359C767.473 789.324 767.028 791.049 766.14 792.534C765.251 794.015 763.777 795.243 761.717 796.219L760.924 795.002C762.514 794.245 763.711 793.341 764.513 792.288C765.319 791.231 765.791 789.989 765.928 788.562H761.553V787.359H767.473ZM775.908 787.852H781.24V786.512H782.744V791.529H779.326V792.664H784.207V793.895H772.941V792.664H777.795V791.529H774.404V786.512H775.908V787.852ZM781.24 790.312V789.027H775.908V790.312H781.24ZM782.936 798.16H774.336V794.688H775.854V796.93H782.936V798.16ZM798.713 792.377H797.195V789.246H794.734V788.029H797.195V786.047H798.713V792.377ZM798.713 796.109H792.082V797.053H799.109V798.256H790.592V794.975H797.209V794.1H790.578V792.91H798.713V796.109ZM792.848 787.441C792.848 787.956 792.959 788.449 793.183 788.918C793.406 789.387 793.736 789.804 794.174 790.169C794.611 790.529 795.14 790.805 795.76 790.996L794.953 792.172C794.292 791.949 793.72 791.63 793.237 791.215C792.754 790.796 792.376 790.301 792.103 789.731C791.825 790.374 791.43 790.93 790.92 791.399C790.414 791.864 789.803 792.213 789.088 792.445L788.295 791.229C788.942 791.033 789.491 790.745 789.942 790.367C790.398 789.984 790.74 789.542 790.968 789.041C791.2 788.54 791.316 788.007 791.316 787.441V786.457H792.848V787.441ZM810.812 793.389H809.295V790.367H807.189V789.123H809.295V786.047H810.812V793.389ZM806.629 793.703C807.499 793.703 808.251 793.797 808.885 793.983C809.523 794.166 810.01 794.435 810.348 794.79C810.685 795.141 810.854 795.562 810.854 796.055C810.854 796.547 810.685 796.968 810.348 797.319C810.01 797.675 809.523 797.944 808.885 798.126C808.251 798.313 807.499 798.406 806.629 798.406C805.763 798.406 805.013 798.313 804.38 798.126C803.746 797.944 803.261 797.675 802.924 797.319C802.591 796.968 802.427 796.547 802.432 796.055C802.427 795.562 802.591 795.141 802.924 794.79C803.261 794.435 803.746 794.166 804.38 793.983C805.013 793.797 805.763 793.703 806.629 793.703ZM806.629 794.865C805.763 794.865 805.098 794.968 804.633 795.173C804.168 795.373 803.936 795.667 803.936 796.055C803.936 796.438 804.168 796.729 804.633 796.93C805.098 797.13 805.763 797.23 806.629 797.23C807.495 797.23 808.162 797.13 808.632 796.93C809.101 796.729 809.336 796.438 809.336 796.055C809.336 795.667 809.101 795.373 808.632 795.173C808.162 794.968 807.495 794.865 806.629 794.865ZM805.002 788.166C805.002 788.676 805.114 789.173 805.337 789.656C805.56 790.135 805.891 790.565 806.328 790.948C806.766 791.326 807.294 791.62 807.914 791.83L807.148 793.033C806.479 792.805 805.897 792.47 805.405 792.028C804.918 791.582 804.535 791.062 804.257 790.47C803.979 791.14 803.582 791.725 803.067 792.227C802.552 792.723 801.935 793.102 801.215 793.361L800.422 792.158C801.064 791.939 801.614 791.623 802.069 791.208C802.525 790.789 802.869 790.317 803.102 789.793C803.339 789.269 803.457 788.731 803.457 788.18V788.084H800.887V786.854H807.559V788.084H805.002V788.166Z" fill="#969696"/>
<rect x="733.41" y="816.08" width="782.99" height="80.21" rx="15.5" fill="white"/>
<rect x="733.41" y="816.08" width="782.99" height="80.21" rx="15.5" stroke="#EEEEEE"/>
<path fill-rule="evenodd" clip-rule="evenodd" d="M762.808 860.682C762.808 859.244 764.448 858.003 766.817 857.427C767.722 857.207 768.736 857.083 769.805 857.083C770.875 857.083 771.889 857.206 772.794 857.427C775.163 858.004 776.802 859.244 776.802 860.682C776.802 861.518 776.802 861.936 776.736 862.283C776.46 863.711 775.374 864.827 773.987 865.111C773.649 865.18 773.242 865.18 772.429 865.18H767.181C766.369 865.18 765.962 865.18 765.624 865.11C764.237 864.827 763.151 863.711 762.875 862.283C762.808 861.936 762.808 861.518 762.808 860.682ZM769.805 856.184C768.867 856.184 767.954 855.875 767.208 855.304C766.714 854.926 766.302 854.45 766 853.905C765.698 853.36 765.512 852.759 765.454 852.138C765.423 851.822 765.425 851.502 765.459 851.186C765.7 848.937 767.554 847.188 769.805 847.188C772.22 847.188 774.179 849.202 774.179 851.686C774.182 852.385 774.023 853.075 773.715 853.703C773.407 854.331 772.957 854.879 772.402 855.304C771.657 855.875 770.744 856.184 769.805 856.184ZM772.179 851.686C772.179 853.119 771.064 854.185 769.805 854.185C768.547 854.185 767.431 853.119 767.431 851.686C767.431 850.252 768.547 849.187 769.805 849.187C771.064 849.187 772.179 850.252 772.179 851.686ZM769.805 859.083C771.487 859.083 772.909 859.437 773.839 859.915C774.663 860.339 774.786 860.665 774.802 860.707L774.803 860.711C774.803 861.614 774.793 861.793 774.773 861.904C774.644 862.565 774.154 863.036 773.586 863.152C773.496 863.171 773.341 863.181 772.429 863.181H767.181C766.27 863.181 766.115 863.171 766.025 863.152C765.456 863.036 764.965 862.565 764.838 861.904C764.816 861.793 764.808 861.614 764.807 860.711L764.808 860.707C764.824 860.665 764.948 860.339 765.772 859.915C766.702 859.437 768.124 859.083 769.805 859.083ZM766.983 856.366C766.145 855.83 765.467 855.079 765.021 854.191C764.574 853.303 764.375 852.311 764.444 851.32C763.785 851.509 763.197 851.887 762.751 852.407C762.306 852.927 762.022 853.566 761.936 854.246C761.851 854.925 761.966 855.615 762.268 856.229C762.57 856.844 763.046 857.356 763.637 857.703C763.881 857.535 764.137 857.383 764.401 857.248C765.147 856.864 766.024 856.565 766.983 856.366ZM762.088 859.427C760.706 859.937 759.81 860.757 759.81 861.681C759.81 862.331 759.81 862.657 759.864 862.927C759.972 863.47 760.238 863.969 760.63 864.36C761.021 864.751 761.52 865.018 762.063 865.126C762.333 865.18 762.657 865.18 763.308 865.18H763.506C762.668 864.495 762.097 863.537 761.894 862.473C761.809 862.029 761.809 861.522 761.809 860.792V860.682C761.809 860.23 761.91 859.812 762.088 859.427ZM776.062 857.765C775.791 857.572 775.506 857.4 775.21 857.248C774.463 856.864 773.587 856.565 772.628 856.366C773.473 855.825 774.155 855.066 774.602 854.168C775.048 853.27 775.242 852.267 775.163 851.268C775.86 851.423 776.493 851.787 776.977 852.312C777.46 852.837 777.772 853.497 777.87 854.204C777.968 854.911 777.847 855.631 777.524 856.268C777.201 856.904 776.69 857.427 776.062 857.765ZM776.106 865.18C776.944 864.495 777.515 863.537 777.718 862.473C777.802 862.029 777.802 861.522 777.802 860.792V860.682C777.802 860.197 777.685 859.75 777.482 859.343C779 859.844 780.001 860.705 780.001 861.681C780.001 862.331 780.001 862.657 779.947 862.927C779.839 863.47 779.573 863.969 779.181 864.36C778.79 864.751 778.291 865.018 777.748 865.126C777.478 865.18 777.152 865.18 776.503 865.18H776.106Z" fill="#515151"/>
<path d="M806.024 861.604H804.274V851.4H806.024V861.604ZM806.415 865.229H796.681V860.572H798.431V863.822H806.415V865.229ZM798.321 852.322C799.03 852.322 799.673 852.476 800.251 852.783C800.829 853.085 801.285 853.505 801.618 854.041C801.951 854.577 802.118 855.182 802.118 855.854C802.118 856.536 801.951 857.148 801.618 857.689C801.285 858.226 800.829 858.645 800.251 858.947C799.673 859.249 799.03 859.4 798.321 859.4C797.608 859.4 796.959 859.249 796.376 858.947C795.798 858.645 795.342 858.226 795.009 857.689C794.675 857.148 794.509 856.536 794.509 855.854C794.509 855.182 794.675 854.577 795.009 854.041C795.342 853.505 795.798 853.085 796.376 852.783C796.959 852.476 797.608 852.322 798.321 852.322ZM798.321 853.838C797.92 853.838 797.558 853.921 797.235 854.088C796.912 854.255 796.66 854.492 796.478 854.799C796.295 855.106 796.207 855.458 796.212 855.854C796.207 856.26 796.295 856.617 796.478 856.924C796.66 857.231 796.912 857.468 797.235 857.635C797.558 857.801 797.92 857.885 798.321 857.885C798.712 857.885 799.066 857.801 799.384 857.635C799.701 857.468 799.951 857.231 800.134 856.924C800.321 856.617 800.415 856.26 800.415 855.854C800.415 855.458 800.321 855.106 800.134 854.799C799.951 854.492 799.701 854.255 799.384 854.088C799.066 853.921 798.712 853.838 798.321 853.838ZM819.931 862.088H818.181V860.854H815.415V859.635H818.181V851.4H819.931V862.088ZM820.259 865.229H809.899V861.057H811.634V863.822H820.259V865.229ZM808.024 857.744C809.858 857.734 811.504 857.702 812.962 857.65C814.42 857.598 815.811 857.489 817.134 857.322L817.228 858.572C816.097 858.76 814.91 858.895 813.665 858.979V861.697H811.931V859.072C810.925 859.114 809.696 859.135 808.243 859.135L808.024 857.744ZM812.634 851.916C813.316 851.916 813.92 852.023 814.446 852.236C814.978 852.445 815.392 852.739 815.688 853.119C815.991 853.494 816.144 853.926 816.149 854.416C816.144 854.916 815.993 855.354 815.696 855.729C815.399 856.104 814.985 856.393 814.454 856.596C813.923 856.799 813.316 856.9 812.634 856.9C811.941 856.9 811.326 856.799 810.79 856.596C810.259 856.393 809.845 856.104 809.548 855.729C809.251 855.354 809.103 854.916 809.103 854.416C809.103 853.926 809.251 853.494 809.548 853.119C809.845 852.739 810.259 852.445 810.79 852.236C811.326 852.023 811.941 851.916 812.634 851.916ZM812.634 853.197C812.066 853.197 811.608 853.307 811.259 853.525C810.915 853.739 810.743 854.036 810.743 854.416C810.743 854.796 810.915 855.096 811.259 855.314C811.608 855.528 812.066 855.635 812.634 855.635C813.181 855.635 813.626 855.525 813.97 855.307C814.313 855.088 814.488 854.791 814.493 854.416C814.488 854.041 814.313 853.744 813.97 853.525C813.626 853.307 813.181 853.197 812.634 853.197ZM837.54 858.619H835.806V855.041H832.993V853.65H835.806V851.385H837.54V858.619ZM837.54 862.885H829.962V863.963H837.993V865.338H828.259V861.588H835.821V860.588H828.243V859.229H837.54V862.885ZM830.837 852.979C830.837 853.567 830.965 854.13 831.22 854.666C831.475 855.202 831.853 855.679 832.353 856.096C832.853 856.507 833.457 856.822 834.165 857.041L833.243 858.385C832.488 858.13 831.834 857.765 831.282 857.291C830.73 856.812 830.298 856.247 829.985 855.596C829.668 856.33 829.217 856.965 828.634 857.502C828.056 858.033 827.358 858.432 826.54 858.697L825.634 857.307C826.373 857.083 827.001 856.755 827.517 856.322C828.037 855.885 828.428 855.38 828.688 854.807C828.954 854.234 829.087 853.624 829.087 852.979V851.854H830.837V852.979ZM851.368 859.775H849.634V856.322H847.228V854.9H849.634V851.385H851.368V859.775ZM846.587 860.135C847.582 860.135 848.441 860.242 849.165 860.455C849.894 860.663 850.451 860.971 850.837 861.377C851.222 861.778 851.415 862.26 851.415 862.822C851.415 863.385 851.222 863.867 850.837 864.268C850.451 864.674 849.894 864.981 849.165 865.189C848.441 865.403 847.582 865.51 846.587 865.51C845.597 865.51 844.741 865.403 844.017 865.189C843.293 864.981 842.738 864.674 842.353 864.268C841.972 863.867 841.785 863.385 841.79 862.822C841.785 862.26 841.972 861.778 842.353 861.377C842.738 860.971 843.293 860.663 844.017 860.455C844.741 860.242 845.597 860.135 846.587 860.135ZM846.587 861.463C845.597 861.463 844.837 861.58 844.306 861.814C843.774 862.044 843.509 862.38 843.509 862.822C843.509 863.26 843.774 863.593 844.306 863.822C844.837 864.051 845.597 864.166 846.587 864.166C847.576 864.166 848.34 864.051 848.876 863.822C849.412 863.593 849.681 863.26 849.681 862.822C849.681 862.38 849.412 862.044 848.876 861.814C848.34 861.58 847.576 861.463 846.587 861.463ZM844.728 853.807C844.728 854.39 844.855 854.958 845.11 855.51C845.366 856.057 845.743 856.549 846.243 856.986C846.743 857.419 847.347 857.755 848.056 857.994L847.181 859.369C846.415 859.109 845.751 858.726 845.188 858.221C844.631 857.71 844.194 857.117 843.876 856.439C843.558 857.205 843.105 857.874 842.517 858.447C841.928 859.015 841.222 859.447 840.399 859.744L839.493 858.369C840.228 858.119 840.855 857.757 841.376 857.283C841.897 856.804 842.29 856.265 842.556 855.666C842.826 855.067 842.962 854.452 842.962 853.822V853.713H840.024V852.307H847.649V853.713H844.728V853.807ZM860.165 859.166L860.29 856.916L858.399 858.15L857.728 857.01L859.743 855.994L857.728 854.963L858.399 853.822L860.29 855.057L860.165 852.807H861.493L861.368 855.057L863.259 853.822L863.915 854.963L861.915 855.994L863.915 857.01L863.259 858.15L861.368 856.916L861.493 859.166H860.165Z" fill="#515151"/>
<path d="M1064.3 859.777H1062.56V856.324H1060.16V854.902H1062.56V851.387H1064.3V859.777ZM1059.52 860.137C1060.51 860.137 1061.37 860.243 1062.09 860.457C1062.82 860.665 1063.38 860.973 1063.77 861.379C1064.15 861.78 1064.34 862.262 1064.34 862.824C1064.34 863.387 1064.15 863.868 1063.77 864.27C1063.38 864.676 1062.82 864.983 1062.09 865.191C1061.37 865.405 1060.51 865.512 1059.52 865.512C1058.53 865.512 1057.67 865.405 1056.95 865.191C1056.22 864.983 1055.67 864.676 1055.28 864.27C1054.9 863.868 1054.71 863.387 1054.72 862.824C1054.71 862.262 1054.9 861.78 1055.28 861.379C1055.67 860.973 1056.22 860.665 1056.95 860.457C1057.67 860.243 1058.53 860.137 1059.52 860.137ZM1059.52 861.465C1058.53 861.465 1057.77 861.582 1057.23 861.816C1056.7 862.046 1056.44 862.382 1056.44 862.824C1056.44 863.262 1056.7 863.595 1057.23 863.824C1057.77 864.053 1058.53 864.168 1059.52 864.168C1060.51 864.168 1061.27 864.053 1061.8 863.824C1062.34 863.595 1062.61 863.262 1062.61 862.824C1062.61 862.382 1062.34 862.046 1061.8 861.816C1061.27 861.582 1060.51 861.465 1059.52 861.465ZM1057.66 853.809C1057.66 854.392 1057.78 854.96 1058.04 855.512C1058.29 856.059 1058.67 856.551 1059.17 856.988C1059.67 857.421 1060.28 857.757 1060.98 857.996L1060.11 859.371C1059.34 859.111 1058.68 858.728 1058.12 858.223C1057.56 857.712 1057.12 857.118 1056.8 856.441C1056.49 857.207 1056.03 857.876 1055.45 858.449C1054.86 859.017 1054.15 859.449 1053.33 859.746L1052.42 858.371C1053.16 858.121 1053.78 857.759 1054.3 857.285C1054.83 856.806 1055.22 856.267 1055.48 855.668C1055.76 855.069 1055.89 854.454 1055.89 853.824V853.715H1052.95V852.309H1060.58V853.715H1057.66V853.809ZM1078.14 862.09H1076.39V860.855H1073.62V859.637H1076.39V851.402H1078.14V862.09ZM1078.47 865.23H1068.11V861.059H1069.84V863.824H1078.47V865.23ZM1066.23 857.746C1068.07 857.736 1069.71 857.704 1071.17 857.652C1072.63 857.6 1074.02 857.491 1075.34 857.324L1075.44 858.574C1074.31 858.762 1073.12 858.897 1071.88 858.98V861.699H1070.14V859.074C1069.14 859.116 1067.91 859.137 1066.45 859.137L1066.23 857.746ZM1070.84 851.918C1071.53 851.918 1072.13 852.025 1072.66 852.238C1073.19 852.447 1073.6 852.741 1073.9 853.121C1074.2 853.496 1074.35 853.928 1074.36 854.418C1074.35 854.918 1074.2 855.355 1073.91 855.73C1073.61 856.105 1073.2 856.395 1072.66 856.598C1072.13 856.801 1071.53 856.902 1070.84 856.902C1070.15 856.902 1069.54 856.801 1069 856.598C1068.47 856.395 1068.05 856.105 1067.76 855.73C1067.46 855.355 1067.31 854.918 1067.31 854.418C1067.31 853.928 1067.46 853.496 1067.76 853.121C1068.05 852.741 1068.47 852.447 1069 852.238C1069.54 852.025 1070.15 851.918 1070.84 851.918ZM1070.84 853.199C1070.28 853.199 1069.82 853.309 1069.47 853.527C1069.12 853.741 1068.95 854.038 1068.95 854.418C1068.95 854.798 1069.12 855.098 1069.47 855.316C1069.82 855.53 1070.28 855.637 1070.84 855.637C1071.39 855.637 1071.84 855.527 1072.18 855.309C1072.52 855.09 1072.7 854.793 1072.7 854.418C1072.7 854.043 1072.52 853.746 1072.18 853.527C1071.84 853.309 1071.39 853.199 1070.84 853.199Z" fill="#969696"/>
<rect x="1092.15" y="832.98" width="159" height="46.4" rx="7.5" fill="white"/>
<rect x="1092.15" y="832.98" width="159" height="46.4" rx="7.5" stroke="#E5E7EB"/>
<path d="M1113.66 864.277C1112.75 864.277 1111.97 864.051 1111.32 863.598C1110.68 863.139 1110.18 862.475 1109.83 861.605C1109.49 860.736 1109.32 859.689 1109.32 858.465C1109.32 857.246 1109.49 856.202 1109.83 855.332C1110.18 854.457 1110.68 853.793 1111.33 853.34C1111.98 852.882 1112.76 852.652 1113.66 852.652C1114.56 852.652 1115.33 852.882 1115.98 853.34C1116.64 853.793 1117.14 854.457 1117.48 855.332C1117.83 856.202 1118 857.246 1118 858.465C1118 859.689 1117.83 860.736 1117.48 861.605C1117.14 862.475 1116.64 863.139 1115.99 863.598C1115.34 864.051 1114.57 864.277 1113.66 864.277ZM1113.66 862.574C1114.14 862.574 1114.55 862.421 1114.89 862.113C1115.23 861.801 1115.49 861.34 1115.67 860.73C1115.86 860.116 1115.96 859.361 1115.96 858.465C1115.96 857.579 1115.86 856.829 1115.67 856.215C1115.49 855.595 1115.23 855.129 1114.89 854.816C1114.54 854.499 1114.13 854.34 1113.66 854.34C1113.19 854.34 1112.78 854.499 1112.43 854.816C1112.09 855.129 1111.82 855.595 1111.64 856.215C1111.45 856.829 1111.36 857.579 1111.36 858.465C1111.36 859.361 1111.45 860.116 1111.64 860.73C1111.82 861.34 1112.09 861.801 1112.42 862.113C1112.77 862.421 1113.18 862.574 1113.66 862.574Z" fill="#404040"/>
<path d="M1234.31 857.111H1232.79V855.402H1230.3V856.359H1224.49V850.768H1230.3V851.725H1232.79V849.838H1234.31V857.111ZM1226.01 855.143H1228.8V851.971H1226.01V855.143ZM1230.13 857.439C1231 857.439 1231.75 857.533 1232.38 857.72C1233.02 857.907 1233.51 858.18 1233.84 858.54C1234.18 858.896 1234.35 859.322 1234.35 859.818C1234.35 860.315 1234.18 860.741 1233.84 861.097C1233.51 861.452 1233.02 861.721 1232.39 861.903C1231.76 862.09 1231 862.184 1230.13 862.184C1229.26 862.184 1228.5 862.09 1227.87 861.903C1227.24 861.721 1226.76 861.452 1226.42 861.097C1226.09 860.741 1225.92 860.315 1225.93 859.818C1225.92 859.322 1226.09 858.896 1226.42 858.54C1226.76 858.18 1227.24 857.907 1227.88 857.72C1228.51 857.533 1229.26 857.439 1230.13 857.439ZM1230.13 858.602C1229.26 858.602 1228.59 858.706 1228.13 858.916C1227.67 859.121 1227.43 859.422 1227.43 859.818C1227.43 860.201 1227.67 860.495 1228.13 860.7C1228.6 860.905 1229.26 861.008 1230.13 861.008C1230.99 861.008 1231.66 860.905 1232.13 860.7C1232.6 860.495 1232.83 860.201 1232.83 859.818C1232.83 859.422 1232.6 859.121 1232.13 858.916C1231.66 858.706 1230.99 858.602 1230.13 858.602ZM1232.79 854.172V852.928H1230.3V854.172H1232.79Z" fill="#515151"/>
<path d="M1282.31 861.238C1283.67 861.16 1284.87 861.043 1285.94 860.887L1286.08 862.168C1284.68 862.423 1283.24 862.59 1281.78 862.668C1280.32 862.741 1278.74 862.777 1277.03 862.777L1276.81 861.371C1278.45 861.361 1279.71 861.342 1280.58 861.316V858.949H1282.31V861.238ZM1285.36 854.527H1282.33C1282.37 855.038 1282.52 855.52 1282.79 855.973C1283.06 856.421 1283.45 856.816 1283.95 857.16C1284.46 857.499 1285.06 857.757 1285.75 857.934L1284.95 859.293C1284.13 859.069 1283.42 858.725 1282.83 858.262C1282.23 857.798 1281.77 857.246 1281.44 856.605C1281.13 857.283 1280.68 857.863 1280.08 858.348C1279.5 858.827 1278.79 859.178 1277.97 859.402L1277.14 858.09C1277.84 857.897 1278.43 857.624 1278.93 857.27C1279.43 856.915 1279.81 856.504 1280.08 856.035C1280.36 855.566 1280.51 855.064 1280.54 854.527H1277.56V853.121H1280.58V851.512H1282.31V853.121H1285.36V854.527ZM1288.51 865.527H1286.78V851.387H1288.51V865.527ZM1303.48 863.762H1290.58V862.355H1296.11V859.09H1297.83V862.355H1303.48V863.762ZM1297.87 853.277C1297.87 853.986 1298.09 854.673 1298.53 855.34C1298.97 856.007 1299.58 856.579 1300.36 857.059C1301.14 857.533 1302.01 857.845 1302.98 857.996L1302.23 859.434C1301.04 859.21 1299.98 858.775 1299.05 858.129C1298.12 857.478 1297.42 856.691 1296.95 855.77C1296.64 856.379 1296.22 856.936 1295.7 857.441C1295.18 857.941 1294.58 858.363 1293.9 858.707C1293.21 859.046 1292.48 859.288 1291.7 859.434L1290.95 857.996C1291.91 857.845 1292.77 857.533 1293.55 857.059C1294.32 856.579 1294.93 856.007 1295.37 855.34C1295.8 854.668 1296.02 853.98 1296.03 853.277V852.246H1297.87V853.277ZM1319.97 861.605H1318.22V851.402H1319.97V861.605ZM1320.36 865.23H1310.62V860.574H1312.37V863.824H1320.36V865.23ZM1312.26 852.324C1312.97 852.324 1313.62 852.478 1314.19 852.785C1314.77 853.087 1315.23 853.507 1315.56 854.043C1315.89 854.579 1316.06 855.184 1316.06 855.855C1316.06 856.538 1315.89 857.15 1315.56 857.691C1315.23 858.228 1314.77 858.647 1314.19 858.949C1313.62 859.251 1312.97 859.402 1312.26 859.402C1311.55 859.402 1310.9 859.251 1310.32 858.949C1309.74 858.647 1309.28 858.228 1308.95 857.691C1308.62 857.15 1308.45 856.538 1308.45 855.855C1308.45 855.184 1308.62 854.579 1308.95 854.043C1309.28 853.507 1309.74 853.087 1310.32 852.785C1310.9 852.478 1311.55 852.324 1312.26 852.324ZM1312.26 853.84C1311.86 853.84 1311.5 853.923 1311.18 854.09C1310.86 854.257 1310.6 854.493 1310.42 854.801C1310.24 855.108 1310.15 855.46 1310.15 855.855C1310.15 856.262 1310.24 856.618 1310.42 856.926C1310.6 857.233 1310.86 857.47 1311.18 857.637C1311.5 857.803 1311.86 857.887 1312.26 857.887C1312.65 857.887 1313.01 857.803 1313.33 857.637C1313.64 857.47 1313.89 857.233 1314.08 856.926C1314.26 856.618 1314.36 856.262 1314.36 855.855C1314.36 855.46 1314.26 855.108 1314.08 854.801C1313.89 854.493 1313.64 854.257 1313.33 854.09C1313.01 853.923 1312.65 853.84 1312.26 853.84ZM1333.87 862.09H1332.12V860.855H1329.36V859.637H1332.12V851.402H1333.87V862.09ZM1334.2 865.23H1323.84V861.059H1325.58V863.824H1334.2V865.23ZM1321.97 857.746C1323.8 857.736 1325.45 857.704 1326.9 857.652C1328.36 857.6 1329.75 857.491 1331.08 857.324L1331.17 858.574C1330.04 858.762 1328.85 858.897 1327.61 858.98V861.699H1325.87V859.074C1324.87 859.116 1323.64 859.137 1322.19 859.137L1321.97 857.746ZM1326.58 851.918C1327.26 851.918 1327.86 852.025 1328.39 852.238C1328.92 852.447 1329.33 852.741 1329.63 853.121C1329.93 853.496 1330.09 853.928 1330.09 854.418C1330.09 854.918 1329.94 855.355 1329.64 855.73C1329.34 856.105 1328.93 856.395 1328.4 856.598C1327.87 856.801 1327.26 856.902 1326.58 856.902C1325.88 856.902 1325.27 856.801 1324.73 856.598C1324.2 856.395 1323.79 856.105 1323.49 855.73C1323.19 855.355 1323.05 854.918 1323.05 854.418C1323.05 853.928 1323.19 853.496 1323.49 853.121C1323.79 852.741 1324.2 852.447 1324.73 852.238C1325.27 852.025 1325.88 851.918 1326.58 851.918ZM1326.58 853.199C1326.01 853.199 1325.55 853.309 1325.2 853.527C1324.86 853.741 1324.69 854.038 1324.69 854.418C1324.69 854.798 1324.86 855.098 1325.2 855.316C1325.55 855.53 1326.01 855.637 1326.58 855.637C1327.12 855.637 1327.57 855.527 1327.91 855.309C1328.26 855.09 1328.43 854.793 1328.44 854.418C1328.43 854.043 1328.26 853.746 1327.91 853.527C1327.57 853.309 1327.12 853.199 1326.58 853.199Z" fill="#969696"/>
<rect x="1347.99" y="832.98" width="159" height="46.4" rx="7.5" fill="white"/>
<rect x="1347.99" y="832.98" width="159" height="46.4" rx="7.5" stroke="#E5E7EB"/>
<path d="M1369.5 864.277C1368.59 864.277 1367.81 864.051 1367.16 863.598C1366.52 863.139 1366.02 862.475 1365.67 861.605C1365.33 860.736 1365.16 859.689 1365.16 858.465C1365.16 857.246 1365.33 856.202 1365.67 855.332C1366.02 854.457 1366.52 853.793 1367.17 853.34C1367.82 852.882 1368.6 852.652 1369.5 852.652C1370.39 852.652 1371.17 852.882 1371.82 853.34C1372.48 853.793 1372.98 854.457 1373.32 855.332C1373.67 856.202 1373.84 857.246 1373.84 858.465C1373.84 859.689 1373.67 860.736 1373.32 861.605C1372.98 862.475 1372.48 863.139 1371.83 863.598C1371.18 864.051 1370.41 864.277 1369.5 864.277ZM1369.5 862.574C1369.98 862.574 1370.39 862.421 1370.73 862.113C1371.07 861.801 1371.33 861.34 1371.51 860.73C1371.7 860.116 1371.8 859.361 1371.8 858.465C1371.8 857.579 1371.7 856.829 1371.51 856.215C1371.33 855.595 1371.07 855.129 1370.73 854.816C1370.38 854.499 1369.97 854.34 1369.5 854.34C1369.03 854.34 1368.62 854.499 1368.27 854.816C1367.93 855.129 1367.66 855.595 1367.48 856.215C1367.29 856.829 1367.2 857.579 1367.2 858.465C1367.2 859.361 1367.29 860.116 1367.48 860.73C1367.66 861.34 1367.93 861.801 1368.26 862.113C1368.61 862.421 1369.02 862.574 1369.5 862.574Z" fill="#404040"/>
<path d="M1490.15 857.111H1488.63V855.402H1486.14V856.359H1480.33V850.768H1486.14V851.725H1488.63V849.838H1490.15V857.111ZM1481.85 855.143H1484.64V851.971H1481.85V855.143ZM1485.97 857.439C1486.84 857.439 1487.59 857.533 1488.22 857.72C1488.86 857.907 1489.35 858.18 1489.68 858.54C1490.02 858.896 1490.19 859.322 1490.19 859.818C1490.19 860.315 1490.02 860.741 1489.68 861.097C1489.35 861.452 1488.86 861.721 1488.23 861.903C1487.6 862.09 1486.84 862.184 1485.97 862.184C1485.1 862.184 1484.34 862.09 1483.71 861.903C1483.08 861.721 1482.6 861.452 1482.26 861.097C1481.93 860.741 1481.76 860.315 1481.77 859.818C1481.76 859.322 1481.93 858.896 1482.26 858.54C1482.6 858.18 1483.08 857.907 1483.72 857.72C1484.35 857.533 1485.1 857.439 1485.97 857.439ZM1485.97 858.602C1485.1 858.602 1484.43 858.706 1483.97 858.916C1483.5 859.121 1483.27 859.422 1483.27 859.818C1483.27 860.201 1483.5 860.495 1483.97 860.7C1484.44 860.905 1485.1 861.008 1485.97 861.008C1486.83 861.008 1487.5 860.905 1487.97 860.7C1488.44 860.495 1488.67 860.201 1488.67 859.818C1488.67 859.422 1488.44 859.121 1487.97 858.916C1487.5 858.706 1486.83 858.602 1485.97 858.602ZM1488.63 854.172V852.928H1486.14V854.172H1488.63Z" fill="#515151"/>
<rect x="733.41" y="913.279" width="782.99" height="72.81" rx="15.5" fill="white"/>
<rect x="733.41" y="913.279" width="782.99" height="72.81" rx="15.5" stroke="#EEEEEE"/>
<path fill-rule="evenodd" clip-rule="evenodd" d="M772.804 940.679C772.804 940.414 772.698 940.16 772.511 939.972C772.324 939.785 772.069 939.68 771.804 939.68H767.806C767.541 939.68 767.287 939.785 767.099 939.972C766.912 940.16 766.806 940.414 766.806 940.679C766.806 940.944 766.912 941.199 767.099 941.386C767.287 941.574 767.541 941.679 767.806 941.679H771.804C772.069 941.679 772.324 941.574 772.511 941.386C772.698 941.199 772.804 940.944 772.804 940.679ZM776.302 951.175C776.302 952.898 775.618 954.551 774.399 955.769C773.181 956.988 771.528 957.672 769.805 957.672C768.082 957.672 766.429 956.988 765.211 955.769C763.992 954.551 763.308 952.898 763.308 951.175C763.308 949.452 763.992 947.799 765.211 946.581C766.429 945.362 768.082 944.678 769.805 944.678C771.528 944.678 773.181 945.362 774.399 946.581C775.618 947.799 776.302 949.452 776.302 951.175ZM778.302 951.175C778.301 953.082 777.659 954.934 776.479 956.433C775.299 957.931 773.648 958.988 771.794 959.435C769.939 959.881 767.989 959.691 766.256 958.894C764.523 958.097 763.108 956.74 762.24 955.042C761.372 953.344 761.1 951.403 761.469 949.531C761.838 947.66 762.826 945.967 764.274 944.725C765.722 943.483 767.545 942.765 769.451 942.685C771.357 942.606 773.234 943.17 774.78 944.287L775.803 943.264C775.895 943.169 776.005 943.093 776.127 943.04C776.249 942.988 776.38 942.96 776.513 942.959C776.646 942.958 776.777 942.983 776.9 943.033C777.023 943.084 777.135 943.158 777.228 943.252C777.322 943.346 777.396 943.457 777.447 943.58C777.497 943.703 777.522 943.835 777.521 943.967C777.52 944.1 777.492 944.231 777.44 944.353C777.388 944.475 777.311 944.585 777.216 944.678L776.252 945.641C777.577 947.18 778.304 949.144 778.302 951.175ZM769.805 947.676C769.54 947.676 769.286 947.782 769.098 947.969C768.911 948.157 768.805 948.411 768.805 948.676V951.675C768.805 951.94 768.911 952.194 769.098 952.381C769.286 952.569 769.54 952.674 769.805 952.674C770.07 952.674 770.324 952.569 770.512 952.381C770.699 952.194 770.805 951.94 770.805 951.675V948.676C770.805 948.411 770.699 948.157 770.512 947.969C770.324 947.782 770.07 947.676 769.805 947.676Z" fill="#515151"/>
<path d="M806.446 959H804.774V944.875H806.446V959ZM803.587 958.312H801.946V953.859H800.095C799.834 954.557 799.475 955.096 799.017 955.477C798.563 955.852 798.04 956.036 797.446 956.031C796.837 956.036 796.3 955.836 795.837 955.43C795.379 955.018 795.024 954.432 794.774 953.672C794.524 952.906 794.399 952.01 794.399 950.984C794.399 949.958 794.524 949.068 794.774 948.312C795.024 947.552 795.379 946.969 795.837 946.562C796.3 946.156 796.837 945.953 797.446 945.953C798.04 945.953 798.563 946.141 799.017 946.516C799.47 946.885 799.829 947.417 800.095 948.109H801.946V945.125H803.587V958.312ZM797.446 947.594C796.983 947.583 796.623 947.872 796.368 948.461C796.113 949.049 795.988 949.891 795.993 950.984C795.988 952.078 796.113 952.919 796.368 953.508C796.623 954.096 796.983 954.385 797.446 954.375C797.759 954.38 798.027 954.253 798.251 953.992C798.48 953.732 798.655 953.346 798.774 952.836C798.899 952.326 798.962 951.708 798.962 950.984C798.962 950.26 798.899 949.643 798.774 949.133C798.655 948.622 798.48 948.237 798.251 947.977C798.027 947.716 797.759 947.589 797.446 947.594ZM800.446 949.516C800.519 949.984 800.556 950.474 800.556 950.984C800.556 951.464 800.522 951.948 800.454 952.438H801.946V949.516H800.446ZM821.149 948.25H819.228V949.875H821.149V951.328H819.228V953.219H817.493V944.875H819.228V946.844H821.149V948.25ZM819.228 959H817.493V955.234H809.821V953.828H819.228V959ZM812.056 945.688C812.769 945.682 813.415 945.826 813.993 946.117C814.571 946.404 815.027 946.807 815.36 947.328C815.694 947.844 815.863 948.427 815.868 949.078C815.863 949.74 815.694 950.331 815.36 950.852C815.032 951.367 814.579 951.771 814.001 952.062C813.423 952.354 812.774 952.5 812.056 952.5C811.332 952.5 810.678 952.354 810.095 952.062C809.517 951.771 809.061 951.367 808.728 950.852C808.399 950.331 808.238 949.74 808.243 949.078C808.238 948.427 808.399 947.844 808.728 947.328C809.061 946.807 809.519 946.404 810.103 946.117C810.686 945.826 811.337 945.682 812.056 945.688ZM812.056 947.156C811.649 947.161 811.285 947.245 810.962 947.406C810.639 947.562 810.386 947.786 810.204 948.078C810.027 948.365 809.941 948.698 809.946 949.078C809.941 949.469 810.027 949.812 810.204 950.109C810.386 950.406 810.639 950.633 810.962 950.789C811.285 950.945 811.649 951.021 812.056 951.016C812.457 951.021 812.816 950.945 813.134 950.789C813.457 950.633 813.709 950.406 813.892 950.109C814.074 949.812 814.165 949.469 814.165 949.078C814.165 948.698 814.074 948.365 813.892 948.078C813.709 947.786 813.457 947.562 813.134 947.406C812.816 947.245 812.457 947.161 812.056 947.156ZM836.774 950.391H838.868V951.844H836.774V958.969H835.04V944.875H836.774V950.391ZM833.04 946.344C833.04 950.979 830.899 954.349 826.618 956.453L825.634 955.109C827.353 954.255 828.678 953.221 829.61 952.008C830.548 950.794 831.105 949.385 831.282 947.781H826.399V946.344H833.04ZM850.962 949.953H841.212V945.125H842.946V948.547H850.962V949.953ZM852.431 952.719H839.54V951.312H852.431V952.719ZM845.962 953.734C846.978 953.74 847.85 953.846 848.579 954.055C849.308 954.258 849.868 954.555 850.259 954.945C850.649 955.331 850.847 955.797 850.853 956.344C850.847 956.891 850.649 957.357 850.259 957.742C849.868 958.133 849.308 958.43 848.579 958.633C847.85 958.836 846.978 958.938 845.962 958.938C844.936 958.938 844.053 958.836 843.313 958.633C842.579 958.43 842.017 958.133 841.626 957.742C841.235 957.357 841.04 956.891 841.04 956.344C841.04 955.797 841.235 955.331 841.626 954.945C842.017 954.555 842.579 954.258 843.313 954.055C844.053 953.846 844.936 953.74 845.962 953.734ZM845.962 955.094C843.842 955.109 842.79 955.526 842.806 956.344C842.795 956.75 843.061 957.062 843.603 957.281C844.144 957.5 844.931 957.609 845.962 957.609C846.967 957.609 847.741 957.5 848.282 957.281C848.829 957.062 849.108 956.75 849.118 956.344C849.103 955.526 848.05 955.109 845.962 955.094ZM862.509 948.266C862.504 949.135 862.647 949.982 862.938 950.805C863.23 951.628 863.652 952.359 864.204 953C864.756 953.641 865.405 954.12 866.149 954.438L865.118 955.828C864.321 955.458 863.626 954.919 863.032 954.211C862.444 953.503 861.983 952.677 861.649 951.734C861.316 952.755 860.845 953.651 860.235 954.422C859.631 955.188 858.91 955.766 858.071 956.156L857.009 954.703C857.774 954.375 858.438 953.88 859.001 953.219C859.569 952.552 860.001 951.789 860.298 950.93C860.595 950.065 860.743 949.177 860.743 948.266V946.016H862.509V948.266ZM868.915 959.016H867.165V944.875H868.915V959.016ZM882.134 948.938H884.103V950.391H882.134V955.062H880.368V944.875H882.134V948.938ZM878.29 945.953C878.29 947.193 878.03 948.315 877.509 949.32C876.988 950.32 876.233 951.182 875.243 951.906C874.259 952.625 873.066 953.188 871.665 953.594L870.946 952.219C872.014 951.911 872.936 951.518 873.712 951.039C874.493 950.555 875.11 950.003 875.563 949.383C876.017 948.763 876.293 948.094 876.392 947.375H871.54V945.953H878.29ZM882.665 958.719H873.056V954.016H874.821V957.312H882.665V958.719ZM900.446 952.109H898.712V948.531H895.899V947.141H898.712V944.875H900.446V952.109ZM900.446 956.375H892.868V957.453H900.899V958.828H891.165V955.078H898.728V954.078H891.149V952.719H900.446V956.375ZM893.743 946.469C893.743 947.057 893.871 947.62 894.126 948.156C894.381 948.693 894.759 949.169 895.259 949.586C895.759 949.997 896.363 950.312 897.071 950.531L896.149 951.875C895.394 951.62 894.741 951.255 894.188 950.781C893.636 950.302 893.204 949.737 892.892 949.086C892.574 949.82 892.123 950.456 891.54 950.992C890.962 951.523 890.264 951.922 889.446 952.188L888.54 950.797C889.28 950.573 889.907 950.245 890.423 949.812C890.944 949.375 891.334 948.87 891.595 948.297C891.86 947.724 891.993 947.115 891.993 946.469V945.344H893.743V946.469ZM914.274 953.266H912.54V949.812H910.134V948.391H912.54V944.875H914.274V953.266ZM909.493 953.625C910.488 953.625 911.347 953.732 912.071 953.945C912.8 954.154 913.358 954.461 913.743 954.867C914.129 955.268 914.321 955.75 914.321 956.312C914.321 956.875 914.129 957.357 913.743 957.758C913.358 958.164 912.8 958.471 912.071 958.68C911.347 958.893 910.488 959 909.493 959C908.504 959 907.647 958.893 906.923 958.68C906.199 958.471 905.644 958.164 905.259 957.758C904.879 957.357 904.691 956.875 904.696 956.312C904.691 955.75 904.879 955.268 905.259 954.867C905.644 954.461 906.199 954.154 906.923 953.945C907.647 953.732 908.504 953.625 909.493 953.625ZM909.493 954.953C908.504 954.953 907.743 955.07 907.212 955.305C906.681 955.534 906.415 955.87 906.415 956.312C906.415 956.75 906.681 957.083 907.212 957.312C907.743 957.542 908.504 957.656 909.493 957.656C910.483 957.656 911.246 957.542 911.782 957.312C912.319 957.083 912.587 956.75 912.587 956.312C912.587 955.87 912.319 955.534 911.782 955.305C911.246 955.07 910.483 954.953 909.493 954.953ZM907.634 947.297C907.634 947.88 907.761 948.448 908.017 949C908.272 949.547 908.649 950.039 909.149 950.477C909.649 950.909 910.254 951.245 910.962 951.484L910.087 952.859C909.321 952.599 908.657 952.216 908.095 951.711C907.537 951.201 907.1 950.607 906.782 949.93C906.465 950.695 906.011 951.365 905.423 951.938C904.834 952.505 904.129 952.938 903.306 953.234L902.399 951.859C903.134 951.609 903.761 951.247 904.282 950.773C904.803 950.294 905.196 949.755 905.462 949.156C905.733 948.557 905.868 947.943 905.868 947.312V947.203H902.931V945.797H910.556V947.203H907.634V947.297ZM923.071 952.656L923.196 950.406L921.306 951.641L920.634 950.5L922.649 949.484L920.634 948.453L921.306 947.312L923.196 948.547L923.071 946.297H924.399L924.274 948.547L926.165 947.312L926.821 948.453L924.821 949.484L926.821 950.5L926.165 951.641L924.274 950.406L924.399 952.656H923.071Z" fill="#515151"/>
<rect x="1134.01" y="933.689" width="351.99" height="40" rx="8" fill="#EEEEEE"/>
<path d="M1170.54 960.637C1169.85 960.637 1169.22 960.518 1168.67 960.281C1168.12 960.044 1167.69 959.714 1167.37 959.29C1167.06 958.862 1166.89 958.372 1166.88 957.82H1168.67C1168.69 958.08 1168.78 958.31 1168.94 958.511C1169.11 958.707 1169.34 958.859 1169.61 958.969C1169.89 959.078 1170.2 959.133 1170.54 959.133C1170.9 959.133 1171.22 959.071 1171.51 958.948C1171.79 958.821 1172.02 958.645 1172.18 958.422C1172.34 958.199 1172.42 957.943 1172.42 957.656C1172.42 957.36 1172.33 957.096 1172.17 956.863C1172.01 956.631 1171.77 956.451 1171.46 956.323C1171.15 956.191 1170.78 956.125 1170.37 956.125H1169.48V954.758H1170.37C1170.71 954.758 1171.02 954.699 1171.29 954.58C1171.56 954.457 1171.77 954.286 1171.92 954.067C1172.07 953.844 1172.15 953.591 1172.14 953.309C1172.15 953.035 1172.08 952.794 1171.95 952.584C1171.82 952.37 1171.64 952.206 1171.4 952.092C1171.16 951.973 1170.88 951.914 1170.56 951.914C1170.25 951.914 1169.96 951.971 1169.69 952.085C1169.42 952.194 1169.21 952.352 1169.05 952.557C1168.89 952.762 1168.8 952.999 1168.79 953.268H1167.08C1167.1 952.721 1167.26 952.235 1167.56 951.812C1167.87 951.388 1168.29 951.057 1168.81 950.82C1169.34 950.583 1169.93 950.465 1170.57 950.465C1171.22 950.465 1171.8 950.588 1172.3 950.834C1172.8 951.076 1173.19 951.406 1173.46 951.825C1173.74 952.244 1173.87 952.707 1173.87 953.213C1173.87 953.577 1173.8 953.908 1173.65 954.204C1173.5 954.5 1173.28 954.746 1173.01 954.942C1172.74 955.138 1172.42 955.273 1172.06 955.346V955.428C1172.52 955.492 1172.92 955.628 1173.24 955.838C1173.57 956.043 1173.82 956.31 1173.99 956.638C1174.16 956.966 1174.24 957.337 1174.23 957.752C1174.24 958.299 1174.08 958.793 1173.76 959.235C1173.45 959.673 1173.01 960.017 1172.44 960.268C1171.88 960.514 1171.25 960.637 1170.54 960.637ZM1178.88 949.754C1179.5 949.754 1180.06 949.875 1180.56 950.116C1181.05 950.353 1181.44 950.684 1181.73 951.107C1182.01 951.531 1182.16 952.01 1182.16 952.543C1182.16 953.081 1182.01 953.562 1181.73 953.985C1181.44 954.409 1181.05 954.74 1180.56 954.977C1180.06 955.214 1179.5 955.332 1178.88 955.332C1178.26 955.332 1177.7 955.214 1177.19 954.977C1176.7 954.74 1176.31 954.409 1176.03 953.985C1175.74 953.562 1175.6 953.081 1175.6 952.543C1175.6 952.01 1175.74 951.531 1176.03 951.107C1176.31 950.684 1176.7 950.353 1177.2 950.116C1177.7 949.875 1178.26 949.754 1178.88 949.754ZM1178.88 951.012C1178.54 951.012 1178.23 951.076 1177.95 951.203C1177.68 951.326 1177.47 951.504 1177.31 951.736C1177.16 951.964 1177.08 952.233 1177.08 952.543C1177.08 952.857 1177.16 953.133 1177.31 953.37C1177.47 953.603 1177.68 953.783 1177.95 953.91C1178.23 954.038 1178.54 954.102 1178.88 954.102C1179.23 954.102 1179.54 954.038 1179.81 953.91C1180.09 953.783 1180.3 953.603 1180.46 953.37C1180.61 953.133 1180.69 952.857 1180.69 952.543C1180.69 952.233 1180.61 951.964 1180.46 951.736C1180.3 951.504 1180.09 951.326 1179.81 951.203C1179.54 951.076 1179.23 951.012 1178.88 951.012ZM1185.68 955.605H1184.15V949.357H1185.68V955.605ZM1185.68 959.365H1178.99V960.363H1186.05V961.566H1177.5V958.244H1184.16V957.328H1177.48V956.139H1185.68V959.365Z" fill="#B9B9B9"/>
<rect x="1228" y="938.689" width="75" height="30" rx="8" fill="white"/>
<path d="M1255.13 960.5H1253.34V952.338H1253.28L1250.97 953.814V952.188L1253.42 950.602H1255.13V960.5ZM1261.8 952.324C1261.79 953.085 1261.92 953.826 1262.18 954.546C1262.43 955.266 1262.8 955.906 1263.28 956.467C1263.77 957.027 1264.33 957.447 1264.99 957.725L1264.08 958.941C1263.39 958.618 1262.78 958.146 1262.26 957.526C1261.74 956.907 1261.34 956.184 1261.05 955.359C1260.76 956.253 1260.34 957.036 1259.81 957.711C1259.28 958.381 1258.65 958.887 1257.92 959.229L1256.99 957.957C1257.66 957.67 1258.24 957.237 1258.73 956.658C1259.23 956.075 1259.61 955.407 1259.86 954.655C1260.12 953.899 1260.25 953.122 1260.25 952.324V950.355H1261.8V952.324ZM1267.4 961.73H1265.87V949.357H1267.4V961.73ZM1278.97 952.912H1280.69V954.184H1278.97V958.271H1277.43V949.357H1278.97V952.912ZM1275.61 950.301C1275.61 951.385 1275.38 952.368 1274.92 953.247C1274.47 954.122 1273.81 954.876 1272.94 955.51C1272.08 956.139 1271.04 956.631 1269.81 956.986L1269.18 955.783C1270.12 955.514 1270.92 955.17 1271.6 954.751C1272.29 954.327 1272.83 953.844 1273.22 953.302C1273.62 952.759 1273.86 952.174 1273.95 951.545H1269.7V950.301H1275.61ZM1279.44 961.471H1271.03V957.355H1272.57V960.24H1279.44V961.471Z" fill="#F36F2F"/>
<path d="M1345.84 960.5H1344.07V952.465H1344.02L1341.74 953.919V952.317L1344.15 950.756H1345.84V960.5ZM1351.8 960.635C1351.02 960.635 1350.35 960.439 1349.79 960.049C1349.23 959.654 1348.8 959.082 1348.5 958.333C1348.2 957.584 1348.06 956.682 1348.06 955.628C1348.06 954.578 1348.2 953.679 1348.5 952.93C1348.8 952.176 1349.23 951.604 1349.79 951.214C1350.35 950.819 1351.02 950.622 1351.8 950.622C1352.57 950.622 1353.24 950.819 1353.8 951.214C1354.36 951.604 1354.79 952.176 1355.09 952.93C1355.39 953.679 1355.54 954.578 1355.54 955.628C1355.54 956.682 1355.39 957.584 1355.09 958.333C1354.79 959.082 1354.36 959.654 1353.8 960.049C1353.25 960.439 1352.58 960.635 1351.8 960.635ZM1351.8 959.168C1352.21 959.168 1352.56 959.035 1352.85 958.771C1353.15 958.501 1353.38 958.104 1353.53 957.58C1353.7 957.05 1353.78 956.4 1353.78 955.628C1353.78 954.865 1353.7 954.219 1353.53 953.69C1353.38 953.156 1353.15 952.755 1352.85 952.486C1352.56 952.212 1352.21 952.075 1351.8 952.075C1351.39 952.075 1351.04 952.212 1350.74 952.486C1350.45 952.755 1350.22 953.156 1350.06 953.69C1349.9 954.219 1349.82 954.865 1349.82 955.628C1349.82 956.4 1349.9 957.05 1350.06 957.58C1350.22 958.104 1350.44 958.501 1350.73 958.771C1351.03 959.035 1351.39 959.168 1351.8 959.168ZM1367.71 957.028H1363.01V959.127H1361.53V957.028H1356.59V955.83H1367.71V957.028ZM1366.48 961.456H1357.93V958.104H1359.42V960.244H1366.48V961.456ZM1359.52 951.295H1364.77V949.922H1366.25V954.874H1358.04V949.922H1359.52V951.295ZM1364.77 953.69V952.412H1359.52V953.69H1364.77Z" fill="#B9B9B9"/>
<path d="M1422.82 951.504C1422.82 952.023 1422.94 952.525 1423.17 953.008C1423.41 953.491 1423.75 953.922 1424.2 954.3C1424.66 954.678 1425.2 954.967 1425.84 955.168L1425.06 956.344C1424.37 956.125 1423.78 955.795 1423.27 955.353C1422.76 954.91 1422.37 954.389 1422.08 953.787C1421.79 954.439 1421.39 955.006 1420.86 955.489C1420.34 955.972 1419.73 956.335 1419.01 956.576L1418.23 955.4C1418.87 955.182 1419.42 954.872 1419.87 954.471C1420.33 954.065 1420.68 953.607 1420.92 953.097C1421.16 952.582 1421.28 952.051 1421.29 951.504V951.354H1418.62V950.137H1425.42V951.354H1422.82V951.504ZM1428.43 956.809H1426.89V949.357H1428.43V956.809ZM1428.43 961.717H1426.89V958.613H1419.99V957.383H1428.43V961.717ZM1440.58 956.098H1439.06V953.459H1436.93V952.201H1439.06V949.357H1440.58V956.098ZM1433.95 957.902H1439.06V956.617H1440.58V961.566H1432.43V956.617H1433.95V957.902ZM1439.06 960.336V959.092H1433.95V960.336H1439.06ZM1437.33 951.23H1434.77C1434.77 951.736 1434.89 952.229 1435.11 952.707C1435.34 953.186 1435.67 953.616 1436.1 953.999C1436.54 954.382 1437.07 954.676 1437.68 954.881L1436.92 956.057C1436.24 955.824 1435.66 955.487 1435.17 955.045C1434.68 954.598 1434.29 954.079 1434.02 953.486C1433.73 954.152 1433.34 954.73 1432.82 955.223C1432.31 955.71 1431.7 956.075 1430.98 956.316L1430.2 955.113C1430.84 954.899 1431.38 954.591 1431.83 954.19C1432.29 953.789 1432.63 953.334 1432.86 952.823C1433.1 952.308 1433.22 951.777 1433.22 951.23H1430.65V949.986H1437.33V951.23ZM1456 955.688H1454.48V952.557H1452.02V951.34H1454.48V949.357H1456V955.688ZM1456 959.42H1449.37V960.363H1456.4V961.566H1447.88V958.285H1454.5V957.41H1447.87V956.221H1456V959.42ZM1450.14 950.752C1450.14 951.267 1450.25 951.759 1450.47 952.229C1450.69 952.698 1451.02 953.115 1451.46 953.479C1451.9 953.84 1452.43 954.115 1453.05 954.307L1452.24 955.482C1451.58 955.259 1451.01 954.94 1450.53 954.525C1450.04 954.106 1449.66 953.612 1449.39 953.042C1449.11 953.685 1448.72 954.241 1448.21 954.71C1447.7 955.175 1447.09 955.523 1446.38 955.756L1445.58 954.539C1446.23 954.343 1446.78 954.056 1447.23 953.678C1447.69 953.295 1448.03 952.853 1448.26 952.352C1448.49 951.85 1448.6 951.317 1448.6 950.752V949.768H1450.14V950.752ZM1468.1 956.699H1466.58V953.678H1464.48V952.434H1466.58V949.357H1468.1V956.699ZM1463.92 957.014C1464.79 957.014 1465.54 957.107 1466.17 957.294C1466.81 957.476 1467.3 957.745 1467.64 958.101C1467.97 958.451 1468.14 958.873 1468.14 959.365C1468.14 959.857 1467.97 960.279 1467.64 960.63C1467.3 960.985 1466.81 961.254 1466.17 961.437C1465.54 961.623 1464.79 961.717 1463.92 961.717C1463.05 961.717 1462.3 961.623 1461.67 961.437C1461.03 961.254 1460.55 960.985 1460.21 960.63C1459.88 960.279 1459.72 959.857 1459.72 959.365C1459.72 958.873 1459.88 958.451 1460.21 958.101C1460.55 957.745 1461.03 957.476 1461.67 957.294C1462.3 957.107 1463.05 957.014 1463.92 957.014ZM1463.92 958.176C1463.05 958.176 1462.39 958.278 1461.92 958.483C1461.46 958.684 1461.22 958.978 1461.22 959.365C1461.22 959.748 1461.46 960.04 1461.92 960.24C1462.39 960.441 1463.05 960.541 1463.92 960.541C1464.78 960.541 1465.45 960.441 1465.92 960.24C1466.39 960.04 1466.62 959.748 1466.62 959.365C1466.62 958.978 1466.39 958.684 1465.92 958.483C1465.45 958.278 1464.78 958.176 1463.92 958.176ZM1462.29 951.477C1462.29 951.987 1462.4 952.484 1462.63 952.967C1462.85 953.445 1463.18 953.876 1463.62 954.259C1464.05 954.637 1464.58 954.931 1465.2 955.141L1464.44 956.344C1463.77 956.116 1463.19 955.781 1462.69 955.339C1462.21 954.892 1461.82 954.373 1461.55 953.78C1461.27 954.45 1460.87 955.036 1460.36 955.537C1459.84 956.034 1459.22 956.412 1458.5 956.672L1457.71 955.469C1458.35 955.25 1458.9 954.933 1459.36 954.519C1459.81 954.099 1460.16 953.628 1460.39 953.104C1460.63 952.579 1460.75 952.042 1460.75 951.49V951.395H1458.18V950.164H1464.85V951.395H1462.29V951.477Z" fill="#B9B9B9"/>
<rect x="733.41" y="1003.08" width="782.99" height="72.81" rx="15.5" fill="white"/>
<rect x="733.41" y="1003.08" width="782.99" height="72.81" rx="15.5" stroke="#EEEEEE"/>
<path fill-rule="evenodd" clip-rule="evenodd" d="M774.453 1030.68C774.567 1030.75 774.667 1030.83 774.747 1030.94C774.827 1031.04 774.885 1031.16 774.919 1031.29C774.953 1031.41 774.962 1031.55 774.945 1031.68C774.928 1031.81 774.885 1031.93 774.82 1032.05C774.754 1032.16 774.667 1032.26 774.563 1032.34C774.458 1032.42 774.34 1032.48 774.213 1032.51C774.086 1032.55 773.954 1032.55 773.823 1032.54C773.693 1032.52 773.568 1032.48 773.454 1032.41C772.43 1031.82 771.898 1031.95 771.658 1032.07C771.497 1032.16 771.359 1032.28 771.257 1032.43L771.411 1032.48C771.537 1032.51 771.656 1032.57 771.761 1032.65C771.865 1032.73 771.952 1032.83 772.018 1032.94C772.083 1033.06 772.126 1033.18 772.143 1033.31C772.16 1033.44 772.151 1033.57 772.117 1033.7L771.878 1034.59C773.526 1035.57 774.77 1037.1 775.383 1038.91C775.997 1040.73 775.939 1042.7 775.222 1044.47C774.504 1046.25 773.174 1047.71 771.472 1048.58C769.771 1049.46 767.811 1049.7 765.95 1049.25C764.088 1048.81 762.448 1047.71 761.327 1046.16C760.205 1044.61 759.678 1042.71 759.84 1040.8C760.002 1038.89 760.843 1037.1 762.21 1035.76C763.577 1034.42 765.379 1033.62 767.289 1033.5L767.301 1033.44L767.559 1032.48C767.593 1032.35 767.652 1032.23 767.732 1032.13C767.812 1032.02 767.911 1031.94 768.025 1031.87C768.139 1031.81 768.264 1031.76 768.395 1031.75C768.525 1031.73 768.657 1031.74 768.784 1031.77L769.275 1031.9C769.524 1031.33 769.991 1030.68 770.751 1030.29C771.762 1029.78 773.028 1029.86 774.453 1030.68ZM773.804 1041.48C773.804 1043.07 773.172 1044.59 772.047 1045.72C770.922 1046.84 769.397 1047.47 767.806 1047.47C766.216 1047.47 764.69 1046.84 763.565 1045.72C762.441 1044.59 761.809 1043.07 761.809 1041.48C761.809 1039.88 762.441 1038.36 763.565 1037.23C764.69 1036.11 766.216 1035.48 767.806 1035.48C769.397 1035.48 770.922 1036.11 772.047 1037.23C773.172 1038.36 773.804 1039.88 773.804 1041.48ZM767.806 1037.48C767.541 1037.48 767.287 1037.58 767.099 1037.77C766.912 1037.96 766.807 1038.21 766.807 1038.48V1041.48C766.807 1041.74 766.912 1041.99 767.099 1042.18C767.287 1042.37 767.541 1042.47 767.806 1042.47C768.071 1042.47 768.326 1042.37 768.513 1042.18C768.7 1041.99 768.806 1041.74 768.806 1041.48V1038.48C768.806 1038.21 768.7 1037.96 768.513 1037.77C768.326 1037.58 768.071 1037.48 767.806 1037.48ZM775.096 1032.77C775.284 1032.58 775.538 1032.48 775.803 1032.48C776.068 1032.48 776.322 1032.58 776.51 1032.77L777.509 1033.77C777.691 1033.96 777.792 1034.21 777.79 1034.47C777.787 1034.74 777.682 1034.99 777.497 1035.17C777.312 1035.36 777.061 1035.46 776.799 1035.47C776.537 1035.47 776.284 1035.37 776.096 1035.18L775.096 1034.19C774.909 1034 774.803 1033.74 774.803 1033.48C774.803 1033.21 774.909 1032.96 775.096 1032.77ZM776.573 1030.36C776.319 1030.42 776.101 1030.58 775.966 1030.81C775.83 1031.03 775.788 1031.3 775.848 1031.56C775.909 1031.81 776.066 1032.03 776.288 1032.17C776.509 1032.31 776.776 1032.36 777.032 1032.3L778.408 1031.98C778.536 1031.95 778.656 1031.89 778.763 1031.82C778.869 1031.74 778.959 1031.64 779.029 1031.53C779.098 1031.42 779.144 1031.29 779.165 1031.16C779.186 1031.04 779.181 1030.9 779.151 1030.78C779.121 1030.65 779.066 1030.53 778.989 1030.42C778.912 1030.31 778.815 1030.22 778.703 1030.15C778.592 1030.09 778.467 1030.04 778.338 1030.02C778.208 1030 778.076 1030 777.948 1030.03L776.573 1030.36Z" fill="#515151"/>
<path d="M806.446 1048.8H804.774V1034.68H806.446V1048.8ZM803.587 1048.11H801.946V1043.66H800.095C799.834 1044.36 799.475 1044.9 799.017 1045.28C798.563 1045.65 798.04 1045.84 797.446 1045.83C796.837 1045.84 796.3 1045.64 795.837 1045.23C795.379 1044.82 795.024 1044.23 794.774 1043.47C794.524 1042.71 794.399 1041.81 794.399 1040.79C794.399 1039.76 794.524 1038.87 794.774 1038.11C795.024 1037.35 795.379 1036.77 795.837 1036.36C796.3 1035.96 796.837 1035.75 797.446 1035.75C798.04 1035.75 798.563 1035.94 799.017 1036.32C799.47 1036.69 799.829 1037.22 800.095 1037.91H801.946V1034.93H803.587V1048.11ZM797.446 1037.39C796.983 1037.38 796.623 1037.67 796.368 1038.26C796.113 1038.85 795.988 1039.69 795.993 1040.79C795.988 1041.88 796.113 1042.72 796.368 1043.31C796.623 1043.9 796.983 1044.19 797.446 1044.18C797.759 1044.18 798.027 1044.05 798.251 1043.79C798.48 1043.53 798.655 1043.15 798.774 1042.64C798.899 1042.13 798.962 1041.51 798.962 1040.79C798.962 1040.06 798.899 1039.44 798.774 1038.93C798.655 1038.42 798.48 1038.04 798.251 1037.78C798.027 1037.52 797.759 1037.39 797.446 1037.39ZM800.446 1039.32C800.519 1039.79 800.556 1040.27 800.556 1040.79C800.556 1041.26 800.522 1041.75 800.454 1042.24H801.946V1039.32H800.446ZM821.149 1038.05H819.228V1039.68H821.149V1041.13H819.228V1043.02H817.493V1034.68H819.228V1036.64H821.149V1038.05ZM819.228 1048.8H817.493V1045.04H809.821V1043.63H819.228V1048.8ZM812.056 1035.49C812.769 1035.48 813.415 1035.63 813.993 1035.92C814.571 1036.2 815.027 1036.61 815.36 1037.13C815.694 1037.64 815.863 1038.23 815.868 1038.88C815.863 1039.54 815.694 1040.13 815.36 1040.65C815.032 1041.17 814.579 1041.57 814.001 1041.86C813.423 1042.15 812.774 1042.3 812.056 1042.3C811.332 1042.3 810.678 1042.15 810.095 1041.86C809.517 1041.57 809.061 1041.17 808.728 1040.65C808.399 1040.13 808.238 1039.54 808.243 1038.88C808.238 1038.23 808.399 1037.64 808.728 1037.13C809.061 1036.61 809.519 1036.2 810.103 1035.92C810.686 1035.63 811.337 1035.48 812.056 1035.49ZM812.056 1036.96C811.649 1036.96 811.285 1037.05 810.962 1037.21C810.639 1037.36 810.386 1037.59 810.204 1037.88C810.027 1038.17 809.941 1038.5 809.946 1038.88C809.941 1039.27 810.027 1039.61 810.204 1039.91C810.386 1040.21 810.639 1040.43 810.962 1040.59C811.285 1040.75 811.649 1040.82 812.056 1040.82C812.457 1040.82 812.816 1040.75 813.134 1040.59C813.457 1040.43 813.709 1040.21 813.892 1039.91C814.074 1039.61 814.165 1039.27 814.165 1038.88C814.165 1038.5 814.074 1038.17 813.892 1037.88C813.709 1037.59 813.457 1037.36 813.134 1037.21C812.816 1037.05 812.457 1036.96 812.056 1036.96ZM832.899 1045.3H826.212V1036.05H832.899V1045.3ZM827.915 1043.91H831.165V1037.41H827.915V1043.91ZM836.774 1040.1H838.946V1041.57H836.774V1048.8H835.04V1034.68H836.774V1040.1ZM850.681 1037.89H852.649V1039.32H850.681V1042.61H848.946V1034.68H850.681V1037.89ZM846.759 1035.54C846.754 1036.75 846.491 1037.84 845.97 1038.81C845.454 1039.78 844.701 1040.61 843.712 1041.29C842.728 1041.98 841.53 1042.5 840.118 1042.88L839.431 1041.49C841.045 1041.07 842.316 1040.47 843.243 1039.68C844.17 1038.89 844.712 1037.98 844.868 1036.94H840.103V1035.54H846.759ZM850.681 1048.61H841.54V1043.18H850.681V1048.61ZM843.274 1047.24H848.962V1044.6H843.274V1047.24ZM862.509 1038.07C862.504 1038.94 862.647 1039.78 862.938 1040.61C863.23 1041.43 863.652 1042.16 864.204 1042.8C864.756 1043.44 865.405 1043.92 866.149 1044.24L865.118 1045.63C864.321 1045.26 863.626 1044.72 863.032 1044.01C862.444 1043.3 861.983 1042.48 861.649 1041.54C861.316 1042.56 860.845 1043.45 860.235 1044.22C859.631 1044.99 858.91 1045.57 858.071 1045.96L857.009 1044.5C857.774 1044.18 858.438 1043.68 859.001 1043.02C859.569 1042.35 860.001 1041.59 860.298 1040.73C860.595 1039.87 860.743 1038.98 860.743 1038.07V1035.82H862.509V1038.07ZM868.915 1048.82H867.165V1034.68H868.915V1048.82ZM882.134 1038.74H884.103V1040.19H882.134V1044.86H880.368V1034.68H882.134V1038.74ZM878.29 1035.75C878.29 1036.99 878.03 1038.12 877.509 1039.12C876.988 1040.12 876.233 1040.98 875.243 1041.71C874.259 1042.43 873.066 1042.99 871.665 1043.39L870.946 1042.02C872.014 1041.71 872.936 1041.32 873.712 1040.84C874.493 1040.36 875.11 1039.8 875.563 1039.18C876.017 1038.56 876.293 1037.89 876.392 1037.18H871.54V1035.75H878.29ZM882.665 1048.52H873.056V1043.82H874.821V1047.11H882.665V1048.52ZM900.446 1041.91H898.712V1038.33H895.899V1036.94H898.712V1034.68H900.446V1041.91ZM900.446 1046.18H892.868V1047.25H900.899V1048.63H891.165V1044.88H898.728V1043.88H891.149V1042.52H900.446V1046.18ZM893.743 1036.27C893.743 1036.86 893.871 1037.42 894.126 1037.96C894.381 1038.49 894.759 1038.97 895.259 1039.39C895.759 1039.8 896.363 1040.11 897.071 1040.33L896.149 1041.68C895.394 1041.42 894.741 1041.06 894.188 1040.58C893.636 1040.1 893.204 1039.54 892.892 1038.89C892.574 1039.62 892.123 1040.26 891.54 1040.79C890.962 1041.32 890.264 1041.72 889.446 1041.99L888.54 1040.6C889.28 1040.37 889.907 1040.05 890.423 1039.61C890.944 1039.18 891.334 1038.67 891.595 1038.1C891.86 1037.52 891.993 1036.92 891.993 1036.27V1035.14H893.743V1036.27ZM914.274 1043.07H912.54V1039.61H910.134V1038.19H912.54V1034.68H914.274V1043.07ZM909.493 1043.43C910.488 1043.43 911.347 1043.53 912.071 1043.75C912.8 1043.95 913.358 1044.26 913.743 1044.67C914.129 1045.07 914.321 1045.55 914.321 1046.11C914.321 1046.68 914.129 1047.16 913.743 1047.56C913.358 1047.96 912.8 1048.27 912.071 1048.48C911.347 1048.69 910.488 1048.8 909.493 1048.8C908.504 1048.8 907.647 1048.69 906.923 1048.48C906.199 1048.27 905.644 1047.96 905.259 1047.56C904.879 1047.16 904.691 1046.68 904.696 1046.11C904.691 1045.55 904.879 1045.07 905.259 1044.67C905.644 1044.26 906.199 1043.95 906.923 1043.75C907.647 1043.53 908.504 1043.43 909.493 1043.43ZM909.493 1044.75C908.504 1044.75 907.743 1044.87 907.212 1045.11C906.681 1045.33 906.415 1045.67 906.415 1046.11C906.415 1046.55 906.681 1046.88 907.212 1047.11C907.743 1047.34 908.504 1047.46 909.493 1047.46C910.483 1047.46 911.246 1047.34 911.782 1047.11C912.319 1046.88 912.587 1046.55 912.587 1046.11C912.587 1045.67 912.319 1045.33 911.782 1045.11C911.246 1044.87 910.483 1044.75 909.493 1044.75ZM907.634 1037.1C907.634 1037.68 907.761 1038.25 908.017 1038.8C908.272 1039.35 908.649 1039.84 909.149 1040.28C909.649 1040.71 910.254 1041.05 910.962 1041.29L910.087 1042.66C909.321 1042.4 908.657 1042.02 908.095 1041.51C907.537 1041 907.1 1040.41 906.782 1039.73C906.465 1040.5 906.011 1041.17 905.423 1041.74C904.834 1042.31 904.129 1042.74 903.306 1043.04L902.399 1041.66C903.134 1041.41 903.761 1041.05 904.282 1040.57C904.803 1040.1 905.196 1039.56 905.462 1038.96C905.733 1038.36 905.868 1037.74 905.868 1037.11V1037H902.931V1035.6H910.556V1037H907.634V1037.1Z" fill="#515151"/>
<rect x="1442" y="1033.49" width="43.99" height="23.99" rx="11.995" fill="#B9B9B9"/>
<g filter="url(#filter1_dd_24_29531)">
<rect x="1444" y="1036.48" width="18" height="18" rx="9" fill="white"/>
</g>
<path d="M743.984 1133.61H742.521V1121.25H743.984V1133.61ZM741.482 1133.01H740.047V1129.11H738.427C738.199 1129.72 737.884 1130.19 737.483 1130.52C737.087 1130.85 736.629 1131.01 736.109 1131.01C735.576 1131.01 735.107 1130.84 734.701 1130.48C734.3 1130.12 733.99 1129.61 733.771 1128.95C733.553 1128.28 733.443 1127.49 733.443 1126.59C733.443 1125.7 733.553 1124.92 733.771 1124.26C733.99 1123.59 734.3 1123.08 734.701 1122.72C735.107 1122.37 735.576 1122.19 736.109 1122.19C736.629 1122.19 737.087 1122.36 737.483 1122.68C737.88 1123.01 738.194 1123.47 738.427 1124.08H740.047V1121.47H741.482V1133.01ZM736.109 1123.63C735.704 1123.62 735.389 1123.87 735.166 1124.39C734.943 1124.9 734.833 1125.64 734.838 1126.59C734.833 1127.55 734.943 1128.29 735.166 1128.8C735.389 1129.32 735.704 1129.57 736.109 1129.56C736.383 1129.57 736.618 1129.45 736.813 1129.23C737.014 1129 737.167 1128.66 737.271 1128.21C737.381 1127.77 737.436 1127.23 737.436 1126.59C737.436 1125.96 737.381 1125.42 737.271 1124.97C737.167 1124.53 737.014 1124.19 736.813 1123.96C736.618 1123.73 736.383 1123.62 736.109 1123.63ZM738.734 1125.31C738.798 1125.72 738.83 1126.15 738.83 1126.59C738.83 1127.01 738.8 1127.44 738.741 1127.87H740.047V1125.31H738.734ZM756.85 1124.2H755.168V1125.62H756.85V1126.89H755.168V1128.55H753.65V1121.25H755.168V1122.97H756.85V1124.2ZM755.168 1133.61H753.65V1130.31H746.938V1129.08H755.168V1133.61ZM748.893 1121.96C749.517 1121.95 750.082 1122.08 750.588 1122.33C751.094 1122.59 751.493 1122.94 751.784 1123.39C752.076 1123.85 752.224 1124.36 752.229 1124.93C752.224 1125.5 752.076 1126.02 751.784 1126.48C751.497 1126.93 751.101 1127.28 750.595 1127.54C750.089 1127.79 749.521 1127.92 748.893 1127.92C748.259 1127.92 747.687 1127.79 747.177 1127.54C746.671 1127.28 746.272 1126.93 745.98 1126.48C745.693 1126.02 745.552 1125.5 745.557 1124.93C745.552 1124.36 745.693 1123.85 745.98 1123.39C746.272 1122.94 746.673 1122.59 747.184 1122.33C747.694 1122.08 748.264 1121.95 748.893 1121.96ZM748.893 1123.24C748.537 1123.25 748.218 1123.32 747.936 1123.46C747.653 1123.6 747.432 1123.8 747.272 1124.05C747.118 1124.3 747.042 1124.59 747.047 1124.93C747.042 1125.27 747.118 1125.57 747.272 1125.83C747.432 1126.09 747.653 1126.29 747.936 1126.42C748.218 1126.56 748.537 1126.63 748.893 1126.62C749.243 1126.63 749.558 1126.56 749.836 1126.42C750.118 1126.29 750.34 1126.09 750.499 1125.83C750.659 1125.57 750.738 1125.27 750.738 1124.93C750.738 1124.59 750.659 1124.3 750.499 1124.05C750.34 1123.8 750.118 1123.6 749.836 1123.46C749.558 1123.32 749.243 1123.25 748.893 1123.24ZM771.191 1130.38H769.674V1127.15H767.924V1125.9H769.674V1124.72H767.924V1123.49H769.674V1121.25H771.191V1130.38ZM767.746 1123.39H766.652V1127.34C767.245 1127.29 767.696 1127.25 768.006 1127.22L768.074 1128.33C767.035 1128.5 765.923 1128.61 764.738 1128.67C763.558 1128.73 762.318 1128.75 761.02 1128.75L760.855 1127.5C761.457 1127.5 761.922 1127.49 762.25 1127.49V1123.39H761.17V1122.18H767.746V1123.39ZM771.506 1133.36H763.07V1129.67H764.602V1132.13H771.506V1133.36ZM763.727 1127.47C764.392 1127.45 764.88 1127.43 765.189 1127.42V1123.39H763.727V1127.47ZM776.947 1122.11C777.59 1122.1 778.169 1122.23 778.684 1122.49C779.203 1122.74 779.609 1123.09 779.9 1123.54C780.197 1124 780.347 1124.52 780.352 1125.09C780.347 1125.67 780.197 1126.19 779.9 1126.64C779.609 1127.1 779.205 1127.45 778.69 1127.71C778.175 1127.96 777.594 1128.08 776.947 1128.08C776.305 1128.08 775.726 1127.96 775.211 1127.7C774.696 1127.45 774.29 1127.09 773.994 1126.64C773.702 1126.19 773.557 1125.67 773.557 1125.09C773.557 1124.52 773.702 1124 773.994 1123.54C774.29 1123.09 774.696 1122.74 775.211 1122.49C775.73 1122.23 776.309 1122.1 776.947 1122.11ZM776.947 1123.42C776.587 1123.42 776.264 1123.49 775.977 1123.63C775.689 1123.76 775.464 1123.96 775.3 1124.21C775.14 1124.47 775.061 1124.76 775.061 1125.09C775.061 1125.43 775.14 1125.72 775.3 1125.98C775.464 1126.23 775.689 1126.42 775.977 1126.56C776.264 1126.69 776.587 1126.76 776.947 1126.76C777.312 1126.76 777.638 1126.69 777.925 1126.56C778.216 1126.42 778.444 1126.23 778.608 1125.98C778.777 1125.72 778.861 1125.43 778.861 1125.09C778.861 1124.76 778.777 1124.47 778.608 1124.21C778.444 1123.96 778.216 1123.76 777.925 1123.63C777.638 1123.49 777.312 1123.42 776.947 1123.42ZM783.236 1133.62H781.719V1121.25H783.236V1133.62ZM772.996 1129.79C774.509 1129.79 775.922 1129.77 777.234 1129.72C778.551 1129.66 779.8 1129.55 780.98 1129.38L781.104 1130.49C779.882 1130.73 778.64 1130.88 777.378 1130.94C776.12 1131.01 774.723 1131.04 773.188 1131.04L772.996 1129.79ZM798.686 1133.61H797.154V1121.25H798.686V1133.61ZM794.994 1122.56C794.994 1124.52 794.55 1126.25 793.661 1127.74C792.772 1129.22 791.298 1130.44 789.238 1131.42L788.445 1130.2C790.036 1129.45 791.232 1128.54 792.034 1127.49C792.841 1126.43 793.312 1125.19 793.449 1123.76H789.074V1122.56H794.994ZM810.457 1125.69H801.926V1121.47H803.443V1124.46H810.457V1125.69ZM811.742 1128.11H800.463V1126.88H811.742V1128.11ZM806.082 1129C806.971 1129 807.734 1129.1 808.372 1129.28C809.01 1129.46 809.5 1129.72 809.842 1130.06C810.184 1130.4 810.357 1130.8 810.361 1131.28C810.357 1131.76 810.184 1132.17 809.842 1132.51C809.5 1132.85 809.01 1133.11 808.372 1133.29C807.734 1133.46 806.971 1133.55 806.082 1133.55C805.184 1133.55 804.412 1133.46 803.765 1133.29C803.122 1133.11 802.63 1132.85 802.288 1132.51C801.946 1132.17 801.775 1131.76 801.775 1131.28C801.775 1130.8 801.946 1130.4 802.288 1130.06C802.63 1129.72 803.122 1129.46 803.765 1129.28C804.412 1129.1 805.184 1129 806.082 1129ZM806.082 1130.19C804.227 1130.2 803.307 1130.57 803.32 1131.28C803.311 1131.64 803.544 1131.91 804.018 1132.1C804.492 1132.29 805.18 1132.39 806.082 1132.39C806.962 1132.39 807.638 1132.29 808.112 1132.1C808.591 1131.91 808.835 1131.64 808.844 1131.28C808.83 1130.57 807.91 1130.2 806.082 1130.19Z" fill="#969696"/>
<rect x="733.41" y="1151.28" width="782.99" height="72.81" rx="15.5" fill="white"/>
<rect x="733.41" y="1151.28" width="782.99" height="72.81" rx="15.5" stroke="#EEEEEE"/>
<path fill-rule="evenodd" clip-rule="evenodd" d="M762.295 1184.23V1189.6H767.576C768.303 1189.6 769.015 1189.79 769.637 1190.16L772.229 1191.7V1181.63L769.889 1183.41L768.67 1181.87L771.01 1180.09C772.315 1179.1 774.215 1180.01 774.215 1181.63V1191.7C774.215 1193.22 772.522 1194.15 771.199 1193.36L768.607 1191.82C768.295 1191.64 767.939 1191.54 767.577 1191.54H767.052L763.12 1195.39C762.732 1195.77 762.103 1195.77 761.714 1195.39C761.623 1195.3 761.549 1195.19 761.499 1195.08C761.45 1194.96 761.424 1194.83 761.424 1194.7C761.424 1194.57 761.45 1194.45 761.499 1194.33C761.549 1194.21 761.623 1194.1 761.714 1194.02L764.243 1191.54H762.295C761.199 1191.54 760.309 1190.67 760.309 1189.6V1184.23C760.309 1183.15 761.199 1182.28 762.295 1182.28H767.45C767.891 1182.28 768.32 1182.14 768.67 1181.87L769.888 1183.41C769.186 1183.94 768.33 1184.23 767.449 1184.23H762.296M778.72 1181.26C778.532 1181.08 778.28 1180.98 778.018 1180.98C777.756 1180.98 777.504 1181.08 777.316 1181.26L775.912 1182.63C775.82 1182.72 775.746 1182.83 775.697 1182.95C775.647 1183.07 775.621 1183.19 775.621 1183.32C775.621 1183.45 775.647 1183.58 775.697 1183.69C775.746 1183.81 775.82 1183.92 775.912 1184.01C776.298 1184.39 776.928 1184.39 777.316 1184.01L778.72 1182.63C778.812 1182.55 778.886 1182.44 778.935 1182.32C778.985 1182.2 779.011 1182.08 779.011 1181.95C779.011 1181.82 778.985 1181.69 778.935 1181.57C778.886 1181.46 778.812 1181.35 778.72 1181.26ZM778.72 1190.41C778.812 1190.5 778.886 1190.61 778.935 1190.73C778.985 1190.84 779.011 1190.97 779.011 1191.1C779.011 1191.23 778.985 1191.35 778.935 1191.47C778.886 1191.59 778.812 1191.7 778.72 1191.79C778.333 1192.17 777.704 1192.17 777.316 1191.79L775.911 1190.41C775.818 1190.32 775.745 1190.22 775.695 1190.1C775.645 1189.98 775.619 1189.85 775.619 1189.72C775.619 1189.6 775.645 1189.47 775.695 1189.35C775.745 1189.23 775.818 1189.13 775.911 1189.04C776.099 1188.85 776.351 1188.75 776.613 1188.75C776.876 1188.75 777.128 1188.85 777.316 1189.04L778.72 1190.41ZM779.302 1186.52C779.301 1186.39 779.274 1186.27 779.223 1186.15C779.173 1186.03 779.099 1185.92 779.007 1185.83C778.915 1185.74 778.806 1185.67 778.686 1185.62C778.566 1185.57 778.438 1185.55 778.309 1185.55H776.322C776.193 1185.55 776.065 1185.57 775.946 1185.62C775.826 1185.67 775.717 1185.74 775.624 1185.83C775.532 1185.92 775.459 1186.03 775.408 1186.15C775.357 1186.27 775.33 1186.39 775.329 1186.52C775.329 1187.06 775.774 1187.5 776.322 1187.5H778.309C778.438 1187.5 778.566 1187.47 778.686 1187.42C778.806 1187.38 778.915 1187.31 779.007 1187.21C779.099 1187.12 779.173 1187.02 779.223 1186.9C779.274 1186.78 779.301 1186.65 779.302 1186.52Z" fill="#515151"/>
<path d="M806.024 1182.52H804.274V1172.31H806.024V1182.52ZM806.415 1186.14H796.681V1181.48H798.431V1184.73H806.415V1186.14ZM798.321 1173.23C799.03 1173.23 799.673 1173.39 800.251 1173.7C800.829 1174 801.285 1174.42 801.618 1174.95C801.951 1175.49 802.118 1176.09 802.118 1176.77C802.118 1177.45 801.951 1178.06 801.618 1178.6C801.285 1179.14 800.829 1179.56 800.251 1179.86C799.673 1180.16 799.03 1180.31 798.321 1180.31C797.608 1180.31 796.959 1180.16 796.376 1179.86C795.798 1179.56 795.342 1179.14 795.009 1178.6C794.675 1178.06 794.509 1177.45 794.509 1176.77C794.509 1176.09 794.675 1175.49 795.009 1174.95C795.342 1174.42 795.798 1174 796.376 1173.7C796.959 1173.39 797.608 1173.23 798.321 1173.23ZM798.321 1174.75C797.92 1174.75 797.558 1174.83 797.235 1175C796.912 1175.17 796.66 1175.4 796.478 1175.71C796.295 1176.02 796.207 1176.37 796.212 1176.77C796.207 1177.17 796.295 1177.53 796.478 1177.84C796.66 1178.14 796.912 1178.38 797.235 1178.55C797.558 1178.71 797.92 1178.8 798.321 1178.8C798.712 1178.8 799.066 1178.71 799.384 1178.55C799.701 1178.38 799.951 1178.14 800.134 1177.84C800.321 1177.53 800.415 1177.17 800.415 1176.77C800.415 1176.37 800.321 1176.02 800.134 1175.71C799.951 1175.4 799.701 1175.17 799.384 1175C799.066 1174.83 798.712 1174.75 798.321 1174.75ZM819.931 1183H818.181V1181.77H815.415V1180.55H818.181V1172.31H819.931V1183ZM820.259 1186.14H809.899V1181.97H811.634V1184.73H820.259V1186.14ZM808.024 1178.66C809.858 1178.65 811.504 1178.61 812.962 1178.56C814.42 1178.51 815.811 1178.4 817.134 1178.23L817.228 1179.48C816.097 1179.67 814.91 1179.81 813.665 1179.89V1182.61H811.931V1179.98C810.925 1180.03 809.696 1180.05 808.243 1180.05L808.024 1178.66ZM812.634 1172.83C813.316 1172.83 813.92 1172.93 814.446 1173.15C814.978 1173.36 815.392 1173.65 815.688 1174.03C815.991 1174.41 816.144 1174.84 816.149 1175.33C816.144 1175.83 815.993 1176.27 815.696 1176.64C815.399 1177.02 814.985 1177.3 814.454 1177.51C813.923 1177.71 813.316 1177.81 812.634 1177.81C811.941 1177.81 811.326 1177.71 810.79 1177.51C810.259 1177.3 809.845 1177.02 809.548 1176.64C809.251 1176.27 809.103 1175.83 809.103 1175.33C809.103 1174.84 809.251 1174.41 809.548 1174.03C809.845 1173.65 810.259 1173.36 810.79 1173.15C811.326 1172.93 811.941 1172.83 812.634 1172.83ZM812.634 1174.11C812.066 1174.11 811.608 1174.22 811.259 1174.44C810.915 1174.65 810.743 1174.95 810.743 1175.33C810.743 1175.71 810.915 1176.01 811.259 1176.23C811.608 1176.44 812.066 1176.55 812.634 1176.55C813.181 1176.55 813.626 1176.44 813.97 1176.22C814.313 1176 814.488 1175.7 814.493 1175.33C814.488 1174.95 814.313 1174.66 813.97 1174.44C813.626 1174.22 813.181 1174.11 812.634 1174.11ZM833.181 1182.98H826.462V1173.62H833.181V1182.98ZM828.181 1181.59H831.493V1174.98H828.181V1181.59ZM837.462 1186.44H835.712V1172.3H837.462V1186.44ZM846.415 1174.45H841.806V1177.59C843.129 1177.58 844.222 1177.55 845.087 1177.48C845.951 1177.42 846.811 1177.3 847.665 1177.12L847.853 1178.47C846.972 1178.67 846.063 1178.8 845.126 1178.87C844.194 1178.92 842.894 1178.95 841.228 1178.95H840.087V1173.06H846.415V1174.45ZM850.681 1175.08H852.649V1176.5H850.681V1179.36H848.946V1172.3H850.681V1175.08ZM850.681 1183.72H843.181V1184.84H851.118V1186.25H841.462V1182.41H848.946V1181.36H841.446V1179.97H850.681V1183.72ZM862.509 1175.69C862.504 1176.56 862.647 1177.4 862.938 1178.23C863.23 1179.05 863.652 1179.78 864.204 1180.42C864.756 1181.06 865.405 1181.54 866.149 1181.86L865.118 1183.25C864.321 1182.88 863.626 1182.34 863.032 1181.63C862.444 1180.92 861.983 1180.1 861.649 1179.16C861.316 1180.18 860.845 1181.07 860.235 1181.84C859.631 1182.61 858.91 1183.19 858.071 1183.58L857.009 1182.12C857.774 1181.8 858.438 1181.3 859.001 1180.64C859.569 1179.97 860.001 1179.21 860.298 1178.35C860.595 1177.49 860.743 1176.6 860.743 1175.69V1173.44H862.509V1175.69ZM868.915 1186.44H867.165V1172.3H868.915V1186.44ZM879.853 1176.31C879.853 1177.05 879.993 1177.8 880.274 1178.55C880.561 1179.3 880.97 1179.98 881.501 1180.59C882.037 1181.21 882.665 1181.68 883.384 1182.02L882.415 1183.39C881.639 1183.03 880.959 1182.49 880.376 1181.79C879.793 1181.08 879.337 1180.27 879.009 1179.36C878.681 1180.35 878.215 1181.24 877.61 1182.01C877.006 1182.78 876.306 1183.35 875.509 1183.73L874.493 1182.38C875.217 1182.03 875.853 1181.53 876.399 1180.88C876.951 1180.23 877.373 1179.51 877.665 1178.7C877.962 1177.9 878.113 1177.1 878.118 1176.31V1175.12H875.04V1173.69H882.806V1175.12H879.853V1176.31ZM885.853 1177.8H888.024V1179.25H885.853V1186.42H884.118V1172.3H885.853V1177.8ZM901.509 1180.45H888.618V1179.06H894.212V1177.72H890.196V1172.94H899.946V1174.3H891.931V1176.34H900.024V1177.72H895.915V1179.06H901.509V1180.45ZM895.04 1181.27C896.056 1181.27 896.928 1181.37 897.657 1181.57C898.386 1181.77 898.946 1182.06 899.337 1182.45C899.728 1182.83 899.925 1183.3 899.931 1183.84C899.925 1184.39 899.728 1184.85 899.337 1185.23C898.946 1185.62 898.384 1185.91 897.649 1186.12C896.92 1186.32 896.05 1186.42 895.04 1186.42C894.019 1186.42 893.139 1186.32 892.399 1186.12C891.66 1185.91 891.095 1185.62 890.704 1185.23C890.313 1184.85 890.118 1184.39 890.118 1183.84C890.118 1183.3 890.313 1182.83 890.704 1182.45C891.095 1182.06 891.657 1181.77 892.392 1181.57C893.131 1181.37 894.014 1181.27 895.04 1181.27ZM895.04 1182.59C894.009 1182.59 893.222 1182.7 892.681 1182.91C892.144 1183.13 891.879 1183.44 891.884 1183.84C891.879 1184.25 892.144 1184.56 892.681 1184.77C893.217 1184.97 894.004 1185.08 895.04 1185.08C896.056 1185.08 896.834 1184.97 897.376 1184.77C897.918 1184.56 898.191 1184.25 898.196 1183.84C898.191 1183.44 897.915 1183.13 897.368 1182.91C896.826 1182.7 896.05 1182.59 895.04 1182.59ZM914.728 1175.14H911.806C911.816 1175.55 911.946 1175.94 912.196 1176.3C912.451 1176.66 912.819 1176.98 913.298 1177.25C913.782 1177.52 914.363 1177.72 915.04 1177.86L914.353 1179.2C913.556 1179.04 912.871 1178.77 912.298 1178.41C911.725 1178.05 911.28 1177.61 910.962 1177.09C910.644 1177.66 910.196 1178.14 909.618 1178.54C909.04 1178.93 908.342 1179.22 907.524 1179.39L906.79 1178.05C907.478 1177.91 908.063 1177.7 908.548 1177.41C909.037 1177.12 909.407 1176.78 909.657 1176.39C909.912 1175.99 910.045 1175.58 910.056 1175.14H907.149V1173.78H910.071V1172.33H911.806V1173.78H914.728V1175.14ZM918.056 1186.41H916.337V1172.31H918.056V1186.41ZM906.259 1180.12C908.076 1180.12 909.722 1180.1 911.196 1180.05C912.675 1180.01 914.082 1179.9 915.415 1179.73L915.54 1180.98C914.441 1181.18 913.201 1181.32 911.821 1181.41V1185.98H910.071V1181.51C909.071 1181.54 907.873 1181.56 906.478 1181.56L906.259 1180.12ZM932.978 1184.67H920.071V1183.27H925.603V1180H927.321V1183.27H932.978V1184.67ZM927.368 1174.19C927.368 1174.9 927.587 1175.58 928.024 1176.25C928.467 1176.92 929.076 1177.49 929.853 1177.97C930.634 1178.44 931.509 1178.76 932.478 1178.91L931.728 1180.34C930.535 1180.12 929.472 1179.68 928.54 1179.04C927.613 1178.39 926.915 1177.6 926.446 1176.68C926.134 1177.29 925.717 1177.85 925.196 1178.35C924.675 1178.85 924.074 1179.27 923.392 1179.62C922.709 1179.96 921.978 1180.2 921.196 1180.34L920.446 1178.91C921.405 1178.76 922.269 1178.44 923.04 1177.97C923.816 1177.49 924.423 1176.92 924.86 1176.25C925.298 1175.58 925.519 1174.89 925.524 1174.19V1173.16H927.368V1174.19ZM939.149 1186.73H937.399L941.056 1173.19H942.79L939.149 1186.73ZM958.368 1175.14H960.337V1176.58H958.368V1179.39H956.634V1172.3H958.368V1175.14ZM958.368 1183.7H950.868V1184.88H958.806V1186.25H949.149V1182.44H956.634V1181.34H949.134V1180H958.368V1183.7ZM951.134 1172.77C951.847 1172.77 952.488 1172.9 953.056 1173.17C953.623 1173.44 954.069 1173.81 954.392 1174.3C954.715 1174.78 954.879 1175.32 954.884 1175.94C954.879 1176.54 954.715 1177.09 954.392 1177.57C954.069 1178.05 953.621 1178.42 953.048 1178.7C952.48 1178.96 951.842 1179.09 951.134 1179.09C950.42 1179.09 949.777 1178.96 949.204 1178.69C948.636 1178.42 948.188 1178.04 947.86 1177.56C947.537 1177.08 947.379 1176.54 947.384 1175.94C947.379 1175.32 947.537 1174.78 947.86 1174.3C948.183 1173.81 948.631 1173.44 949.204 1173.17C949.777 1172.9 950.42 1172.77 951.134 1172.77ZM951.134 1174.17C950.738 1174.17 950.384 1174.24 950.071 1174.39C949.759 1174.54 949.514 1174.74 949.337 1175.01C949.165 1175.27 949.082 1175.58 949.087 1175.94C949.082 1176.29 949.165 1176.6 949.337 1176.87C949.514 1177.14 949.759 1177.35 950.071 1177.5C950.384 1177.65 950.738 1177.72 951.134 1177.72C951.524 1177.72 951.876 1177.65 952.188 1177.5C952.506 1177.35 952.754 1177.14 952.931 1176.87C953.108 1176.6 953.196 1176.29 953.196 1175.94C953.196 1175.58 953.108 1175.27 952.931 1175.01C952.754 1174.74 952.509 1174.54 952.196 1174.39C951.884 1174.24 951.53 1174.17 951.134 1174.17ZM972.821 1180.69H971.071V1172.31H972.821V1180.69ZM968.29 1177.23H963.509V1178.7C964.837 1178.7 965.957 1178.67 966.868 1178.62C967.785 1178.56 968.717 1178.45 969.665 1178.3L969.884 1179.7C968.832 1179.87 967.795 1179.98 966.774 1180.04C965.759 1180.1 964.504 1180.12 963.009 1180.12H961.806V1175.91H966.571V1174.52H961.774V1173.14H968.29V1177.23ZM972.821 1186.25H963.446V1181.34H972.821V1186.25ZM965.165 1184.84H971.118V1182.73H965.165V1184.84ZM990.509 1182.62H988.774V1177.45H986.274V1176.05H988.774V1172.31H990.509V1182.62ZM990.868 1186.14H981.243V1181.72H982.978V1184.73H990.868V1186.14ZM983.868 1175.12C983.868 1175.7 983.996 1176.27 984.251 1176.82C984.506 1177.37 984.884 1177.86 985.384 1178.3C985.884 1178.73 986.488 1179.06 987.196 1179.3L986.321 1180.69C985.55 1180.42 984.884 1180.04 984.321 1179.53C983.764 1179.02 983.326 1178.42 983.009 1177.74C982.691 1178.5 982.238 1179.16 981.649 1179.73C981.061 1180.28 980.358 1180.7 979.54 1180.98L978.649 1179.58C979.379 1179.34 980.001 1178.99 980.517 1178.53C981.037 1178.07 981.431 1177.54 981.696 1176.95C981.967 1176.36 982.103 1175.74 982.103 1175.11V1174.73H979.165V1173.33H986.79V1174.73H983.868V1175.12ZM999.79 1179.12H1005.38V1180.52H992.509V1179.12H998.071V1177.28H999.79V1179.12ZM999.806 1173.06C999.806 1173.64 1000 1174.18 1000.4 1174.7C1000.8 1175.21 1001.37 1175.64 1002.1 1176C1002.84 1176.36 1003.69 1176.6 1004.65 1176.72L1003.98 1178.08C1002.82 1177.9 1001.79 1177.55 1000.91 1177.05C1000.03 1176.55 999.363 1175.93 998.915 1175.19C998.462 1175.93 997.793 1176.55 996.907 1177.05C996.027 1177.55 995.004 1177.9 993.837 1178.08L993.212 1176.72C994.16 1176.6 994.998 1176.36 995.728 1175.99C996.462 1175.63 997.03 1175.19 997.431 1174.68C997.837 1174.16 998.04 1173.62 998.04 1173.06V1172.53H999.806V1173.06ZM998.931 1181.44C999.951 1181.44 1000.83 1181.53 1001.56 1181.73C1002.28 1181.92 1002.84 1182.2 1003.23 1182.58C1003.62 1182.95 1003.82 1183.4 1003.82 1183.92C1003.82 1184.45 1003.62 1184.9 1003.23 1185.27C1002.84 1185.64 1002.28 1185.92 1001.56 1186.12C1000.83 1186.31 999.951 1186.41 998.931 1186.41C997.905 1186.41 997.022 1186.31 996.282 1186.12C995.548 1185.92 994.985 1185.64 994.595 1185.27C994.204 1184.9 994.009 1184.45 994.009 1183.92C994.009 1183.4 994.204 1182.95 994.595 1182.58C994.985 1182.2 995.548 1181.92 996.282 1181.73C997.022 1181.53 997.905 1181.44 998.931 1181.44ZM998.931 1182.77C996.811 1182.77 995.759 1183.15 995.774 1183.92C995.769 1184.31 996.032 1184.61 996.563 1184.8C997.1 1185 997.889 1185.09 998.931 1185.09C999.951 1185.09 1000.73 1184.99 1001.27 1184.8C1001.81 1184.6 1002.08 1184.31 1002.09 1183.92C1002.08 1183.54 1001.81 1183.25 1001.27 1183.05C1000.74 1182.86 999.957 1182.77 998.931 1182.77Z" fill="#515151"/>
<path d="M799.661 1197.2C799.661 1197.64 799.817 1198.08 800.13 1198.5C800.446 1198.92 800.888 1199.28 801.454 1199.58C802.024 1199.88 802.677 1200.08 803.411 1200.18L802.896 1201.23C802.005 1201.1 801.216 1200.82 800.528 1200.41C799.841 1199.99 799.323 1199.48 798.976 1198.88C798.628 1199.48 798.112 1199.99 797.429 1200.41C796.745 1200.82 795.962 1201.1 795.079 1201.23L794.563 1200.18C795.29 1200.08 795.937 1199.88 796.503 1199.58C797.069 1199.28 797.509 1198.92 797.821 1198.5C798.134 1198.08 798.29 1197.64 798.29 1197.2V1196.66H799.661V1197.2ZM803.798 1203.22H799.591V1206.91H798.302V1203.22H794.142V1202.14H803.798V1203.22ZM807.454 1196.79C807.907 1196.79 808.323 1196.87 808.702 1197.03C809.081 1197.19 809.397 1197.42 809.651 1197.71C809.909 1198.01 810.081 1198.35 810.167 1198.73H812.083V1196.32H813.384V1202H812.083V1199.79H810.179C810.093 1200.18 809.921 1200.53 809.663 1200.83C809.409 1201.13 809.091 1201.37 808.708 1201.54C808.325 1201.7 807.907 1201.78 807.454 1201.78C806.919 1201.78 806.438 1201.67 806.013 1201.46C805.587 1201.24 805.253 1200.95 805.011 1200.57C804.772 1200.19 804.653 1199.75 804.653 1199.27C804.653 1198.8 804.772 1198.37 805.011 1197.99C805.253 1197.61 805.587 1197.32 806.013 1197.11C806.438 1196.89 806.919 1196.79 807.454 1196.79ZM807.454 1197.88C807.149 1197.88 806.88 1197.94 806.646 1198.05C806.411 1198.16 806.228 1198.32 806.095 1198.54C805.962 1198.75 805.896 1198.99 805.896 1199.27C805.896 1199.55 805.962 1199.8 806.095 1200.01C806.228 1200.22 806.411 1200.39 806.646 1200.5C806.884 1200.62 807.153 1200.68 807.454 1200.68C807.747 1200.68 808.009 1200.62 808.239 1200.5C808.474 1200.39 808.655 1200.22 808.784 1200.01C808.917 1199.8 808.985 1199.55 808.989 1199.27C808.985 1198.99 808.917 1198.75 808.784 1198.54C808.655 1198.32 808.476 1198.16 808.245 1198.05C808.015 1197.94 807.751 1197.88 807.454 1197.88ZM807.688 1203.62H812.083V1202.5H813.384V1206.79H806.399V1202.5H807.688V1203.62ZM812.083 1205.73V1204.63H807.688V1205.73H812.083ZM821.903 1203.71C822.919 1203.65 823.825 1203.56 824.622 1203.45L824.728 1204.41C823.677 1204.6 822.603 1204.72 821.505 1204.78C820.411 1204.84 819.224 1204.86 817.942 1204.86L817.778 1203.81C819.009 1203.8 819.95 1203.79 820.603 1203.77V1201.99H821.903V1203.71ZM824.188 1198.68H821.921C821.944 1199.06 822.058 1199.42 822.261 1199.76C822.464 1200.1 822.755 1200.39 823.134 1200.65C823.513 1200.9 823.962 1201.1 824.481 1201.23L823.884 1202.25C823.267 1202.08 822.735 1201.82 822.29 1201.48C821.845 1201.13 821.499 1200.71 821.253 1200.23C821.019 1200.74 820.679 1201.18 820.233 1201.54C819.792 1201.9 819.263 1202.16 818.646 1202.33L818.024 1201.35C818.548 1201.2 818.995 1201 819.366 1200.73C819.741 1200.47 820.03 1200.16 820.233 1199.81C820.437 1199.46 820.55 1199.08 820.573 1198.68H818.341V1197.62H820.603V1196.41H821.903V1197.62H824.188V1198.68ZM826.556 1206.93H825.255V1196.32H826.556V1206.93ZM837.782 1205.6H828.103V1204.55H832.251V1202.1H833.54V1204.55H837.782V1205.6ZM833.575 1197.74C833.575 1198.27 833.739 1198.79 834.067 1199.29C834.399 1199.79 834.856 1200.21 835.438 1200.57C836.024 1200.93 836.681 1201.16 837.407 1201.28L836.845 1202.36C835.95 1202.19 835.153 1201.86 834.454 1201.38C833.759 1200.89 833.235 1200.3 832.884 1199.61C832.649 1200.06 832.337 1200.48 831.946 1200.86C831.556 1201.24 831.104 1201.55 830.593 1201.81C830.081 1202.06 829.532 1202.25 828.946 1202.36L828.384 1201.28C829.103 1201.16 829.751 1200.93 830.329 1200.57C830.911 1200.21 831.366 1199.79 831.694 1199.29C832.022 1198.78 832.188 1198.27 832.192 1197.74V1196.96H833.575V1197.74ZM850.146 1203.98H848.833V1196.33H850.146V1203.98ZM850.438 1206.7H843.138V1203.21H844.45V1205.65H850.438V1206.7ZM844.368 1197.02C844.899 1197.02 845.382 1197.14 845.815 1197.37C846.249 1197.6 846.591 1197.91 846.841 1198.31C847.091 1198.71 847.216 1199.17 847.216 1199.67C847.216 1200.18 847.091 1200.64 846.841 1201.05C846.591 1201.45 846.249 1201.77 845.815 1201.99C845.382 1202.22 844.899 1202.33 844.368 1202.33C843.833 1202.33 843.347 1202.22 842.909 1201.99C842.476 1201.77 842.134 1201.45 841.884 1201.05C841.634 1200.64 841.509 1200.18 841.509 1199.67C841.509 1199.17 841.634 1198.71 841.884 1198.31C842.134 1197.91 842.476 1197.6 842.909 1197.37C843.347 1197.14 843.833 1197.02 844.368 1197.02ZM844.368 1198.16C844.067 1198.16 843.796 1198.22 843.554 1198.35C843.312 1198.47 843.122 1198.65 842.985 1198.88C842.849 1199.11 842.782 1199.38 842.786 1199.67C842.782 1199.98 842.849 1200.24 842.985 1200.47C843.122 1200.71 843.312 1200.88 843.554 1201.01C843.796 1201.13 844.067 1201.2 844.368 1201.2C844.661 1201.2 844.927 1201.13 845.165 1201.01C845.403 1200.88 845.591 1200.71 845.728 1200.47C845.868 1200.24 845.938 1199.98 845.938 1199.67C845.938 1199.38 845.868 1199.11 845.728 1198.88C845.591 1198.65 845.403 1198.47 845.165 1198.35C844.927 1198.22 844.661 1198.16 844.368 1198.16ZM860.575 1204.35H859.263V1203.42H857.188V1202.51H859.263V1196.33H860.575V1204.35ZM860.821 1206.7H853.052V1203.57H854.353V1205.65H860.821V1206.7ZM851.646 1201.09C853.021 1201.08 854.255 1201.06 855.349 1201.02C856.442 1200.98 857.485 1200.9 858.478 1200.77L858.548 1201.71C857.7 1201.85 856.81 1201.95 855.876 1202.02V1204.05H854.575V1202.09C853.821 1202.12 852.899 1202.13 851.81 1202.13L851.646 1201.09ZM855.103 1196.72C855.614 1196.72 856.067 1196.8 856.462 1196.96C856.86 1197.12 857.171 1197.34 857.394 1197.62C857.62 1197.9 857.735 1198.23 857.739 1198.59C857.735 1198.97 857.622 1199.3 857.399 1199.58C857.177 1199.86 856.866 1200.08 856.468 1200.23C856.069 1200.38 855.614 1200.46 855.103 1200.46C854.583 1200.46 854.122 1200.38 853.72 1200.23C853.321 1200.08 853.011 1199.86 852.788 1199.58C852.565 1199.3 852.454 1198.97 852.454 1198.59C852.454 1198.23 852.565 1197.9 852.788 1197.62C853.011 1197.34 853.321 1197.12 853.72 1196.96C854.122 1196.8 854.583 1196.72 855.103 1196.72ZM855.103 1197.68C854.677 1197.68 854.333 1197.76 854.071 1197.93C853.813 1198.09 853.685 1198.31 853.685 1198.59C853.685 1198.88 853.813 1199.1 854.071 1199.27C854.333 1199.43 854.677 1199.51 855.103 1199.51C855.513 1199.51 855.847 1199.43 856.104 1199.26C856.362 1199.1 856.493 1198.88 856.497 1198.59C856.493 1198.31 856.362 1198.09 856.104 1197.93C855.847 1197.76 855.513 1197.68 855.103 1197.68ZM873.724 1206.93H872.411V1196.32H873.724V1206.93ZM868.017 1197.09C868.548 1197.09 869.021 1197.25 869.435 1197.56C869.853 1197.86 870.181 1198.3 870.419 1198.86C870.657 1199.43 870.778 1200.08 870.782 1200.83C870.778 1201.59 870.657 1202.25 870.419 1202.81C870.185 1203.38 869.858 1203.82 869.44 1204.12C869.022 1204.43 868.548 1204.58 868.017 1204.58C867.481 1204.58 867.005 1204.43 866.587 1204.12C866.169 1203.82 865.841 1203.38 865.603 1202.81C865.368 1202.25 865.251 1201.59 865.251 1200.83C865.251 1200.08 865.368 1199.43 865.603 1198.86C865.841 1198.3 866.169 1197.86 866.587 1197.56C867.005 1197.25 867.481 1197.09 868.017 1197.09ZM868.017 1198.27C867.716 1198.27 867.45 1198.37 867.22 1198.57C866.993 1198.77 866.817 1199.07 866.692 1199.46C866.567 1199.84 866.505 1200.3 866.505 1200.83C866.505 1201.37 866.567 1201.83 866.692 1202.21C866.817 1202.6 866.993 1202.9 867.22 1203.11C867.45 1203.31 867.716 1203.41 868.017 1203.41C868.313 1203.41 868.575 1203.31 868.802 1203.11C869.028 1202.9 869.204 1202.6 869.329 1202.21C869.454 1201.83 869.517 1201.37 869.517 1200.83C869.517 1200.3 869.454 1199.84 869.329 1199.46C869.204 1199.07 869.028 1198.78 868.802 1198.58C868.575 1198.37 868.313 1198.27 868.017 1198.27ZM883.579 1200.54H885.208V1201.62H883.579V1206.91H882.29V1196.32H883.579V1200.54ZM881.47 1198.99H875.224V1197.95H877.731V1196.47H879.032V1197.95H881.47V1198.99ZM878.388 1199.68C878.892 1199.68 879.345 1199.79 879.747 1200.01C880.153 1200.22 880.472 1200.51 880.702 1200.89C880.933 1201.27 881.048 1201.7 881.048 1202.18C881.048 1202.66 880.933 1203.09 880.702 1203.47C880.472 1203.84 880.153 1204.14 879.747 1204.35C879.345 1204.56 878.892 1204.66 878.388 1204.66C877.876 1204.66 877.417 1204.56 877.011 1204.35C876.604 1204.14 876.286 1203.84 876.056 1203.47C875.825 1203.09 875.712 1202.66 875.716 1202.18C875.712 1201.7 875.825 1201.27 876.056 1200.89C876.286 1200.51 876.604 1200.22 877.011 1200.01C877.417 1199.79 877.876 1199.68 878.388 1199.68ZM878.388 1200.75C878.11 1200.75 877.862 1200.81 877.644 1200.93C877.429 1201.04 877.261 1201.21 877.14 1201.43C877.019 1201.64 876.958 1201.89 876.958 1202.18C876.958 1202.46 877.019 1202.71 877.14 1202.93C877.261 1203.14 877.429 1203.3 877.644 1203.42C877.862 1203.54 878.11 1203.59 878.388 1203.59C878.657 1203.59 878.897 1203.54 879.108 1203.42C879.323 1203.3 879.491 1203.14 879.612 1202.93C879.737 1202.71 879.802 1202.46 879.806 1202.18C879.802 1201.89 879.737 1201.64 879.612 1201.43C879.491 1201.21 879.323 1201.05 879.108 1200.93C878.897 1200.81 878.657 1200.75 878.388 1200.75ZM895.333 1205.68H885.653V1204.61H889.825V1202.88H886.802V1199.41H892.896V1198.1H886.778V1197.05H894.185V1200.45H888.103V1201.82H894.431V1202.88H891.114V1204.61H895.333V1205.68ZM908.013 1206.91H906.759V1196.32H908.013V1206.91ZM905.868 1206.4H904.638V1203.06H903.249C903.054 1203.58 902.784 1203.99 902.44 1204.27C902.101 1204.55 901.708 1204.69 901.263 1204.69C900.806 1204.69 900.403 1204.54 900.056 1204.24C899.712 1203.93 899.446 1203.49 899.259 1202.92C899.071 1202.34 898.978 1201.67 898.978 1200.9C898.978 1200.13 899.071 1199.46 899.259 1198.9C899.446 1198.33 899.712 1197.89 900.056 1197.59C900.403 1197.28 900.806 1197.13 901.263 1197.13C901.708 1197.13 902.101 1197.27 902.44 1197.55C902.78 1197.83 903.05 1198.23 903.249 1198.75H904.638V1196.51H905.868V1206.4ZM901.263 1198.36C900.915 1198.35 900.646 1198.57 900.454 1199.01C900.263 1199.45 900.169 1200.08 900.173 1200.9C900.169 1201.72 900.263 1202.35 900.454 1202.79C900.646 1203.24 900.915 1203.45 901.263 1203.45C901.497 1203.45 901.698 1203.35 901.866 1203.16C902.038 1202.96 902.169 1202.67 902.259 1202.29C902.353 1201.91 902.399 1201.45 902.399 1200.9C902.399 1200.36 902.353 1199.9 902.259 1199.51C902.169 1199.13 902.038 1198.84 901.866 1198.65C901.698 1198.45 901.497 1198.36 901.263 1198.36ZM903.513 1199.8C903.567 1200.15 903.595 1200.52 903.595 1200.9C903.595 1201.26 903.569 1201.62 903.519 1201.99H904.638V1199.8H903.513ZM919.04 1198.85H917.599V1200.07H919.04V1201.16H917.599V1202.58H916.298V1196.32H917.599V1197.8H919.04V1198.85ZM917.599 1206.91H916.298V1204.09H910.544V1203.04H917.599V1206.91ZM912.22 1196.93C912.755 1196.93 913.239 1197.03 913.673 1197.25C914.106 1197.47 914.448 1197.77 914.698 1198.16C914.948 1198.55 915.075 1198.98 915.079 1199.47C915.075 1199.97 914.948 1200.41 914.698 1200.8C914.452 1201.19 914.112 1201.49 913.679 1201.71C913.245 1201.93 912.759 1202.04 912.22 1202.04C911.677 1202.04 911.187 1201.93 910.749 1201.71C910.315 1201.49 909.974 1201.19 909.724 1200.8C909.478 1200.41 909.356 1199.97 909.36 1199.47C909.356 1198.98 909.478 1198.55 909.724 1198.16C909.974 1197.77 910.317 1197.47 910.755 1197.25C911.192 1197.03 911.681 1196.93 912.22 1196.93ZM912.22 1198.03C911.915 1198.04 911.642 1198.1 911.399 1198.22C911.157 1198.34 910.968 1198.5 910.831 1198.72C910.698 1198.94 910.634 1199.19 910.638 1199.47C910.634 1199.77 910.698 1200.02 910.831 1200.25C910.968 1200.47 911.157 1200.64 911.399 1200.76C911.642 1200.87 911.915 1200.93 912.22 1200.93C912.521 1200.93 912.79 1200.87 913.028 1200.76C913.271 1200.64 913.46 1200.47 913.597 1200.25C913.733 1200.02 913.802 1199.77 913.802 1199.47C913.802 1199.19 913.733 1198.94 913.597 1198.72C913.46 1198.5 913.271 1198.34 913.028 1198.22C912.79 1198.1 912.521 1198.04 912.22 1198.03ZM925.778 1199.91H923.821V1200.72C924.747 1200.68 925.634 1200.61 926.481 1200.53L926.552 1201.41C925.532 1201.56 924.462 1201.66 923.341 1201.72C922.22 1201.78 921.048 1201.8 919.825 1201.8L919.673 1200.8C920.735 1200.8 921.677 1200.79 922.497 1200.77V1199.91H920.622V1196.77H925.673V1197.75H921.958V1198.91H925.778V1199.91ZM928.462 1201.95H927.173V1196.33H928.462V1201.95ZM928.462 1205.03H922.603V1205.79H928.767V1206.82H921.325V1204.08H927.173V1203.36H921.302V1202.36H928.462V1205.03ZM941.704 1202.52H940.403V1201.35H937.884V1200.29H940.403V1199.16H937.983C937.651 1200 937.104 1200.71 936.343 1201.3C935.585 1201.89 934.626 1202.34 933.466 1202.66L932.938 1201.63C934.157 1201.3 935.103 1200.83 935.774 1200.23C936.446 1199.63 936.835 1198.93 936.94 1198.12H933.501V1197.07H938.364C938.364 1197.45 938.333 1197.8 938.271 1198.12H940.403V1196.33H941.704V1202.52ZM938.2 1202.64C938.911 1202.64 939.536 1202.72 940.075 1202.89C940.614 1203.07 941.032 1203.31 941.329 1203.63C941.626 1203.94 941.774 1204.32 941.774 1204.75C941.774 1205.18 941.626 1205.55 941.329 1205.87C941.032 1206.18 940.614 1206.43 940.075 1206.6C939.536 1206.77 938.911 1206.86 938.2 1206.86C937.481 1206.86 936.851 1206.77 936.308 1206.6C935.765 1206.43 935.345 1206.18 935.048 1205.87C934.751 1205.55 934.603 1205.18 934.603 1204.75C934.603 1204.32 934.751 1203.94 935.048 1203.63C935.345 1203.31 935.765 1203.07 936.308 1202.89C936.851 1202.72 937.481 1202.64 938.2 1202.64ZM938.2 1203.66C937.478 1203.66 936.913 1203.75 936.507 1203.94C936.104 1204.13 935.903 1204.4 935.903 1204.75C935.903 1205.09 936.106 1205.36 936.513 1205.54C936.919 1205.73 937.481 1205.82 938.2 1205.82C938.903 1205.82 939.458 1205.73 939.864 1205.54C940.271 1205.36 940.474 1205.09 940.474 1204.75C940.474 1204.4 940.271 1204.13 939.864 1203.94C939.462 1203.75 938.907 1203.66 938.2 1203.66ZM952.872 1203.36H948.653V1206.91H947.364V1203.36H943.192V1202.29H952.872V1203.36ZM948.009 1196.7C948.755 1196.7 949.417 1196.8 949.995 1196.99C950.573 1197.19 951.022 1197.47 951.343 1197.83C951.667 1198.18 951.829 1198.6 951.829 1199.07C951.829 1199.55 951.667 1199.96 951.343 1200.32C951.022 1200.67 950.573 1200.94 949.995 1201.13C949.417 1201.32 948.755 1201.42 948.009 1201.42C947.259 1201.42 946.595 1201.32 946.017 1201.13C945.442 1200.94 944.997 1200.67 944.681 1200.32C944.364 1199.96 944.208 1199.55 944.212 1199.07C944.208 1198.6 944.364 1198.18 944.681 1197.83C944.997 1197.47 945.442 1197.19 946.017 1196.99C946.595 1196.8 947.259 1196.7 948.009 1196.7ZM948.009 1197.75C947.509 1197.75 947.073 1197.8 946.702 1197.91C946.331 1198.01 946.044 1198.17 945.841 1198.37C945.642 1198.56 945.544 1198.8 945.548 1199.07C945.544 1199.34 945.642 1199.58 945.841 1199.78C946.044 1199.97 946.331 1200.12 946.702 1200.23C947.073 1200.33 947.509 1200.39 948.009 1200.39C948.509 1200.39 948.944 1200.33 949.315 1200.23C949.687 1200.12 949.974 1199.97 950.177 1199.78C950.38 1199.58 950.481 1199.34 950.481 1199.07C950.481 1198.8 950.38 1198.56 950.177 1198.37C949.974 1198.17 949.687 1198.01 949.315 1197.91C948.944 1197.8 948.509 1197.75 948.009 1197.75ZM954.653 1208.32H953.54L954.149 1205.04H955.638L954.653 1208.32ZM965.271 1197.2C965.271 1197.64 965.427 1198.08 965.739 1198.5C966.056 1198.92 966.497 1199.28 967.063 1199.58C967.634 1199.88 968.286 1200.08 969.021 1200.18L968.505 1201.23C967.614 1201.1 966.825 1200.82 966.138 1200.41C965.45 1199.99 964.933 1199.48 964.585 1198.88C964.237 1199.48 963.722 1199.99 963.038 1200.41C962.354 1200.82 961.571 1201.1 960.688 1201.23L960.173 1200.18C960.899 1200.08 961.546 1199.88 962.112 1199.58C962.679 1199.28 963.118 1198.92 963.431 1198.5C963.743 1198.08 963.899 1197.64 963.899 1197.2V1196.66H965.271V1197.2ZM969.407 1203.22H965.2V1206.91H963.911V1203.22H959.751V1202.14H969.407V1203.22ZM973.063 1196.79C973.517 1196.79 973.933 1196.87 974.312 1197.03C974.69 1197.19 975.007 1197.42 975.261 1197.71C975.519 1198.01 975.69 1198.35 975.776 1198.73H977.692V1196.32H978.993V1202H977.692V1199.79H975.788C975.702 1200.18 975.53 1200.53 975.272 1200.83C975.019 1201.13 974.7 1201.37 974.317 1201.54C973.935 1201.7 973.517 1201.78 973.063 1201.78C972.528 1201.78 972.048 1201.67 971.622 1201.46C971.196 1201.24 970.862 1200.95 970.62 1200.57C970.382 1200.19 970.263 1199.75 970.263 1199.27C970.263 1198.8 970.382 1198.37 970.62 1197.99C970.862 1197.61 971.196 1197.32 971.622 1197.11C972.048 1196.89 972.528 1196.79 973.063 1196.79ZM973.063 1197.88C972.759 1197.88 972.489 1197.94 972.255 1198.05C972.021 1198.16 971.837 1198.32 971.704 1198.54C971.571 1198.75 971.505 1198.99 971.505 1199.27C971.505 1199.55 971.571 1199.8 971.704 1200.01C971.837 1200.22 972.021 1200.39 972.255 1200.5C972.493 1200.62 972.763 1200.68 973.063 1200.68C973.356 1200.68 973.618 1200.62 973.849 1200.5C974.083 1200.39 974.265 1200.22 974.394 1200.01C974.526 1199.8 974.595 1199.55 974.599 1199.27C974.595 1198.99 974.526 1198.75 974.394 1198.54C974.265 1198.32 974.085 1198.16 973.854 1198.05C973.624 1197.94 973.36 1197.88 973.063 1197.88ZM973.298 1203.62H977.692V1202.5H978.993V1206.79H972.009V1202.5H973.298V1203.62ZM977.692 1205.73V1204.63H973.298V1205.73H977.692ZM989.306 1206.93H987.993V1196.32H989.306V1206.93ZM983.599 1197.09C984.13 1197.09 984.603 1197.25 985.017 1197.56C985.435 1197.86 985.763 1198.3 986.001 1198.86C986.239 1199.43 986.36 1200.08 986.364 1200.83C986.36 1201.59 986.239 1202.25 986.001 1202.81C985.767 1203.38 985.44 1203.82 985.022 1204.12C984.604 1204.43 984.13 1204.58 983.599 1204.58C983.063 1204.58 982.587 1204.43 982.169 1204.12C981.751 1203.82 981.423 1203.38 981.185 1202.81C980.95 1202.25 980.833 1201.59 980.833 1200.83C980.833 1200.08 980.95 1199.43 981.185 1198.86C981.423 1198.3 981.751 1197.86 982.169 1197.56C982.587 1197.25 983.063 1197.09 983.599 1197.09ZM983.599 1198.27C983.298 1198.27 983.032 1198.37 982.802 1198.57C982.575 1198.77 982.399 1199.07 982.274 1199.46C982.149 1199.84 982.087 1200.3 982.087 1200.83C982.087 1201.37 982.149 1201.83 982.274 1202.21C982.399 1202.6 982.575 1202.9 982.802 1203.11C983.032 1203.31 983.298 1203.41 983.599 1203.41C983.896 1203.41 984.157 1203.31 984.384 1203.11C984.61 1202.9 984.786 1202.6 984.911 1202.21C985.036 1201.83 985.099 1201.37 985.099 1200.83C985.099 1200.3 985.036 1199.84 984.911 1199.46C984.786 1199.07 984.61 1198.78 984.384 1198.58C984.157 1198.37 983.896 1198.27 983.599 1198.27ZM997.509 1199.33C997.509 1199.89 997.614 1200.45 997.825 1201.01C998.04 1201.57 998.347 1202.08 998.745 1202.54C999.147 1203 999.618 1203.36 1000.16 1203.61L999.431 1204.64C998.849 1204.37 998.339 1203.97 997.901 1203.44C997.464 1202.91 997.122 1202.3 996.876 1201.62C996.63 1202.36 996.28 1203.03 995.827 1203.6C995.374 1204.18 994.849 1204.61 994.251 1204.9L993.489 1203.88C994.032 1203.62 994.509 1203.25 994.919 1202.76C995.333 1202.27 995.649 1201.73 995.868 1201.12C996.091 1200.52 996.204 1199.93 996.208 1199.33V1198.44H993.899V1197.36H999.724V1198.44H997.509V1199.33ZM1002.01 1200.45H1003.64V1201.54H1002.01V1206.91H1000.71V1196.32H1002.01V1200.45ZM1013.75 1202.44H1004.08V1201.39H1008.28V1200.39H1005.27V1196.8H1012.58V1197.82H1006.57V1199.36H1012.64V1200.39H1009.56V1201.39H1013.75V1202.44ZM1008.9 1203.05C1009.66 1203.05 1010.32 1203.12 1010.86 1203.28C1011.41 1203.42 1011.83 1203.64 1012.12 1203.93C1012.42 1204.22 1012.56 1204.57 1012.57 1204.98C1012.56 1205.39 1012.42 1205.73 1012.12 1206.02C1011.83 1206.31 1011.41 1206.53 1010.86 1206.69C1010.31 1206.84 1009.66 1206.91 1008.9 1206.91C1008.13 1206.91 1007.47 1206.84 1006.92 1206.69C1006.36 1206.53 1005.94 1206.31 1005.65 1206.02C1005.35 1205.73 1005.21 1205.39 1005.21 1204.98C1005.21 1204.57 1005.35 1204.22 1005.65 1203.93C1005.94 1203.64 1006.36 1203.42 1006.91 1203.28C1007.47 1203.12 1008.13 1203.05 1008.9 1203.05ZM1008.9 1204.04C1008.13 1204.04 1007.54 1204.12 1007.13 1204.28C1006.73 1204.44 1006.53 1204.68 1006.53 1204.98C1006.53 1205.29 1006.73 1205.52 1007.13 1205.67C1007.53 1205.83 1008.12 1205.91 1008.9 1205.91C1009.66 1205.91 1010.25 1205.83 1010.65 1205.67C1011.06 1205.52 1011.26 1205.29 1011.27 1204.98C1011.26 1204.68 1011.06 1204.44 1010.65 1204.28C1010.24 1204.12 1009.66 1204.04 1008.9 1204.04ZM1019.27 1196.92C1020.01 1196.92 1020.68 1197.04 1021.29 1197.29C1021.89 1197.54 1022.36 1197.89 1022.7 1198.34C1023.05 1198.79 1023.22 1199.32 1023.22 1199.91C1023.22 1200.5 1023.05 1201.03 1022.7 1201.49C1022.36 1201.94 1021.89 1202.29 1021.29 1202.54C1020.69 1202.79 1020.02 1202.92 1019.27 1202.92C1018.53 1202.92 1017.86 1202.79 1017.26 1202.54C1016.66 1202.29 1016.19 1201.94 1015.85 1201.49C1015.51 1201.03 1015.34 1200.5 1015.34 1199.91C1015.34 1199.32 1015.51 1198.79 1015.85 1198.34C1016.19 1197.89 1016.66 1197.54 1017.26 1197.29C1017.86 1197.04 1018.53 1196.92 1019.27 1196.92ZM1019.27 1197.97C1018.76 1197.97 1018.31 1198.05 1017.9 1198.21C1017.49 1198.37 1017.17 1198.6 1016.94 1198.89C1016.71 1199.19 1016.6 1199.52 1016.6 1199.91C1016.6 1200.3 1016.71 1200.64 1016.94 1200.94C1017.17 1201.23 1017.49 1201.46 1017.89 1201.62C1018.3 1201.77 1018.76 1201.85 1019.27 1201.85C1019.79 1201.85 1020.25 1201.77 1020.65 1201.62C1021.05 1201.46 1021.37 1201.23 1021.6 1200.94C1021.83 1200.64 1021.94 1200.3 1021.94 1199.91C1021.94 1199.52 1021.83 1199.19 1021.6 1198.89C1021.37 1198.6 1021.05 1198.37 1020.65 1198.21C1020.24 1198.05 1019.78 1197.97 1019.27 1197.97ZM1024.13 1205.58H1014.45V1204.51H1024.13V1205.58ZM1034.5 1205.68H1024.83V1204.61H1029V1202.88H1025.97V1199.41H1032.07V1198.1H1025.95V1197.05H1033.36V1200.45H1027.27V1201.82H1033.6V1202.88H1030.29V1204.61H1034.5V1205.68ZM1044.41 1198.45H1042.22C1042.22 1198.76 1042.32 1199.05 1042.51 1199.33C1042.7 1199.6 1042.98 1199.83 1043.33 1200.04C1043.7 1200.24 1044.13 1200.39 1044.64 1200.49L1044.13 1201.5C1043.53 1201.38 1043.01 1201.18 1042.58 1200.91C1042.16 1200.63 1041.82 1200.3 1041.58 1199.92C1041.34 1200.34 1041.01 1200.71 1040.58 1201C1040.14 1201.3 1039.62 1201.51 1039 1201.64L1038.45 1200.63C1038.97 1200.53 1039.41 1200.37 1039.77 1200.16C1040.14 1199.94 1040.42 1199.68 1040.6 1199.39C1040.8 1199.09 1040.9 1198.78 1040.9 1198.45H1038.72V1197.43H1040.92V1196.34H1042.22V1197.43H1044.41V1198.45ZM1046.9 1206.9H1045.61V1196.33H1046.9V1206.9ZM1038.06 1202.19C1039.42 1202.19 1040.65 1202.17 1041.76 1202.14C1042.87 1202.1 1043.92 1202.02 1044.92 1201.9L1045.02 1202.84C1044.19 1202.98 1043.26 1203.09 1042.23 1203.16V1206.59H1040.92V1203.23C1040.17 1203.26 1039.27 1203.27 1038.22 1203.27L1038.06 1202.19ZM1058.09 1205.6H1048.42V1204.55H1052.56V1202.1H1053.85V1204.55H1058.09V1205.6ZM1053.89 1197.74C1053.89 1198.27 1054.05 1198.79 1054.38 1199.29C1054.71 1199.79 1055.17 1200.21 1055.75 1200.57C1056.34 1200.93 1056.99 1201.16 1057.72 1201.28L1057.16 1202.36C1056.26 1202.19 1055.47 1201.86 1054.77 1201.38C1054.07 1200.89 1053.55 1200.3 1053.2 1199.61C1052.96 1200.06 1052.65 1200.48 1052.26 1200.86C1051.87 1201.24 1051.42 1201.55 1050.91 1201.81C1050.39 1202.06 1049.84 1202.25 1049.26 1202.36L1048.7 1201.28C1049.42 1201.16 1050.06 1200.93 1050.64 1200.57C1051.22 1200.21 1051.68 1199.79 1052.01 1199.29C1052.33 1198.78 1052.5 1198.27 1052.5 1197.74V1196.96H1053.89V1197.74ZM1065.09 1201.77H1062.95V1203.62C1063.93 1203.58 1064.84 1203.51 1065.68 1203.42L1065.78 1204.38C1064.74 1204.54 1063.68 1204.64 1062.6 1204.69C1061.52 1204.73 1060.32 1204.76 1059 1204.76L1058.83 1203.68H1059.74C1060.57 1203.68 1061.21 1203.67 1061.65 1203.66V1201.77H1059.57V1197.29H1065.04V1198.32H1060.86V1200.71H1065.09V1201.77ZM1067.61 1206.93H1066.31V1196.32H1067.61V1206.93ZM1077.81 1198.31V1198.44C1077.8 1199.03 1077.79 1199.54 1077.77 1199.97C1077.75 1200.4 1077.72 1200.9 1077.66 1201.47C1077.6 1202.04 1077.51 1202.65 1077.38 1203.32L1076.07 1203.18C1076.2 1202.56 1076.29 1201.98 1076.35 1201.43C1076.41 1200.88 1076.44 1200.39 1076.46 1199.96C1076.48 1199.54 1076.49 1199.04 1076.49 1198.46V1198.34H1070.17V1197.29H1077.81V1198.31ZM1078.81 1205.54H1069.16V1204.48H1072.72V1200.8H1074.01V1204.48H1078.81V1205.54ZM1091.2 1206.91H1089.9V1196.32H1091.2V1206.91ZM1082.89 1203.97C1083.15 1203.97 1083.51 1203.96 1083.98 1203.96C1084.45 1203.96 1084.87 1203.95 1085.22 1203.94V1202.96C1084.83 1202.9 1084.48 1202.78 1084.18 1202.61C1083.89 1202.43 1083.66 1202.21 1083.5 1201.95C1083.33 1201.68 1083.25 1201.38 1083.25 1201.04C1083.25 1200.65 1083.36 1200.3 1083.58 1200C1083.8 1199.7 1084.11 1199.47 1084.5 1199.3C1084.89 1199.13 1085.34 1199.05 1085.86 1199.05C1086.37 1199.05 1086.83 1199.13 1087.23 1199.3C1087.63 1199.47 1087.94 1199.7 1088.16 1200C1088.38 1200.3 1088.49 1200.65 1088.49 1201.04C1088.49 1201.37 1088.41 1201.67 1088.25 1201.93C1088.09 1202.2 1087.86 1202.42 1087.56 1202.6C1087.26 1202.78 1086.92 1202.9 1086.52 1202.96V1203.89C1087.51 1203.85 1088.43 1203.77 1089.28 1203.66L1089.37 1204.63C1088.34 1204.8 1087.27 1204.92 1086.18 1204.97C1085.09 1205.03 1083.9 1205.05 1082.61 1205.05L1082.42 1203.97H1082.89ZM1089.09 1198.57H1082.65V1197.54H1085.22V1196.36H1086.52V1197.54H1089.09V1198.57ZM1085.86 1200.05C1085.45 1200.05 1085.12 1200.15 1084.87 1200.32C1084.62 1200.5 1084.49 1200.74 1084.5 1201.04C1084.49 1201.24 1084.55 1201.42 1084.66 1201.56C1084.78 1201.71 1084.94 1201.82 1085.15 1201.9C1085.35 1201.97 1085.59 1202.01 1085.86 1202C1086.27 1202.01 1086.61 1201.93 1086.86 1201.76C1087.11 1201.58 1087.24 1201.34 1087.24 1201.04C1087.24 1200.74 1087.11 1200.5 1086.86 1200.32C1086.61 1200.15 1086.28 1200.05 1085.86 1200.05ZM1101.63 1204.35H1100.32V1203.42H1098.24V1202.51H1100.32V1196.33H1101.63V1204.35ZM1101.88 1206.7H1094.11V1203.57H1095.41V1205.65H1101.88V1206.7ZM1092.7 1201.09C1094.08 1201.08 1095.31 1201.06 1096.4 1201.02C1097.5 1200.98 1098.54 1200.9 1099.53 1200.77L1099.6 1201.71C1098.75 1201.85 1097.86 1201.95 1096.93 1202.02V1204.05H1095.63V1202.09C1094.88 1202.12 1093.95 1202.13 1092.86 1202.13L1092.7 1201.09ZM1096.16 1196.72C1096.67 1196.72 1097.12 1196.8 1097.52 1196.96C1097.92 1197.12 1098.23 1197.34 1098.45 1197.62C1098.67 1197.9 1098.79 1198.23 1098.79 1198.59C1098.79 1198.97 1098.68 1199.3 1098.45 1199.58C1098.23 1199.86 1097.92 1200.08 1097.52 1200.23C1097.12 1200.38 1096.67 1200.46 1096.16 1200.46C1095.64 1200.46 1095.18 1200.38 1094.77 1200.23C1094.38 1200.08 1094.07 1199.86 1093.84 1199.58C1093.62 1199.3 1093.51 1198.97 1093.51 1198.59C1093.51 1198.23 1093.62 1197.9 1093.84 1197.62C1094.07 1197.34 1094.38 1197.12 1094.77 1196.96C1095.18 1196.8 1095.64 1196.72 1096.16 1196.72ZM1096.16 1197.68C1095.73 1197.68 1095.39 1197.76 1095.13 1197.93C1094.87 1198.09 1094.74 1198.31 1094.74 1198.59C1094.74 1198.88 1094.87 1199.1 1095.13 1199.27C1095.39 1199.43 1095.73 1199.51 1096.16 1199.51C1096.57 1199.51 1096.9 1199.43 1097.16 1199.26C1097.42 1199.1 1097.55 1198.88 1097.55 1198.59C1097.55 1198.31 1097.42 1198.09 1097.16 1197.93C1096.9 1197.76 1096.57 1197.68 1096.16 1197.68ZM1112.26 1206.91H1111V1196.32H1112.26V1206.91ZM1110.08 1206.4H1108.84V1201.36H1107.83C1107.79 1202.04 1107.67 1202.64 1107.47 1203.14C1107.27 1203.64 1107 1204.03 1106.66 1204.29C1106.33 1204.56 1105.94 1204.69 1105.51 1204.69C1105.05 1204.69 1104.65 1204.54 1104.3 1204.24C1103.96 1203.93 1103.69 1203.49 1103.5 1202.92C1103.32 1202.34 1103.22 1201.67 1103.22 1200.9C1103.22 1200.13 1103.32 1199.46 1103.5 1198.9C1103.69 1198.33 1103.96 1197.89 1104.3 1197.59C1104.65 1197.28 1105.05 1197.13 1105.51 1197.13C1105.93 1197.13 1106.31 1197.26 1106.64 1197.51C1106.97 1197.76 1107.24 1198.13 1107.44 1198.61C1107.64 1199.08 1107.77 1199.65 1107.82 1200.3H1108.84V1196.51H1110.08V1206.4ZM1105.51 1198.36C1105.29 1198.36 1105.09 1198.45 1104.93 1198.65C1104.76 1198.84 1104.64 1199.13 1104.55 1199.51C1104.47 1199.9 1104.43 1200.36 1104.43 1200.9C1104.43 1201.45 1104.47 1201.91 1104.55 1202.29C1104.64 1202.67 1104.76 1202.96 1104.93 1203.16C1105.09 1203.35 1105.29 1203.45 1105.51 1203.45C1105.86 1203.45 1106.14 1203.24 1106.33 1202.79C1106.53 1202.35 1106.63 1201.72 1106.63 1200.9C1106.63 1200.08 1106.53 1199.45 1106.33 1199.01C1106.14 1198.57 1105.86 1198.35 1105.51 1198.36ZM1122.63 1206.91H1121.39V1196.32H1122.63V1206.91ZM1120.38 1206.41H1119.15V1201.54H1117.26C1116.62 1202.8 1115.58 1203.84 1114.15 1204.68L1113.41 1203.75C1114.49 1203.12 1115.3 1202.38 1115.84 1201.55C1116.38 1200.72 1116.7 1199.75 1116.81 1198.66H1113.95V1197.61H1118.09C1118.09 1198.68 1117.96 1199.64 1117.68 1200.49H1119.15V1196.58H1120.38V1206.41ZM1135.06 1198.45H1136.54V1199.53H1135.06V1201.64H1133.76V1196.32H1135.06V1198.45ZM1135.06 1204.88H1129.44V1205.75H1135.39V1206.79H1128.15V1203.93H1133.76V1203.11H1128.14V1202.1H1135.06V1204.88ZM1129.64 1196.67C1130.17 1196.67 1130.65 1196.77 1131.08 1196.98C1131.5 1197.18 1131.84 1197.46 1132.08 1197.82C1132.32 1198.18 1132.45 1198.59 1132.45 1199.05C1132.45 1199.5 1132.32 1199.91 1132.08 1200.28C1131.84 1200.63 1131.5 1200.92 1131.07 1201.12C1130.65 1201.32 1130.17 1201.42 1129.64 1201.42C1129.1 1201.42 1128.62 1201.32 1128.19 1201.11C1127.76 1200.91 1127.43 1200.63 1127.18 1200.27C1126.94 1199.91 1126.82 1199.5 1126.83 1199.05C1126.82 1198.59 1126.94 1198.18 1127.18 1197.82C1127.42 1197.46 1127.76 1197.18 1128.19 1196.98C1128.62 1196.77 1129.1 1196.67 1129.64 1196.67ZM1129.64 1197.73C1129.34 1197.73 1129.08 1197.78 1128.84 1197.89C1128.61 1198 1128.42 1198.15 1128.29 1198.35C1128.16 1198.55 1128.1 1198.79 1128.1 1199.05C1128.1 1199.31 1128.16 1199.54 1128.29 1199.75C1128.42 1199.95 1128.61 1200.11 1128.84 1200.22C1129.08 1200.33 1129.34 1200.39 1129.64 1200.39C1129.93 1200.39 1130.19 1200.33 1130.43 1200.22C1130.67 1200.11 1130.85 1199.95 1130.99 1199.75C1131.12 1199.54 1131.18 1199.31 1131.18 1199.05C1131.18 1198.79 1131.12 1198.55 1130.99 1198.35C1130.85 1198.15 1130.67 1198 1130.43 1197.89C1130.2 1197.78 1129.93 1197.73 1129.64 1197.73ZM1145.9 1202.61H1144.59V1196.33H1145.9V1202.61ZM1142.5 1200.02H1138.92V1201.12C1139.92 1201.12 1140.75 1201.1 1141.44 1201.06C1142.13 1201.02 1142.83 1200.94 1143.54 1200.82L1143.7 1201.88C1142.91 1202 1142.13 1202.08 1141.37 1202.13C1140.61 1202.17 1139.67 1202.19 1138.54 1202.19H1137.64V1199.03H1141.22V1197.98H1137.62V1196.95H1142.5V1200.02ZM1145.9 1206.79H1138.87V1203.11H1145.9V1206.79ZM1140.16 1205.73H1144.63V1204.15H1140.16V1205.73ZM1156.26 1206.93H1154.95V1196.32H1156.26V1206.93ZM1150.56 1197.09C1151.09 1197.09 1151.56 1197.25 1151.97 1197.56C1152.39 1197.86 1152.72 1198.3 1152.96 1198.86C1153.2 1199.43 1153.32 1200.08 1153.32 1200.83C1153.32 1201.59 1153.2 1202.25 1152.96 1202.81C1152.72 1203.38 1152.4 1203.82 1151.98 1204.12C1151.56 1204.43 1151.09 1204.58 1150.56 1204.58C1150.02 1204.58 1149.54 1204.43 1149.13 1204.12C1148.71 1203.82 1148.38 1203.38 1148.14 1202.81C1147.91 1202.25 1147.79 1201.59 1147.79 1200.83C1147.79 1200.08 1147.91 1199.43 1148.14 1198.86C1148.38 1198.3 1148.71 1197.86 1149.13 1197.56C1149.54 1197.25 1150.02 1197.09 1150.56 1197.09ZM1150.56 1198.27C1150.25 1198.27 1149.99 1198.37 1149.76 1198.57C1149.53 1198.77 1149.36 1199.07 1149.23 1199.46C1149.11 1199.84 1149.04 1200.3 1149.04 1200.83C1149.04 1201.37 1149.11 1201.83 1149.23 1202.21C1149.36 1202.6 1149.53 1202.9 1149.76 1203.11C1149.99 1203.31 1150.25 1203.41 1150.56 1203.41C1150.85 1203.41 1151.11 1203.31 1151.34 1203.11C1151.57 1202.9 1151.74 1202.6 1151.87 1202.21C1151.99 1201.83 1152.06 1201.37 1152.06 1200.83C1152.06 1200.3 1151.99 1199.84 1151.87 1199.46C1151.74 1199.07 1151.57 1198.78 1151.34 1198.58C1151.11 1198.37 1150.85 1198.27 1150.56 1198.27ZM1169.54 1204.07H1168.24V1200.19H1166.36V1199.13H1168.24V1196.33H1169.54V1204.07ZM1169.81 1206.7H1162.59V1203.39H1163.89V1205.65H1169.81V1206.7ZM1164.56 1198.44C1164.56 1198.88 1164.66 1199.3 1164.85 1199.71C1165.04 1200.12 1165.32 1200.49 1165.7 1200.82C1166.07 1201.14 1166.52 1201.39 1167.06 1201.57L1166.4 1202.61C1165.82 1202.41 1165.32 1202.12 1164.9 1201.75C1164.48 1201.36 1164.15 1200.92 1163.92 1200.4C1163.68 1200.97 1163.34 1201.47 1162.9 1201.89C1162.45 1202.31 1161.93 1202.62 1161.31 1202.84L1160.65 1201.78C1161.19 1201.6 1161.66 1201.34 1162.05 1201C1162.44 1200.65 1162.73 1200.25 1162.93 1199.81C1163.13 1199.37 1163.24 1198.91 1163.24 1198.43V1198.15H1161.03V1197.09H1166.75V1198.15H1164.56V1198.44ZM1176.5 1201.44H1180.7V1202.48H1171.04V1201.44H1175.21V1200.06H1176.5V1201.44ZM1176.51 1196.89C1176.51 1197.32 1176.66 1197.73 1176.96 1198.12C1177.26 1198.5 1177.68 1198.83 1178.24 1199.1C1178.79 1199.37 1179.42 1199.55 1180.15 1199.64L1179.64 1200.66C1178.77 1200.52 1178 1200.26 1177.34 1199.89C1176.68 1199.51 1176.18 1199.04 1175.84 1198.49C1175.5 1199.04 1175 1199.51 1174.34 1199.89C1173.68 1200.26 1172.91 1200.52 1172.04 1200.66L1171.57 1199.64C1172.28 1199.55 1172.91 1199.37 1173.45 1199.09C1174 1198.82 1174.43 1198.49 1174.73 1198.11C1175.04 1197.72 1175.19 1197.32 1175.19 1196.89V1196.5H1176.51V1196.89ZM1175.86 1203.18C1176.62 1203.18 1177.28 1203.25 1177.83 1203.39C1178.37 1203.54 1178.79 1203.75 1179.08 1204.03C1179.37 1204.31 1179.52 1204.64 1179.52 1205.04C1179.52 1205.43 1179.37 1205.77 1179.08 1206.05C1178.79 1206.33 1178.37 1206.54 1177.83 1206.69C1177.28 1206.83 1176.62 1206.9 1175.86 1206.9C1175.09 1206.9 1174.42 1206.83 1173.87 1206.69C1173.32 1206.54 1172.9 1206.33 1172.6 1206.05C1172.31 1205.77 1172.17 1205.43 1172.17 1205.04C1172.17 1204.64 1172.31 1204.31 1172.6 1204.03C1172.9 1203.75 1173.32 1203.54 1173.87 1203.39C1174.42 1203.25 1175.09 1203.18 1175.86 1203.18ZM1175.86 1204.17C1174.27 1204.17 1173.48 1204.46 1173.49 1205.04C1173.49 1205.33 1173.68 1205.55 1174.08 1205.7C1174.48 1205.85 1175.08 1205.92 1175.86 1205.92C1176.62 1205.92 1177.21 1205.84 1177.61 1205.7C1178.01 1205.55 1178.22 1205.33 1178.22 1205.04C1178.22 1204.75 1178.02 1204.53 1177.61 1204.39C1177.21 1204.24 1176.63 1204.17 1175.86 1204.17ZM1181.27 1203.68C1182.03 1203.68 1182.77 1203.67 1183.49 1203.66V1201.76H1181.77V1197.32H1186.31V1198.38H1183.05V1200.71H1186.4V1201.76H1184.73V1203.61C1185.43 1203.58 1186.09 1203.53 1186.7 1203.46L1186.77 1204.39C1186 1204.53 1185.14 1204.63 1184.19 1204.68C1183.25 1204.73 1182.34 1204.76 1181.46 1204.76L1181.27 1203.68ZM1190.6 1206.91H1189.34V1201.66H1188.36V1206.4H1187.14V1196.52H1188.36V1200.6H1189.34V1196.32H1190.6V1206.91ZM1201.46 1205.62H1191.78V1204.56H1194.02V1201.88C1193.59 1201.63 1193.26 1201.32 1193.02 1200.95C1192.78 1200.58 1192.67 1200.16 1192.67 1199.7C1192.67 1199.14 1192.83 1198.66 1193.17 1198.23C1193.51 1197.8 1193.97 1197.48 1194.57 1197.25C1195.17 1197.01 1195.84 1196.89 1196.6 1196.89C1197.36 1196.89 1198.03 1197.01 1198.63 1197.25C1199.23 1197.48 1199.7 1197.8 1200.04 1198.23C1200.38 1198.65 1200.55 1199.14 1200.55 1199.7C1200.55 1200.15 1200.43 1200.56 1200.2 1200.93C1199.98 1201.3 1199.65 1201.61 1199.24 1201.85V1204.56H1201.46V1205.62ZM1196.6 1197.93C1196.07 1197.93 1195.61 1198 1195.2 1198.14C1194.81 1198.28 1194.5 1198.49 1194.27 1198.75C1194.05 1199.02 1193.95 1199.33 1193.95 1199.7C1193.95 1200.05 1194.05 1200.37 1194.27 1200.63C1194.5 1200.9 1194.81 1201.1 1195.21 1201.25C1195.61 1201.39 1196.08 1201.46 1196.6 1201.46C1197.12 1201.46 1197.58 1201.39 1197.99 1201.25C1198.39 1201.1 1198.71 1200.9 1198.93 1200.63C1199.16 1200.37 1199.27 1200.05 1199.27 1199.7C1199.27 1199.34 1199.16 1199.02 1198.93 1198.76C1198.71 1198.49 1198.4 1198.28 1197.99 1198.14C1197.59 1198 1197.13 1197.93 1196.6 1197.93ZM1197.91 1204.56V1202.35C1197.5 1202.44 1197.06 1202.48 1196.6 1202.48C1196.16 1202.48 1195.73 1202.44 1195.31 1202.36V1204.56H1197.91ZM1203.44 1205.96C1203.28 1205.96 1203.13 1205.92 1202.99 1205.84C1202.84 1205.76 1202.73 1205.65 1202.65 1205.51C1202.57 1205.37 1202.53 1205.21 1202.53 1205.05C1202.53 1204.89 1202.57 1204.74 1202.65 1204.61C1202.73 1204.46 1202.84 1204.35 1202.99 1204.27C1203.13 1204.19 1203.28 1204.15 1203.44 1204.15C1203.6 1204.15 1203.75 1204.19 1203.88 1204.27C1204.02 1204.35 1204.13 1204.46 1204.22 1204.61C1204.3 1204.74 1204.34 1204.89 1204.34 1205.05C1204.34 1205.21 1204.3 1205.37 1204.22 1205.51C1204.13 1205.65 1204.02 1205.76 1203.88 1205.84C1203.75 1205.92 1203.6 1205.96 1203.44 1205.96Z" fill="#969696"/>
<rect x="1448.01" y="1175.68" width="43.99" height="23.99" rx="11.995" fill="#B9B9B9"/>
<g filter="url(#filter2_dd_24_29531)">
<rect x="1450.01" y="1178.67" width="18" height="18" rx="9" fill="white"/>
</g>
<rect x="733.41" y="1241.08" width="782.99" height="72.81" rx="15.5" fill="white"/>
<rect x="733.41" y="1241.08" width="782.99" height="72.81" rx="15.5" stroke="#EEEEEE"/>
<path fill-rule="evenodd" clip-rule="evenodd" d="M767.806 1275.48C768.2 1275.48 768.59 1275.4 768.954 1275.25C769.318 1275.1 769.648 1274.88 769.927 1274.6C770.205 1274.32 770.426 1273.99 770.577 1273.63C770.727 1273.26 770.805 1272.87 770.805 1272.48C770.805 1272.08 770.727 1271.69 770.577 1271.33C770.426 1270.97 770.205 1270.64 769.927 1270.36C769.648 1270.08 769.318 1269.86 768.954 1269.71C768.59 1269.56 768.2 1269.48 767.806 1269.48C767.011 1269.48 766.248 1269.8 765.686 1270.36C765.123 1270.92 764.807 1271.68 764.807 1272.48C764.807 1273.27 765.123 1274.04 765.686 1274.6C766.248 1275.16 767.011 1275.48 767.806 1275.48ZM767.806 1277.48C769.132 1277.48 770.403 1276.95 771.34 1276.01C772.278 1275.08 772.804 1273.8 772.804 1272.48C772.804 1271.15 772.278 1269.88 771.34 1268.94C770.403 1268.01 769.132 1267.48 767.806 1267.48C766.481 1267.48 765.209 1268.01 764.272 1268.94C763.335 1269.88 762.808 1271.15 762.808 1272.48C762.808 1273.8 763.335 1275.08 764.272 1276.01C765.209 1276.95 766.481 1277.48 767.806 1277.48ZM762.084 1282.06C761.852 1282.31 761.809 1282.48 761.809 1282.59C761.809 1283.36 761.815 1283.58 761.852 1283.75C762.028 1284.54 762.75 1285.24 763.799 1285.43C764.029 1285.47 764.327 1285.47 765.182 1285.47H767.806V1287.47H765.079C764.366 1287.47 763.877 1287.47 763.451 1287.4C761.725 1287.09 760.277 1285.87 759.901 1284.19C759.81 1283.78 759.81 1283.31 759.81 1282.7V1282.59C759.81 1281.83 760.157 1281.19 760.635 1280.68C761.107 1280.19 761.743 1279.79 762.452 1279.47C763.874 1278.84 765.768 1278.48 767.806 1278.48C770.007 1278.48 772.046 1278.9 773.504 1279.64L772.604 1281.42C771.498 1280.86 769.785 1280.48 767.806 1280.48C765.981 1280.48 764.376 1280.81 763.264 1281.3C762.707 1281.55 762.32 1281.82 762.084 1282.06ZM779.101 1278.58C779.184 1278.47 779.246 1278.35 779.283 1278.22C779.319 1278.09 779.329 1277.96 779.313 1277.83C779.296 1277.69 779.253 1277.56 779.185 1277.45C779.118 1277.33 779.028 1277.23 778.921 1277.15C778.814 1277.07 778.692 1277.01 778.562 1276.98C778.432 1276.95 778.297 1276.94 778.165 1276.96C778.033 1276.98 777.906 1277.03 777.792 1277.1C777.679 1277.17 777.58 1277.27 777.503 1277.38L771.77 1285L769.577 1282.34C769.409 1282.13 769.166 1282 768.902 1281.98C768.638 1281.95 768.375 1282.03 768.17 1282.2C767.965 1282.37 767.836 1282.61 767.811 1282.88C767.785 1283.14 767.866 1283.41 768.034 1283.61L770.226 1286.27C770.419 1286.51 770.661 1286.69 770.936 1286.82C771.211 1286.94 771.511 1287.01 771.814 1287C772.116 1286.99 772.413 1286.92 772.682 1286.78C772.951 1286.64 773.185 1286.44 773.367 1286.2L779.101 1278.58Z" fill="#515151"/>
<path d="M806.446 1276.22H804.774V1262.1H806.446V1276.22ZM803.587 1275.53H801.946V1271.08H800.095C799.834 1271.78 799.475 1272.32 799.017 1272.7C798.563 1273.07 798.04 1273.26 797.446 1273.25C796.837 1273.26 796.3 1273.06 795.837 1272.65C795.379 1272.24 795.024 1271.65 794.774 1270.89C794.524 1270.13 794.399 1269.23 794.399 1268.21C794.399 1267.18 794.524 1266.29 794.774 1265.53C795.024 1264.77 795.379 1264.19 795.837 1263.78C796.3 1263.38 796.837 1263.17 797.446 1263.17C798.04 1263.17 798.563 1263.36 799.017 1263.74C799.47 1264.11 799.829 1264.64 800.095 1265.33H801.946V1262.35H803.587V1275.53ZM797.446 1264.81C796.983 1264.8 796.623 1265.09 796.368 1265.68C796.113 1266.27 795.988 1267.11 795.993 1268.21C795.988 1269.3 796.113 1270.14 796.368 1270.73C796.623 1271.32 796.983 1271.61 797.446 1271.6C797.759 1271.6 798.027 1271.47 798.251 1271.21C798.48 1270.95 798.655 1270.57 798.774 1270.06C798.899 1269.55 798.962 1268.93 798.962 1268.21C798.962 1267.48 798.899 1266.86 798.774 1266.35C798.655 1265.84 798.48 1265.46 798.251 1265.2C798.027 1264.94 797.759 1264.81 797.446 1264.81ZM800.446 1266.74C800.519 1267.21 800.556 1267.69 800.556 1268.21C800.556 1268.68 800.522 1269.17 800.454 1269.66H801.946V1266.74H800.446ZM821.149 1265.47H819.228V1267.1H821.149V1268.55H819.228V1270.44H817.493V1262.1H819.228V1264.06H821.149V1265.47ZM819.228 1276.22H817.493V1272.46H809.821V1271.05H819.228V1276.22ZM812.056 1262.91C812.769 1262.9 813.415 1263.05 813.993 1263.34C814.571 1263.62 815.027 1264.03 815.36 1264.55C815.694 1265.06 815.863 1265.65 815.868 1266.3C815.863 1266.96 815.694 1267.55 815.36 1268.07C815.032 1268.59 814.579 1268.99 814.001 1269.28C813.423 1269.57 812.774 1269.72 812.056 1269.72C811.332 1269.72 810.678 1269.57 810.095 1269.28C809.517 1268.99 809.061 1268.59 808.728 1268.07C808.399 1267.55 808.238 1266.96 808.243 1266.3C808.238 1265.65 808.399 1265.06 808.728 1264.55C809.061 1264.03 809.519 1263.62 810.103 1263.34C810.686 1263.05 811.337 1262.9 812.056 1262.91ZM812.056 1264.38C811.649 1264.38 811.285 1264.47 810.962 1264.63C810.639 1264.78 810.386 1265.01 810.204 1265.3C810.027 1265.59 809.941 1265.92 809.946 1266.3C809.941 1266.69 810.027 1267.03 810.204 1267.33C810.386 1267.63 810.639 1267.85 810.962 1268.01C811.285 1268.17 811.649 1268.24 812.056 1268.24C812.457 1268.24 812.816 1268.17 813.134 1268.01C813.457 1267.85 813.709 1267.63 813.892 1267.33C814.074 1267.03 814.165 1266.69 814.165 1266.3C814.165 1265.92 814.074 1265.59 813.892 1265.3C813.709 1265.01 813.457 1264.78 813.134 1264.63C812.816 1264.47 812.457 1264.38 812.056 1264.38ZM831.071 1264.55C831.071 1265.14 831.204 1265.72 831.47 1266.27C831.741 1266.82 832.134 1267.31 832.649 1267.74C833.17 1268.18 833.795 1268.51 834.524 1268.74L833.634 1270.08C832.847 1269.83 832.165 1269.45 831.587 1268.95C831.009 1268.44 830.556 1267.85 830.228 1267.16C829.899 1267.9 829.436 1268.55 828.837 1269.1C828.243 1269.66 827.535 1270.07 826.712 1270.35L825.821 1269C826.556 1268.75 827.183 1268.4 827.704 1267.94C828.23 1267.48 828.629 1266.95 828.899 1266.37C829.175 1265.78 829.316 1265.17 829.321 1264.55V1264.38H826.274V1262.99H834.04V1264.38H831.071V1264.55ZM837.478 1270.61H835.728V1262.1H837.478V1270.61ZM837.478 1276.22H835.728V1272.67H827.837V1271.27H837.478V1276.22ZM851.368 1269.8H849.634V1266.78H847.196V1265.35H849.634V1262.1H851.368V1269.8ZM843.79 1271.86H849.634V1270.39H851.368V1276.05H842.056V1270.39H843.79V1271.86ZM849.634 1274.64V1273.22H843.79V1274.64H849.634ZM847.649 1264.24H844.728C844.733 1264.81 844.863 1265.38 845.118 1265.92C845.379 1266.47 845.756 1266.96 846.251 1267.4C846.751 1267.84 847.353 1268.17 848.056 1268.41L847.181 1269.75C846.41 1269.49 845.743 1269.1 845.181 1268.6C844.623 1268.09 844.186 1267.49 843.868 1266.81C843.545 1267.57 843.09 1268.24 842.501 1268.8C841.918 1269.36 841.217 1269.77 840.399 1270.05L839.509 1268.67C840.233 1268.43 840.853 1268.08 841.368 1267.62C841.889 1267.16 842.282 1266.64 842.548 1266.06C842.819 1265.47 842.957 1264.86 842.962 1264.24H840.024V1262.81H847.649V1264.24ZM864.493 1262.85C864.493 1263.38 864.696 1263.9 865.103 1264.4C865.514 1264.91 866.09 1265.34 866.829 1265.71C867.569 1266.06 868.41 1266.3 869.353 1266.41L868.712 1267.78C867.55 1267.62 866.524 1267.29 865.634 1266.79C864.743 1266.29 864.069 1265.67 863.61 1264.93C863.157 1265.67 862.483 1266.29 861.587 1266.79C860.691 1267.29 859.66 1267.62 858.493 1267.78L857.837 1266.41C858.785 1266.3 859.629 1266.06 860.368 1265.71C861.108 1265.35 861.681 1264.91 862.087 1264.41C862.498 1263.9 862.707 1263.38 862.712 1262.85V1262.33H864.493V1262.85ZM870.04 1270.05H857.165V1268.67H870.04V1270.05ZM863.587 1271.14C864.603 1271.14 865.475 1271.23 866.204 1271.43C866.933 1271.62 867.493 1271.91 867.884 1272.29C868.274 1272.67 868.472 1273.13 868.478 1273.67C868.472 1274.21 868.274 1274.67 867.884 1275.05C867.493 1275.43 866.933 1275.73 866.204 1275.92C865.475 1276.12 864.603 1276.22 863.587 1276.22C862.561 1276.22 861.678 1276.12 860.938 1275.92C860.204 1275.73 859.642 1275.43 859.251 1275.05C858.86 1274.67 858.665 1274.21 858.665 1273.67C858.665 1273.13 858.86 1272.67 859.251 1272.29C859.642 1271.91 860.204 1271.62 860.938 1271.43C861.678 1271.23 862.561 1271.14 863.587 1271.14ZM863.587 1272.46C862.55 1272.46 861.764 1272.56 861.228 1272.77C860.691 1272.97 860.425 1273.27 860.431 1273.67C860.425 1274.07 860.688 1274.38 861.22 1274.58C861.756 1274.78 862.545 1274.88 863.587 1274.88C864.608 1274.88 865.386 1274.78 865.923 1274.58C866.465 1274.38 866.738 1274.07 866.743 1273.67C866.738 1273.27 866.465 1272.97 865.923 1272.77C865.381 1272.56 864.603 1272.46 863.587 1272.46ZM882.759 1272.31H881.009V1262.11H882.759V1272.31ZM883.149 1275.94H873.415V1271.28H875.165V1274.53H883.149V1275.94ZM875.056 1263.03C875.764 1263.03 876.407 1263.19 876.985 1263.49C877.563 1263.8 878.019 1264.22 878.353 1264.75C878.686 1265.29 878.853 1265.89 878.853 1266.56C878.853 1267.25 878.686 1267.86 878.353 1268.4C878.019 1268.94 877.563 1269.36 876.985 1269.66C876.407 1269.96 875.764 1270.11 875.056 1270.11C874.342 1270.11 873.694 1269.96 873.11 1269.66C872.532 1269.36 872.076 1268.94 871.743 1268.4C871.41 1267.86 871.243 1267.25 871.243 1266.56C871.243 1265.89 871.41 1265.29 871.743 1264.75C872.076 1264.22 872.532 1263.8 873.11 1263.49C873.694 1263.19 874.342 1263.03 875.056 1263.03ZM875.056 1264.55C874.655 1264.55 874.293 1264.63 873.97 1264.8C873.647 1264.97 873.394 1265.2 873.212 1265.51C873.03 1265.82 872.941 1266.17 872.946 1266.56C872.941 1266.97 873.03 1267.33 873.212 1267.63C873.394 1267.94 873.647 1268.18 873.97 1268.35C874.293 1268.51 874.655 1268.6 875.056 1268.6C875.446 1268.6 875.8 1268.51 876.118 1268.35C876.436 1268.18 876.686 1267.94 876.868 1267.63C877.056 1267.33 877.149 1266.97 877.149 1266.56C877.149 1266.17 877.056 1265.82 876.868 1265.51C876.686 1265.2 876.436 1264.97 876.118 1264.8C875.8 1264.63 875.446 1264.55 875.056 1264.55Z" fill="#515151"/>
<path d="M803.282 1296.71H802.028V1286.12H803.282V1296.71ZM801.138 1296.2H799.907V1292.86H798.519C798.323 1293.38 798.054 1293.79 797.71 1294.07C797.37 1294.35 796.978 1294.49 796.532 1294.49C796.075 1294.49 795.673 1294.34 795.325 1294.04C794.981 1293.73 794.716 1293.29 794.528 1292.72C794.341 1292.14 794.247 1291.47 794.247 1290.7C794.247 1289.93 794.341 1289.26 794.528 1288.7C794.716 1288.13 794.981 1287.69 795.325 1287.38C795.673 1287.08 796.075 1286.93 796.532 1286.93C796.978 1286.93 797.37 1287.07 797.71 1287.35C798.05 1287.63 798.319 1288.03 798.519 1288.54H799.907V1286.31H801.138V1296.2ZM796.532 1288.16C796.185 1288.15 795.915 1288.37 795.724 1288.81C795.532 1289.25 795.438 1289.88 795.442 1290.7C795.438 1291.52 795.532 1292.15 795.724 1292.59C795.915 1293.04 796.185 1293.25 796.532 1293.24C796.767 1293.25 796.968 1293.15 797.136 1292.96C797.308 1292.76 797.438 1292.47 797.528 1292.09C797.622 1291.71 797.669 1291.24 797.669 1290.7C797.669 1290.16 797.622 1289.7 797.528 1289.31C797.438 1288.93 797.308 1288.64 797.136 1288.45C796.968 1288.25 796.767 1288.15 796.532 1288.16ZM798.782 1289.6C798.837 1289.95 798.864 1290.32 798.864 1290.7C798.864 1291.06 798.839 1291.42 798.788 1291.79H799.907V1289.6H798.782ZM814.31 1288.65H812.868V1289.87H814.31V1290.96H812.868V1292.38H811.567V1286.12H812.868V1287.6H814.31V1288.65ZM812.868 1296.71H811.567V1293.89H805.813V1292.83H812.868V1296.71ZM807.489 1286.73C808.024 1286.72 808.509 1286.83 808.942 1287.05C809.376 1287.27 809.718 1287.57 809.968 1287.96C810.218 1288.35 810.345 1288.78 810.349 1289.27C810.345 1289.77 810.218 1290.21 809.968 1290.6C809.722 1290.99 809.382 1291.29 808.948 1291.51C808.515 1291.73 808.028 1291.84 807.489 1291.84C806.946 1291.84 806.456 1291.73 806.019 1291.51C805.585 1291.29 805.243 1290.99 804.993 1290.6C804.747 1290.21 804.626 1289.77 804.63 1289.27C804.626 1288.78 804.747 1288.35 804.993 1287.96C805.243 1287.57 805.587 1287.27 806.024 1287.05C806.462 1286.83 806.95 1286.72 807.489 1286.73ZM807.489 1287.83C807.185 1287.83 806.911 1287.9 806.669 1288.02C806.427 1288.13 806.237 1288.3 806.101 1288.52C805.968 1288.74 805.903 1288.99 805.907 1289.27C805.903 1289.56 805.968 1289.82 806.101 1290.04C806.237 1290.27 806.427 1290.44 806.669 1290.55C806.911 1290.67 807.185 1290.73 807.489 1290.72C807.79 1290.73 808.06 1290.67 808.298 1290.55C808.54 1290.44 808.729 1290.27 808.866 1290.04C809.003 1289.82 809.071 1289.56 809.071 1289.27C809.071 1288.99 809.003 1288.74 808.866 1288.52C808.729 1288.3 808.54 1288.13 808.298 1288.02C808.06 1287.9 807.79 1287.83 807.489 1287.83ZM821.048 1290.49H819.079V1291.69C820.028 1291.65 820.892 1291.59 821.669 1291.51L821.763 1292.45C820.739 1292.59 819.671 1292.69 818.558 1292.75C817.444 1292.8 816.294 1292.82 815.106 1292.82L814.931 1291.78C816.177 1291.77 817.122 1291.76 817.767 1291.74V1290.49H815.845V1286.78H820.966V1287.83H817.157V1289.45H821.048V1290.49ZM823.72 1294.08H822.407V1286.12H823.72V1294.08ZM824.024 1296.5H816.618V1293.49H817.931V1295.45H824.024V1296.5ZM836.927 1296.71H835.626V1286.12H836.927V1296.71ZM828.618 1293.77C828.876 1293.77 829.239 1293.76 829.708 1293.76C830.181 1293.76 830.595 1293.75 830.95 1293.74V1292.76C830.552 1292.7 830.204 1292.58 829.907 1292.41C829.614 1292.23 829.386 1292.01 829.222 1291.74C829.062 1291.47 828.981 1291.17 828.981 1290.84C828.981 1290.45 829.091 1290.1 829.31 1289.8C829.528 1289.5 829.833 1289.27 830.224 1289.1C830.618 1288.93 831.071 1288.85 831.583 1288.85C832.099 1288.85 832.556 1288.93 832.954 1289.1C833.353 1289.27 833.663 1289.5 833.886 1289.8C834.108 1290.1 834.22 1290.45 834.22 1290.84C834.22 1291.17 834.138 1291.47 833.974 1291.73C833.813 1292 833.585 1292.22 833.288 1292.4C832.991 1292.58 832.646 1292.7 832.251 1292.76V1293.69C833.235 1293.65 834.153 1293.57 835.005 1293.46L835.099 1294.43C834.063 1294.6 833.001 1294.72 831.911 1294.77C830.821 1294.82 829.63 1294.85 828.337 1294.85L828.149 1293.77H828.618ZM834.817 1288.37H828.372V1287.34H830.95V1286.15H832.251V1287.34H834.817V1288.37ZM831.583 1289.85C831.173 1289.85 830.843 1289.95 830.593 1290.12C830.343 1290.3 830.22 1290.54 830.224 1290.84C830.22 1291.04 830.274 1291.21 830.388 1291.36C830.505 1291.51 830.667 1291.62 830.874 1291.7C831.081 1291.77 831.317 1291.81 831.583 1291.8C832.001 1291.81 832.335 1291.73 832.585 1291.56C832.839 1291.38 832.966 1291.14 832.966 1290.84C832.966 1290.54 832.841 1290.3 832.591 1290.12C832.341 1289.95 832.005 1289.85 831.583 1289.85ZM847.356 1294.15H846.044V1293.22H843.97V1292.31H846.044V1286.13H847.356V1294.15ZM847.603 1296.5H839.833V1293.37H841.134V1295.45H847.603V1296.5ZM838.427 1290.89C839.802 1290.88 841.036 1290.86 842.13 1290.82C843.224 1290.78 844.267 1290.7 845.259 1290.57L845.329 1291.51C844.481 1291.65 843.591 1291.75 842.657 1291.81V1293.85H841.356V1291.88C840.603 1291.92 839.681 1291.93 838.591 1291.93L838.427 1290.89ZM841.884 1286.52C842.396 1286.52 842.849 1286.6 843.243 1286.76C843.642 1286.91 843.952 1287.13 844.175 1287.42C844.401 1287.7 844.517 1288.03 844.521 1288.39C844.517 1288.77 844.403 1289.1 844.181 1289.38C843.958 1289.66 843.647 1289.88 843.249 1290.03C842.851 1290.18 842.396 1290.26 841.884 1290.26C841.364 1290.26 840.903 1290.18 840.501 1290.03C840.103 1289.88 839.792 1289.66 839.569 1289.38C839.347 1289.1 839.235 1288.77 839.235 1288.39C839.235 1288.03 839.347 1287.7 839.569 1287.42C839.792 1287.13 840.103 1286.91 840.501 1286.76C840.903 1286.6 841.364 1286.52 841.884 1286.52ZM841.884 1287.48C841.458 1287.48 841.114 1287.56 840.853 1287.72C840.595 1287.88 840.466 1288.11 840.466 1288.39C840.466 1288.68 840.595 1288.9 840.853 1289.07C841.114 1289.23 841.458 1289.31 841.884 1289.31C842.294 1289.31 842.628 1289.22 842.886 1289.06C843.144 1288.9 843.274 1288.67 843.278 1288.39C843.274 1288.11 843.144 1287.89 842.886 1287.72C842.628 1287.56 842.294 1287.48 841.884 1287.48ZM853.661 1286.28C854.466 1286.28 855.151 1286.35 855.718 1286.49C856.288 1286.63 856.724 1286.84 857.024 1287.12C857.325 1287.38 857.478 1287.71 857.481 1288.1C857.478 1288.69 857.144 1289.13 856.479 1289.45C855.815 1289.76 854.876 1289.92 853.661 1289.93C852.442 1289.92 851.501 1289.76 850.837 1289.45C850.173 1289.13 849.841 1288.69 849.841 1288.1C849.841 1287.71 849.991 1287.38 850.292 1287.12C850.593 1286.84 851.028 1286.63 851.599 1286.49C852.169 1286.35 852.856 1286.28 853.661 1286.28ZM853.661 1287.24C852.856 1287.24 852.245 1287.32 851.827 1287.47C851.409 1287.61 851.204 1287.82 851.212 1288.1C851.208 1288.39 851.411 1288.6 851.821 1288.74C852.231 1288.88 852.845 1288.96 853.661 1288.96C854.489 1288.96 855.108 1288.88 855.519 1288.74C855.929 1288.6 856.134 1288.39 856.134 1288.1C856.134 1287.82 855.925 1287.61 855.507 1287.47C855.089 1287.32 854.474 1287.24 853.661 1287.24ZM858.501 1291.53H848.845V1290.49H858.501V1291.53ZM857.294 1294.84H851.271V1295.62H857.587V1296.62H849.993V1293.91H856.017V1293.21H849.981V1292.25H857.294V1294.84ZM870.454 1289.21H871.884V1290.29H870.454V1293.29H869.153V1286.13H870.454V1289.21ZM861.97 1292.03C862.954 1292.03 863.845 1292.02 864.642 1292V1291.35C864.048 1291.27 863.579 1291.1 863.235 1290.83C862.892 1290.56 862.72 1290.21 862.72 1289.8C862.72 1289.48 862.825 1289.2 863.036 1288.96C863.247 1288.72 863.546 1288.54 863.933 1288.42C864.319 1288.29 864.767 1288.22 865.274 1288.23C865.786 1288.22 866.233 1288.29 866.616 1288.42C867.003 1288.54 867.302 1288.72 867.513 1288.96C867.724 1289.2 867.829 1289.48 867.829 1289.8C867.829 1290.21 867.661 1290.55 867.325 1290.82C866.989 1291.09 866.528 1291.26 865.942 1291.34V1291.94C866.923 1291.9 867.81 1291.83 868.603 1291.72L868.708 1292.62C867.704 1292.8 866.669 1292.91 865.603 1292.97C864.54 1293.02 863.376 1293.04 862.11 1293.04L861.97 1292.03ZM870.454 1296.71H869.153V1294.77H863.306V1293.75H870.454V1296.71ZM868.321 1287.92H862.239V1286.96H864.642V1286.04H865.942V1286.96H868.321V1287.92ZM865.274 1289.11C864.86 1289.1 864.538 1289.16 864.308 1289.28C864.081 1289.4 863.97 1289.57 863.974 1289.8C863.966 1290.02 864.079 1290.19 864.313 1290.32C864.548 1290.45 864.868 1290.51 865.274 1290.5C865.681 1290.51 866.001 1290.45 866.235 1290.32C866.47 1290.19 866.587 1290.02 866.587 1289.8C866.587 1289.57 866.472 1289.4 866.241 1289.28C866.011 1289.16 865.688 1289.1 865.274 1289.11ZM881.259 1293.78H879.946V1286.13H881.259V1293.78ZM881.552 1296.5H874.251V1293.01H875.563V1295.45H881.552V1296.5ZM875.481 1286.82C876.013 1286.82 876.495 1286.94 876.929 1287.17C877.362 1287.39 877.704 1287.71 877.954 1288.11C878.204 1288.51 878.329 1288.97 878.329 1289.47C878.329 1289.98 878.204 1290.44 877.954 1290.85C877.704 1291.25 877.362 1291.56 876.929 1291.79C876.495 1292.02 876.013 1292.13 875.481 1292.13C874.946 1292.13 874.46 1292.02 874.022 1291.79C873.589 1291.56 873.247 1291.25 872.997 1290.85C872.747 1290.44 872.622 1289.98 872.622 1289.47C872.622 1288.97 872.747 1288.51 872.997 1288.11C873.247 1287.71 873.589 1287.39 874.022 1287.17C874.46 1286.94 874.946 1286.82 875.481 1286.82ZM875.481 1287.96C875.181 1287.96 874.909 1288.02 874.667 1288.15C874.425 1288.27 874.235 1288.45 874.099 1288.68C873.962 1288.91 873.896 1289.17 873.899 1289.47C873.896 1289.78 873.962 1290.04 874.099 1290.27C874.235 1290.5 874.425 1290.68 874.667 1290.81C874.909 1290.93 875.181 1290.99 875.481 1290.99C875.774 1290.99 876.04 1290.93 876.278 1290.81C876.517 1290.68 876.704 1290.5 876.841 1290.27C876.981 1290.04 877.052 1289.78 877.052 1289.47C877.052 1289.17 876.981 1288.91 876.841 1288.68C876.704 1288.45 876.517 1288.27 876.278 1288.15C876.04 1288.02 875.774 1287.96 875.481 1287.96ZM891.161 1289.46H892.638V1290.54H891.161V1294.04H889.86V1286.13H891.161V1289.46ZM889.099 1288.35H882.817V1287.3H885.313V1286.12H886.614V1287.3H889.099V1288.35ZM885.958 1288.78C886.462 1288.78 886.909 1288.86 887.3 1289.03C887.69 1289.2 887.995 1289.44 888.214 1289.75C888.433 1290.05 888.544 1290.4 888.548 1290.81C888.544 1291.21 888.433 1291.56 888.214 1291.86C887.995 1292.16 887.69 1292.4 887.3 1292.56C886.909 1292.73 886.462 1292.81 885.958 1292.81C885.45 1292.81 884.999 1292.73 884.604 1292.56C884.21 1292.4 883.903 1292.16 883.685 1291.86C883.466 1291.56 883.356 1291.21 883.356 1290.81C883.356 1290.4 883.466 1290.05 883.685 1289.75C883.903 1289.44 884.21 1289.2 884.604 1289.03C884.999 1288.86 885.45 1288.78 885.958 1288.78ZM885.958 1289.79C885.548 1289.79 885.222 1289.88 884.979 1290.06C884.741 1290.24 884.622 1290.49 884.622 1290.81C884.622 1291.12 884.743 1291.37 884.985 1291.54C885.228 1291.72 885.552 1291.81 885.958 1291.8C886.364 1291.81 886.69 1291.72 886.937 1291.54C887.183 1291.37 887.306 1291.12 887.306 1290.81C887.306 1290.49 887.183 1290.24 886.937 1290.06C886.694 1289.88 886.368 1289.79 885.958 1289.79ZM891.583 1296.5H884.376V1293.42H885.677V1295.45H891.583V1296.5ZM905.153 1288.31H896.505V1287.26H900.196V1286.1H901.485V1287.26H905.153V1288.31ZM905.704 1294.03H901.485V1296.72H900.196V1294.03H896.024V1292.96H905.704V1294.03ZM900.841 1288.79C901.587 1288.79 902.228 1288.86 902.763 1289C903.302 1289.14 903.714 1289.34 903.999 1289.61C904.284 1289.88 904.427 1290.2 904.427 1290.58C904.427 1290.97 904.284 1291.29 903.999 1291.56C903.714 1291.83 903.302 1292.03 902.763 1292.17C902.228 1292.31 901.587 1292.38 900.841 1292.38C900.095 1292.38 899.452 1292.31 898.913 1292.17C898.378 1292.03 897.968 1291.83 897.683 1291.56C897.397 1291.29 897.255 1290.97 897.255 1290.58C897.255 1290.2 897.397 1289.88 897.683 1289.61C897.968 1289.34 898.378 1289.14 898.913 1289C899.452 1288.86 900.095 1288.79 900.841 1288.79ZM900.841 1289.76C900.106 1289.76 899.55 1289.83 899.171 1289.97C898.796 1290.11 898.61 1290.31 898.614 1290.58C898.61 1290.85 898.796 1291.06 899.171 1291.2C899.55 1291.34 900.106 1291.4 900.841 1291.4C901.575 1291.4 902.132 1291.34 902.511 1291.2C902.89 1291.06 903.079 1290.85 903.079 1290.58C903.079 1290.31 902.89 1290.11 902.511 1289.97C902.132 1289.83 901.575 1289.76 900.841 1289.76ZM907.474 1298.12H906.36L906.97 1294.84H908.458L907.474 1298.12ZM920.927 1288.7H922.403V1289.76H920.927V1292.33H919.626V1286.12H920.927V1288.7ZM917.997 1286.85C917.997 1287.77 917.804 1288.6 917.417 1289.34C917.03 1290.08 916.468 1290.72 915.729 1291.25C914.991 1291.78 914.099 1292.2 913.052 1292.49L912.536 1291.44C913.329 1291.22 914.015 1290.94 914.593 1290.59C915.175 1290.24 915.634 1289.84 915.97 1289.38C916.306 1288.93 916.511 1288.43 916.585 1287.9H913.017V1286.85H917.997ZM917.505 1292.46C918.216 1292.46 918.837 1292.54 919.368 1292.72C919.903 1292.89 920.315 1293.13 920.604 1293.46C920.897 1293.78 921.044 1294.15 921.044 1294.58C921.044 1295.02 920.897 1295.39 920.604 1295.71C920.315 1296.03 919.903 1296.28 919.368 1296.44C918.837 1296.62 918.216 1296.7 917.505 1296.7C916.794 1296.7 916.171 1296.62 915.636 1296.44C915.104 1296.28 914.692 1296.03 914.399 1295.71C914.106 1295.39 913.962 1295.01 913.966 1294.58C913.962 1294.15 914.106 1293.78 914.399 1293.46C914.692 1293.14 915.106 1292.89 915.642 1292.72C916.177 1292.55 916.798 1292.46 917.505 1292.46ZM917.505 1293.48C916.802 1293.48 916.249 1293.58 915.847 1293.77C915.448 1293.96 915.251 1294.23 915.255 1294.58C915.251 1294.81 915.339 1295 915.519 1295.17C915.702 1295.34 915.962 1295.46 916.298 1295.55C916.638 1295.64 917.04 1295.68 917.505 1295.68C917.966 1295.68 918.366 1295.64 918.706 1295.55C919.05 1295.46 919.312 1295.34 919.491 1295.17C919.675 1295 919.767 1294.81 919.767 1294.58C919.767 1294.23 919.565 1293.96 919.163 1293.77C918.761 1293.58 918.208 1293.48 917.505 1293.48ZM926.728 1288.66C926.724 1289.29 926.823 1289.92 927.026 1290.53C927.233 1291.13 927.532 1291.67 927.923 1292.15C928.313 1292.63 928.774 1293 929.306 1293.26L928.509 1294.3C927.946 1294.01 927.458 1293.61 927.044 1293.08C926.634 1292.55 926.313 1291.94 926.083 1291.25C925.845 1291.99 925.509 1292.64 925.075 1293.21C924.646 1293.77 924.134 1294.2 923.54 1294.5L922.743 1293.46C923.294 1293.19 923.771 1292.81 924.173 1292.31C924.579 1291.81 924.888 1291.24 925.099 1290.61C925.313 1289.97 925.423 1289.32 925.427 1288.66V1286.97H926.728V1288.66ZM931.239 1290.27H932.868V1291.38H931.239V1296.71H929.938V1286.12H931.239V1290.27ZM941.61 1290.26H943.181V1291.35H941.61V1296.69H940.31V1286.12H941.61V1290.26ZM938.81 1287.22C938.81 1290.7 937.204 1293.22 933.993 1294.8L933.255 1293.79C934.544 1293.15 935.538 1292.38 936.237 1291.47C936.94 1290.56 937.358 1289.5 937.491 1288.3H933.829V1287.22H938.81ZM950.552 1287.96C950.552 1288.4 950.651 1288.83 950.851 1289.25C951.054 1289.66 951.349 1290.03 951.735 1290.36C952.126 1290.68 952.595 1290.93 953.142 1291.1L952.474 1292.11C951.884 1291.92 951.372 1291.64 950.938 1291.26C950.505 1290.88 950.165 1290.43 949.919 1289.92C949.673 1290.47 949.325 1290.96 948.876 1291.38C948.431 1291.79 947.899 1292.1 947.282 1292.31L946.614 1291.3C947.165 1291.11 947.636 1290.85 948.026 1290.5C948.421 1290.15 948.72 1289.76 948.923 1289.32C949.13 1288.88 949.235 1288.43 949.239 1287.96V1287.83H946.954V1286.79H952.778V1287.83H950.552V1287.96ZM955.356 1292.51H954.044V1286.12H955.356V1292.51ZM955.356 1296.71H954.044V1294.05H948.126V1293H955.356V1296.71ZM965.774 1291.9H964.474V1289.63H962.646V1288.56H964.474V1286.12H965.774V1291.9ZM960.091 1293.44H964.474V1292.34H965.774V1296.58H958.79V1292.34H960.091V1293.44ZM964.474 1295.53V1294.46H960.091V1295.53H964.474ZM962.985 1287.72H960.794C960.798 1288.16 960.896 1288.58 961.087 1288.99C961.282 1289.4 961.565 1289.77 961.937 1290.1C962.312 1290.43 962.763 1290.68 963.29 1290.85L962.634 1291.86C962.056 1291.66 961.556 1291.37 961.134 1290.99C960.716 1290.61 960.388 1290.17 960.149 1289.66C959.907 1290.23 959.565 1290.72 959.124 1291.15C958.687 1291.56 958.161 1291.88 957.548 1292.08L956.88 1291.05C957.423 1290.87 957.888 1290.61 958.274 1290.26C958.665 1289.92 958.96 1289.53 959.159 1289.09C959.362 1288.65 959.466 1288.19 959.47 1287.72H957.267V1286.66H962.985V1287.72ZM979.263 1296.71H978.009V1286.12H979.263V1296.71ZM977.118 1296.2H975.888V1292.86H974.499C974.304 1293.38 974.034 1293.79 973.69 1294.07C973.351 1294.35 972.958 1294.49 972.513 1294.49C972.056 1294.49 971.653 1294.34 971.306 1294.04C970.962 1293.73 970.696 1293.29 970.509 1292.72C970.321 1292.14 970.228 1291.47 970.228 1290.7C970.228 1289.93 970.321 1289.26 970.509 1288.7C970.696 1288.13 970.962 1287.69 971.306 1287.38C971.653 1287.08 972.056 1286.93 972.513 1286.93C972.958 1286.93 973.351 1287.07 973.69 1287.35C974.03 1287.63 974.3 1288.03 974.499 1288.54H975.888V1286.31H977.118V1296.2ZM972.513 1288.16C972.165 1288.15 971.896 1288.37 971.704 1288.81C971.513 1289.25 971.419 1289.88 971.423 1290.7C971.419 1291.52 971.513 1292.15 971.704 1292.59C971.896 1293.04 972.165 1293.25 972.513 1293.24C972.747 1293.25 972.948 1293.15 973.116 1292.96C973.288 1292.76 973.419 1292.47 973.509 1292.09C973.603 1291.71 973.649 1291.24 973.649 1290.7C973.649 1290.16 973.603 1289.7 973.509 1289.31C973.419 1288.93 973.288 1288.64 973.116 1288.45C972.948 1288.25 972.747 1288.15 972.513 1288.16ZM974.763 1289.6C974.817 1289.95 974.845 1290.32 974.845 1290.7C974.845 1291.06 974.819 1291.42 974.769 1291.79H975.888V1289.6H974.763ZM990.29 1288.65H988.849V1289.87H990.29V1290.96H988.849V1292.38H987.548V1286.12H988.849V1287.6H990.29V1288.65ZM988.849 1296.71H987.548V1293.89H981.794V1292.83H988.849V1296.71ZM983.47 1286.73C984.005 1286.72 984.489 1286.83 984.923 1287.05C985.356 1287.27 985.698 1287.57 985.948 1287.96C986.198 1288.35 986.325 1288.78 986.329 1289.27C986.325 1289.77 986.198 1290.21 985.948 1290.6C985.702 1290.99 985.362 1291.29 984.929 1291.51C984.495 1291.73 984.009 1291.84 983.47 1291.84C982.927 1291.84 982.437 1291.73 981.999 1291.51C981.565 1291.29 981.224 1290.99 980.974 1290.6C980.728 1290.21 980.606 1289.77 980.61 1289.27C980.606 1288.78 980.728 1288.35 980.974 1287.96C981.224 1287.57 981.567 1287.27 982.005 1287.05C982.442 1286.83 982.931 1286.72 983.47 1286.73ZM983.47 1287.83C983.165 1287.83 982.892 1287.9 982.649 1288.02C982.407 1288.13 982.218 1288.3 982.081 1288.52C981.948 1288.74 981.884 1288.99 981.888 1289.27C981.884 1289.56 981.948 1289.82 982.081 1290.04C982.218 1290.27 982.407 1290.44 982.649 1290.55C982.892 1290.67 983.165 1290.73 983.47 1290.72C983.771 1290.73 984.04 1290.67 984.278 1290.55C984.521 1290.44 984.71 1290.27 984.847 1290.04C984.983 1289.82 985.052 1289.56 985.052 1289.27C985.052 1288.99 984.983 1288.74 984.847 1288.52C984.71 1288.3 984.521 1288.13 984.278 1288.02C984.04 1287.9 983.771 1287.83 983.47 1287.83ZM995.681 1286.28C996.485 1286.28 997.171 1286.35 997.737 1286.49C998.308 1286.63 998.743 1286.84 999.044 1287.12C999.345 1287.38 999.497 1287.71 999.501 1288.1C999.497 1288.69 999.163 1289.13 998.499 1289.45C997.835 1289.76 996.896 1289.92 995.681 1289.93C994.462 1289.92 993.521 1289.76 992.856 1289.45C992.192 1289.13 991.86 1288.69 991.86 1288.1C991.86 1287.71 992.011 1287.38 992.312 1287.12C992.612 1286.84 993.048 1286.63 993.618 1286.49C994.188 1286.35 994.876 1286.28 995.681 1286.28ZM995.681 1287.24C994.876 1287.24 994.265 1287.32 993.847 1287.47C993.429 1287.61 993.224 1287.82 993.231 1288.1C993.228 1288.39 993.431 1288.6 993.841 1288.74C994.251 1288.88 994.864 1288.96 995.681 1288.96C996.509 1288.96 997.128 1288.88 997.538 1288.74C997.948 1288.6 998.153 1288.39 998.153 1288.1C998.153 1287.82 997.944 1287.61 997.526 1287.47C997.108 1287.32 996.493 1287.24 995.681 1287.24ZM1000.52 1291.53H990.864V1290.49H1000.52V1291.53ZM999.313 1294.84H993.29V1295.62H999.606V1296.62H992.013V1293.91H998.036V1293.21H992.001V1292.25H999.313V1294.84ZM1009.58 1286.68C1009.58 1287.08 1009.73 1287.47 1010.04 1287.85C1010.34 1288.23 1010.78 1288.55 1011.33 1288.83C1011.89 1289.1 1012.52 1289.27 1013.22 1289.35L1012.74 1290.38C1011.87 1290.26 1011.1 1290.02 1010.43 1289.64C1009.77 1289.26 1009.26 1288.8 1008.92 1288.25C1008.58 1288.8 1008.07 1289.27 1007.4 1289.64C1006.73 1290.02 1005.95 1290.26 1005.08 1290.38L1004.59 1289.35C1005.3 1289.27 1005.93 1289.1 1006.49 1288.83C1007.04 1288.56 1007.47 1288.23 1007.77 1287.85C1008.08 1287.47 1008.24 1287.08 1008.24 1286.68V1286.29H1009.58V1286.68ZM1013.74 1292.08H1004.08V1291.05H1013.74V1292.08ZM1008.9 1292.9C1009.66 1292.9 1010.32 1292.97 1010.86 1293.12C1011.41 1293.27 1011.83 1293.48 1012.12 1293.77C1012.42 1294.05 1012.56 1294.4 1012.57 1294.8C1012.56 1295.21 1012.42 1295.55 1012.12 1295.83C1011.83 1296.12 1011.41 1296.34 1010.86 1296.49C1010.32 1296.64 1009.66 1296.71 1008.9 1296.71C1008.13 1296.71 1007.47 1296.64 1006.91 1296.49C1006.36 1296.34 1005.94 1296.12 1005.65 1295.83C1005.35 1295.55 1005.21 1295.21 1005.21 1294.8C1005.21 1294.4 1005.35 1294.05 1005.65 1293.77C1005.94 1293.48 1006.36 1293.27 1006.91 1293.12C1007.47 1292.97 1008.13 1292.9 1008.9 1292.9ZM1008.9 1293.89C1008.12 1293.89 1007.53 1293.97 1007.13 1294.12C1006.73 1294.28 1006.53 1294.5 1006.53 1294.8C1006.53 1295.1 1006.73 1295.33 1007.12 1295.48C1007.53 1295.63 1008.12 1295.71 1008.9 1295.71C1009.67 1295.71 1010.25 1295.63 1010.65 1295.48C1011.06 1295.33 1011.26 1295.1 1011.27 1294.8C1011.26 1294.5 1011.06 1294.28 1010.65 1294.12C1010.25 1293.97 1009.66 1293.89 1008.9 1293.89ZM1023.28 1293.78H1021.97V1286.13H1023.28V1293.78ZM1023.57 1296.5H1016.27V1293.01H1017.58V1295.45H1023.57V1296.5ZM1017.5 1286.82C1018.03 1286.82 1018.51 1286.94 1018.95 1287.17C1019.38 1287.39 1019.72 1287.71 1019.97 1288.11C1020.22 1288.51 1020.35 1288.97 1020.35 1289.47C1020.35 1289.98 1020.22 1290.44 1019.97 1290.85C1019.72 1291.25 1019.38 1291.56 1018.95 1291.79C1018.51 1292.02 1018.03 1292.13 1017.5 1292.13C1016.97 1292.13 1016.48 1292.02 1016.04 1291.79C1015.61 1291.56 1015.27 1291.25 1015.02 1290.85C1014.77 1290.44 1014.64 1289.98 1014.64 1289.47C1014.64 1288.97 1014.77 1288.51 1015.02 1288.11C1015.27 1287.71 1015.61 1287.39 1016.04 1287.17C1016.48 1286.94 1016.97 1286.82 1017.5 1286.82ZM1017.5 1287.96C1017.2 1287.96 1016.93 1288.02 1016.69 1288.15C1016.44 1288.27 1016.25 1288.45 1016.12 1288.68C1015.98 1288.91 1015.92 1289.17 1015.92 1289.47C1015.92 1289.78 1015.98 1290.04 1016.12 1290.27C1016.25 1290.5 1016.44 1290.68 1016.69 1290.81C1016.93 1290.93 1017.2 1290.99 1017.5 1290.99C1017.79 1290.99 1018.06 1290.93 1018.3 1290.81C1018.54 1290.68 1018.72 1290.5 1018.86 1290.27C1019 1290.04 1019.07 1289.78 1019.07 1289.47C1019.07 1289.17 1019 1288.91 1018.86 1288.68C1018.72 1288.45 1018.54 1288.27 1018.3 1288.15C1018.06 1288.02 1017.79 1287.96 1017.5 1287.96ZM1033.18 1288.49H1034.67V1289.54H1033.18V1291.87H1031.88V1286.1H1033.18V1288.49ZM1033.18 1294.9H1027.56V1295.65H1033.51V1296.62H1026.27V1293.99H1031.88V1293.29H1026.25V1292.34H1033.18V1294.9ZM1031.12 1287.97H1024.84V1286.97H1027.33V1286.04H1028.63V1286.97H1031.12V1287.97ZM1027.98 1288.3C1028.5 1288.3 1028.95 1288.38 1029.34 1288.52C1029.73 1288.66 1030.03 1288.86 1030.24 1289.12C1030.45 1289.38 1030.56 1289.69 1030.57 1290.03C1030.56 1290.39 1030.45 1290.7 1030.24 1290.96C1030.03 1291.22 1029.73 1291.42 1029.34 1291.56C1028.96 1291.7 1028.5 1291.77 1027.98 1291.77C1027.45 1291.77 1027 1291.7 1026.61 1291.56C1026.22 1291.42 1025.91 1291.22 1025.7 1290.96C1025.48 1290.7 1025.38 1290.39 1025.38 1290.03C1025.38 1289.69 1025.48 1289.38 1025.7 1289.12C1025.91 1288.86 1026.22 1288.66 1026.61 1288.52C1027 1288.38 1027.46 1288.3 1027.98 1288.3ZM1027.98 1289.24C1027.56 1289.24 1027.24 1289.31 1027 1289.45C1026.76 1289.59 1026.64 1289.78 1026.64 1290.03C1026.64 1290.29 1026.76 1290.48 1027 1290.62C1027.24 1290.76 1027.56 1290.83 1027.98 1290.83C1028.4 1290.83 1028.72 1290.76 1028.96 1290.62C1029.2 1290.48 1029.33 1290.29 1029.33 1290.03C1029.33 1289.78 1029.2 1289.59 1028.96 1289.45C1028.72 1289.31 1028.39 1289.24 1027.98 1289.24ZM1043.56 1287C1043.56 1287.44 1043.72 1287.88 1044.03 1288.3C1044.35 1288.72 1044.79 1289.08 1045.36 1289.38C1045.93 1289.68 1046.58 1289.88 1047.31 1289.97L1046.8 1291.03C1045.91 1290.9 1045.12 1290.62 1044.43 1290.21C1043.74 1289.79 1043.23 1289.28 1042.88 1288.68C1042.53 1289.28 1042.01 1289.79 1041.33 1290.21C1040.65 1290.62 1039.86 1290.9 1038.98 1291.03L1038.47 1289.97C1039.19 1289.88 1039.84 1289.68 1040.41 1289.38C1040.97 1289.08 1041.41 1288.72 1041.72 1288.3C1042.04 1287.88 1042.19 1287.44 1042.19 1287V1286.46H1043.56V1287ZM1047.7 1293.02H1043.49V1296.71H1042.2V1293.02H1038.04V1291.94H1047.7V1293.02ZM1055.02 1293.01C1055.02 1293.47 1055.13 1293.92 1055.35 1294.35C1055.58 1294.77 1055.9 1295.12 1056.34 1295.39C1056.77 1295.1 1057.11 1294.73 1057.34 1294.3C1057.57 1293.87 1057.69 1293.44 1057.7 1293.01V1292.58H1058.97V1293.01C1058.97 1293.39 1059.04 1293.75 1059.19 1294.09C1059.34 1294.43 1059.57 1294.73 1059.87 1294.99C1060.18 1295.25 1060.56 1295.46 1061.01 1295.6L1060.38 1296.55C1059.88 1296.38 1059.45 1296.14 1059.1 1295.82C1058.75 1295.5 1058.49 1295.12 1058.29 1294.69C1058.11 1295.12 1057.86 1295.51 1057.54 1295.85C1057.22 1296.2 1056.83 1296.46 1056.37 1296.64C1055.89 1296.47 1055.48 1296.21 1055.15 1295.88C1054.83 1295.55 1054.57 1295.16 1054.4 1294.72C1054.21 1295.14 1053.94 1295.5 1053.59 1295.82C1053.25 1296.13 1052.84 1296.38 1052.36 1296.55L1051.72 1295.6C1052.16 1295.44 1052.53 1295.23 1052.84 1294.96C1053.14 1294.69 1053.37 1294.38 1053.52 1294.05C1053.68 1293.71 1053.75 1293.37 1053.76 1293.01V1292.58H1055.02V1293.01ZM1060.09 1292.13H1058.77V1286.13H1060.09V1292.13ZM1054.31 1286.69C1054.85 1286.69 1055.33 1286.8 1055.77 1287.02C1056.2 1287.23 1056.54 1287.52 1056.79 1287.91C1057.03 1288.29 1057.16 1288.72 1057.16 1289.21C1057.16 1289.7 1057.03 1290.13 1056.79 1290.51C1056.54 1290.89 1056.2 1291.19 1055.77 1291.4C1055.33 1291.62 1054.85 1291.72 1054.31 1291.72C1053.77 1291.72 1053.28 1291.62 1052.84 1291.4C1052.41 1291.19 1052.07 1290.89 1051.82 1290.51C1051.57 1290.13 1051.45 1289.7 1051.45 1289.21C1051.45 1288.72 1051.57 1288.29 1051.82 1287.91C1052.07 1287.52 1052.41 1287.23 1052.84 1287.02C1053.28 1286.8 1053.77 1286.69 1054.31 1286.69ZM1054.31 1287.79C1054 1287.79 1053.73 1287.85 1053.48 1287.97C1053.25 1288.09 1053.06 1288.25 1052.92 1288.47C1052.79 1288.68 1052.72 1288.93 1052.73 1289.21C1052.72 1289.5 1052.79 1289.75 1052.92 1289.96C1053.06 1290.18 1053.25 1290.35 1053.48 1290.47C1053.73 1290.58 1054 1290.64 1054.31 1290.64C1054.61 1290.64 1054.88 1290.58 1055.12 1290.47C1055.36 1290.35 1055.54 1290.18 1055.67 1289.97C1055.81 1289.75 1055.88 1289.5 1055.88 1289.21C1055.88 1288.93 1055.81 1288.68 1055.68 1288.47C1055.55 1288.25 1055.36 1288.09 1055.12 1287.97C1054.89 1287.85 1054.61 1287.79 1054.31 1287.79ZM1064.53 1286.89C1065 1286.89 1065.43 1287.02 1065.82 1287.27C1066.2 1287.53 1066.51 1287.89 1066.75 1288.36C1067 1288.83 1067.15 1289.38 1067.21 1290.02H1069.23V1286.12H1070.52V1296.72H1069.23V1291.08H1067.22C1067.18 1291.75 1067.03 1292.33 1066.8 1292.83C1066.56 1293.33 1066.24 1293.71 1065.85 1293.98C1065.46 1294.25 1065.02 1294.38 1064.53 1294.38C1064 1294.38 1063.53 1294.23 1063.12 1293.92C1062.71 1293.62 1062.39 1293.18 1062.16 1292.62C1061.92 1292.05 1061.81 1291.39 1061.81 1290.63C1061.81 1289.88 1061.92 1289.22 1062.16 1288.66C1062.39 1288.1 1062.71 1287.66 1063.12 1287.36C1063.53 1287.05 1064 1286.89 1064.53 1286.89ZM1064.53 1288.06C1064.24 1288.06 1063.98 1288.17 1063.75 1288.38C1063.53 1288.58 1063.36 1288.87 1063.24 1289.26C1063.12 1289.64 1063.06 1290.1 1063.06 1290.63C1063.06 1291.17 1063.12 1291.63 1063.24 1292.01C1063.36 1292.4 1063.53 1292.7 1063.75 1292.9C1063.98 1293.11 1064.24 1293.21 1064.53 1293.21C1064.82 1293.21 1065.08 1293.11 1065.3 1292.9C1065.52 1292.7 1065.69 1292.4 1065.81 1292.01C1065.94 1291.63 1066 1291.17 1066 1290.63C1066 1290.1 1065.94 1289.64 1065.81 1289.25C1065.69 1288.87 1065.52 1288.57 1065.3 1288.37C1065.08 1288.17 1064.82 1288.06 1064.53 1288.06ZM1081.68 1295.42H1072V1294.36H1074.24V1291.68C1073.81 1291.43 1073.48 1291.12 1073.24 1290.75C1073.01 1290.38 1072.89 1289.96 1072.9 1289.49C1072.89 1288.94 1073.06 1288.46 1073.39 1288.03C1073.73 1287.6 1074.2 1287.28 1074.79 1287.04C1075.39 1286.81 1076.07 1286.69 1076.82 1286.69C1077.58 1286.69 1078.26 1286.81 1078.85 1287.04C1079.46 1287.28 1079.92 1287.6 1080.26 1288.03C1080.6 1288.45 1080.77 1288.94 1080.77 1289.49C1080.77 1289.95 1080.66 1290.36 1080.42 1290.73C1080.2 1291.1 1079.88 1291.4 1079.46 1291.65V1294.36H1081.68V1295.42ZM1076.82 1287.72C1076.29 1287.72 1075.83 1287.8 1075.43 1287.94C1075.03 1288.08 1074.72 1288.29 1074.5 1288.55C1074.28 1288.82 1074.17 1289.13 1074.17 1289.49C1074.17 1289.85 1074.28 1290.17 1074.5 1290.43C1074.72 1290.7 1075.03 1290.9 1075.43 1291.05C1075.83 1291.19 1076.3 1291.26 1076.82 1291.26C1077.34 1291.26 1077.81 1291.19 1078.21 1291.05C1078.62 1290.9 1078.93 1290.7 1079.15 1290.43C1079.38 1290.17 1079.49 1289.85 1079.49 1289.49C1079.49 1289.13 1079.38 1288.82 1079.15 1288.56C1078.93 1288.29 1078.62 1288.08 1078.22 1287.94C1077.81 1287.8 1077.35 1287.72 1076.82 1287.72ZM1078.13 1294.36V1292.15C1077.72 1292.24 1077.28 1292.28 1076.82 1292.28C1076.38 1292.28 1075.95 1292.24 1075.53 1292.15V1294.36H1078.13ZM1083.67 1295.76C1083.5 1295.76 1083.35 1295.72 1083.21 1295.64C1083.07 1295.56 1082.96 1295.45 1082.87 1295.31C1082.79 1295.17 1082.75 1295.01 1082.75 1294.85C1082.75 1294.69 1082.79 1294.54 1082.87 1294.4C1082.96 1294.26 1083.07 1294.15 1083.21 1294.07C1083.35 1293.99 1083.5 1293.95 1083.67 1293.95C1083.82 1293.95 1083.97 1293.99 1084.1 1294.07C1084.25 1294.15 1084.36 1294.26 1084.44 1294.4C1084.52 1294.54 1084.57 1294.69 1084.57 1294.85C1084.57 1295.01 1084.52 1295.17 1084.44 1295.31C1084.36 1295.45 1084.25 1295.56 1084.1 1295.64C1083.97 1295.72 1083.82 1295.76 1083.67 1295.76Z" fill="#969696"/>
<rect x="1448.01" y="1265.48" width="43.99" height="23.99" rx="11.995" fill="#B9B9B9"/>
<g filter="url(#filter3_dd_24_29531)">
<rect x="1450.01" y="1268.47" width="18" height="18" rx="9" fill="white"/>
</g>
<rect x="733.41" y="1330.88" width="782.99" height="72.81" rx="15.5" fill="white"/>
<rect x="733.41" y="1330.88" width="782.99" height="72.81" rx="15.5" stroke="#EEEEEE"/>
<path fill-rule="evenodd" clip-rule="evenodd" d="M764.807 1359.28C764.807 1359.01 764.913 1358.76 765.1 1358.57C765.288 1358.38 765.542 1358.28 765.807 1358.28C766.072 1358.28 766.326 1358.38 766.514 1358.57C766.701 1358.76 766.807 1359.01 766.807 1359.28V1360.28H772.804V1359.28C772.804 1359.01 772.909 1358.76 773.097 1358.57C773.284 1358.38 773.539 1358.28 773.804 1358.28C774.069 1358.28 774.323 1358.38 774.51 1358.57C774.698 1358.76 774.803 1359.01 774.803 1359.28V1360.28C775.864 1360.28 776.881 1360.7 777.63 1361.45C778.38 1362.2 778.802 1363.22 778.802 1364.28V1372.27C778.802 1373.33 778.38 1374.35 777.63 1375.1C776.881 1375.85 775.864 1376.27 774.803 1376.27H764.807C763.747 1376.27 762.73 1375.85 761.98 1375.1C761.23 1374.35 760.809 1373.33 760.809 1372.27V1364.28C760.809 1363.22 761.23 1362.2 761.98 1361.45C762.73 1360.7 763.747 1360.28 764.807 1360.28V1359.28ZM774.803 1362.28H764.807C764.456 1362.28 764.112 1362.37 763.808 1362.55C763.504 1362.72 763.252 1362.97 763.076 1363.28H776.535C776.359 1362.97 776.107 1362.72 775.803 1362.55C775.499 1362.37 775.154 1362.28 774.803 1362.28ZM762.808 1372.27V1365.28H776.802V1372.27C776.802 1372.8 776.592 1373.31 776.217 1373.69C775.842 1374.06 775.333 1374.27 774.803 1374.27H764.807C764.277 1374.27 763.769 1374.06 763.394 1373.69C763.019 1373.31 762.808 1372.8 762.808 1372.27ZM773.502 1368.61C773.693 1368.41 773.8 1368.14 773.803 1367.86C773.807 1367.58 773.706 1367.31 773.52 1367.1C773.432 1367 773.324 1366.92 773.203 1366.86C773.082 1366.81 772.95 1366.78 772.817 1366.78C772.684 1366.77 772.552 1366.8 772.429 1366.85C772.307 1366.91 772.197 1366.98 772.106 1367.08L768.708 1370.63L767.504 1369.38C767.414 1369.28 767.303 1369.2 767.181 1369.15C767.059 1369.1 766.927 1369.07 766.793 1369.07C766.66 1369.07 766.529 1369.1 766.408 1369.16C766.287 1369.21 766.179 1369.29 766.091 1369.39C765.905 1369.6 765.804 1369.87 765.807 1370.15C765.811 1370.43 765.918 1370.7 766.109 1370.91L767.31 1372.16C767.489 1372.36 767.705 1372.51 767.945 1372.61C768.185 1372.72 768.445 1372.77 768.707 1372.77C768.969 1372.77 769.228 1372.72 769.468 1372.61C769.709 1372.51 769.925 1372.36 770.103 1372.16L773.502 1368.61Z" fill="#515151"/>
<path d="M801.618 1353.07C801.618 1353.66 801.826 1354.24 802.243 1354.8C802.665 1355.37 803.254 1355.85 804.009 1356.25C804.769 1356.65 805.639 1356.91 806.618 1357.04L805.931 1358.44C804.743 1358.27 803.691 1357.9 802.774 1357.35C801.858 1356.79 801.168 1356.11 800.704 1355.31C800.241 1356.11 799.553 1356.79 798.642 1357.35C797.73 1357.9 796.686 1358.27 795.509 1358.44L794.821 1357.04C795.79 1356.91 796.652 1356.65 797.407 1356.25C798.162 1355.85 798.748 1355.37 799.165 1354.8C799.582 1354.24 799.79 1353.66 799.79 1353.07V1352.35H801.618V1353.07ZM807.134 1361.1H801.524V1366.02H799.806V1361.1H794.259V1359.66H807.134V1361.1ZM812.009 1352.52C812.613 1352.52 813.168 1352.62 813.673 1352.84C814.178 1353.06 814.6 1353.36 814.938 1353.76C815.282 1354.15 815.511 1354.6 815.626 1355.12H818.181V1351.9H819.915V1359.47H818.181V1356.52H815.642C815.527 1357.05 815.298 1357.51 814.954 1357.91C814.616 1358.31 814.191 1358.63 813.681 1358.85C813.17 1359.07 812.613 1359.18 812.009 1359.18C811.295 1359.18 810.655 1359.03 810.087 1358.75C809.519 1358.46 809.074 1358.07 808.751 1357.56C808.433 1357.05 808.274 1356.47 808.274 1355.83C808.274 1355.2 808.433 1354.63 808.751 1354.12C809.074 1353.62 809.519 1353.22 810.087 1352.94C810.655 1352.66 811.295 1352.52 812.009 1352.52ZM812.009 1353.97C811.603 1353.97 811.243 1354.05 810.931 1354.2C810.618 1354.35 810.373 1354.57 810.196 1354.85C810.019 1355.13 809.931 1355.46 809.931 1355.83C809.931 1356.2 810.019 1356.53 810.196 1356.82C810.373 1357.1 810.618 1357.32 810.931 1357.47C811.248 1357.63 811.608 1357.71 812.009 1357.71C812.399 1357.71 812.748 1357.63 813.056 1357.47C813.368 1357.32 813.61 1357.1 813.782 1356.82C813.959 1356.53 814.05 1356.2 814.056 1355.83C814.05 1355.46 813.959 1355.13 813.782 1354.85C813.61 1354.57 813.371 1354.35 813.063 1354.2C812.756 1354.05 812.405 1353.97 812.009 1353.97ZM812.321 1361.63H818.181V1360.13H819.915V1365.85H810.603V1360.13H812.321V1361.63ZM818.181 1364.44V1362.97H812.321V1364.44H818.181ZM838.587 1359.79H832.993V1360.97C834.269 1361.05 835.259 1361.31 835.962 1361.74C836.665 1362.17 837.019 1362.75 837.024 1363.47C837.019 1364.01 836.821 1364.47 836.431 1364.85C836.04 1365.23 835.48 1365.52 834.751 1365.71C834.022 1365.91 833.149 1366.01 832.134 1366.01C831.108 1366.01 830.225 1365.91 829.485 1365.71C828.751 1365.52 828.188 1365.23 827.798 1364.85C827.407 1364.47 827.212 1364.01 827.212 1363.47C827.212 1362.75 827.566 1362.16 828.274 1361.73C828.983 1361.3 829.983 1361.04 831.274 1360.97V1359.79H825.712V1358.38H838.587V1359.79ZM832.134 1362.27C831.097 1362.28 830.311 1362.39 829.774 1362.59C829.238 1362.79 828.972 1363.08 828.978 1363.47C828.972 1363.87 829.238 1364.16 829.774 1364.37C830.316 1364.58 831.103 1364.68 832.134 1364.68C833.144 1364.68 833.92 1364.58 834.462 1364.37C835.009 1364.16 835.285 1363.87 835.29 1363.47C835.285 1363.09 835.011 1362.79 834.47 1362.59C833.928 1362.39 833.149 1362.28 832.134 1362.27ZM837.431 1353.91H833.36C833.454 1354.3 833.699 1354.67 834.095 1355.01C834.496 1355.36 835.027 1355.65 835.688 1355.89C836.355 1356.13 837.118 1356.29 837.978 1356.37L837.368 1357.74C836.097 1357.61 835.004 1357.31 834.087 1356.83C833.17 1356.35 832.519 1355.75 832.134 1355.03C831.748 1355.75 831.1 1356.35 830.188 1356.83C829.282 1357.31 828.196 1357.62 826.931 1357.74L826.337 1356.37C827.175 1356.29 827.923 1356.13 828.579 1355.89C829.235 1355.65 829.764 1355.36 830.165 1355.01C830.566 1354.66 830.816 1354.3 830.915 1353.91H826.884V1352.52H837.431V1353.91ZM855.524 1366.02H853.853V1351.9H855.524V1366.02ZM852.665 1365.33H851.024V1360.88H849.173C848.912 1361.58 848.553 1362.12 848.095 1362.5C847.642 1362.87 847.118 1363.06 846.524 1363.05C845.915 1363.06 845.379 1362.86 844.915 1362.45C844.457 1362.04 844.103 1361.45 843.853 1360.69C843.603 1359.93 843.478 1359.03 843.478 1358.01C843.478 1356.98 843.603 1356.09 843.853 1355.33C844.103 1354.57 844.457 1353.99 844.915 1353.58C845.379 1353.18 845.915 1352.97 846.524 1352.97C847.118 1352.97 847.642 1353.16 848.095 1353.54C848.548 1353.91 848.907 1354.44 849.173 1355.13H851.024V1352.15H852.665V1365.33ZM846.524 1354.62C846.061 1354.6 845.701 1354.89 845.446 1355.48C845.191 1356.07 845.066 1356.91 845.071 1358.01C845.066 1359.1 845.191 1359.94 845.446 1360.53C845.701 1361.12 846.061 1361.41 846.524 1361.4C846.837 1361.4 847.105 1361.27 847.329 1361.01C847.558 1360.75 847.733 1360.37 847.853 1359.86C847.978 1359.35 848.04 1358.73 848.04 1358.01C848.04 1357.28 847.978 1356.66 847.853 1356.15C847.733 1355.64 847.558 1355.26 847.329 1355C847.105 1354.74 846.837 1354.61 846.524 1354.62ZM849.524 1356.54C849.597 1357.01 849.634 1357.5 849.634 1358.01C849.634 1358.49 849.6 1358.97 849.532 1359.46H851.024V1356.54H849.524ZM870.228 1355.27H868.306V1356.9H870.228V1358.35H868.306V1360.24H866.571V1351.9H868.306V1353.87H870.228V1355.27ZM868.306 1366.02H866.571V1362.26H858.899V1360.85H868.306V1366.02ZM861.134 1352.71C861.847 1352.7 862.493 1352.85 863.071 1353.14C863.649 1353.43 864.105 1353.83 864.438 1354.35C864.772 1354.87 864.941 1355.45 864.946 1356.1C864.941 1356.76 864.772 1357.35 864.438 1357.87C864.11 1358.39 863.657 1358.79 863.079 1359.08C862.501 1359.38 861.853 1359.52 861.134 1359.52C860.41 1359.52 859.756 1359.38 859.173 1359.08C858.595 1358.79 858.139 1358.39 857.806 1357.87C857.478 1357.35 857.316 1356.76 857.321 1356.1C857.316 1355.45 857.478 1354.87 857.806 1354.35C858.139 1353.83 858.597 1353.43 859.181 1353.14C859.764 1352.85 860.415 1352.7 861.134 1352.71ZM861.134 1354.18C860.728 1354.18 860.363 1354.27 860.04 1354.43C859.717 1354.58 859.465 1354.81 859.282 1355.1C859.105 1355.39 859.019 1355.72 859.024 1356.1C859.019 1356.49 859.105 1356.83 859.282 1357.13C859.465 1357.43 859.717 1357.65 860.04 1357.81C860.363 1357.97 860.728 1358.04 861.134 1358.04C861.535 1358.04 861.894 1357.97 862.212 1357.81C862.535 1357.65 862.787 1357.43 862.97 1357.13C863.152 1356.83 863.243 1356.49 863.243 1356.1C863.243 1355.72 863.152 1355.39 862.97 1355.1C862.787 1354.81 862.535 1354.58 862.212 1354.43C861.894 1354.27 861.535 1354.18 861.134 1354.18ZM885.853 1357.41H887.946V1358.87H885.853V1365.99H884.118V1351.9H885.853V1357.41ZM882.118 1353.37C882.118 1358 879.978 1361.37 875.696 1363.47L874.712 1362.13C876.431 1361.28 877.756 1360.24 878.688 1359.03C879.626 1357.82 880.183 1356.41 880.36 1354.8H875.478V1353.37H882.118ZM900.04 1356.97H890.29V1352.15H892.024V1355.57H900.04V1356.97ZM901.509 1359.74H888.618V1358.33H901.509V1359.74ZM895.04 1360.76C896.056 1360.76 896.928 1360.87 897.657 1361.08C898.386 1361.28 898.946 1361.58 899.337 1361.97C899.728 1362.35 899.925 1362.82 899.931 1363.37C899.925 1363.91 899.728 1364.38 899.337 1364.76C898.946 1365.15 898.386 1365.45 897.657 1365.65C896.928 1365.86 896.056 1365.96 895.04 1365.96C894.014 1365.96 893.131 1365.86 892.392 1365.65C891.657 1365.45 891.095 1365.15 890.704 1364.76C890.313 1364.38 890.118 1363.91 890.118 1363.37C890.118 1362.82 890.313 1362.35 890.704 1361.97C891.095 1361.58 891.657 1361.28 892.392 1361.08C893.131 1360.87 894.014 1360.76 895.04 1360.76ZM895.04 1362.12C892.92 1362.13 891.868 1362.55 891.884 1363.37C891.873 1363.77 892.139 1364.08 892.681 1364.3C893.222 1364.52 894.009 1364.63 895.04 1364.63C896.045 1364.63 896.819 1364.52 897.36 1364.3C897.907 1364.08 898.186 1363.77 898.196 1363.37C898.181 1362.55 897.129 1362.13 895.04 1362.12Z" fill="#515151"/>
<path d="M799.661 1376.8C799.661 1377.24 799.817 1377.68 800.13 1378.1C800.446 1378.52 800.888 1378.88 801.454 1379.18C802.024 1379.48 802.677 1379.68 803.411 1379.78L802.896 1380.83C802.005 1380.7 801.216 1380.42 800.528 1380.01C799.841 1379.59 799.323 1379.08 798.976 1378.48C798.628 1379.08 798.112 1379.59 797.429 1380.01C796.745 1380.42 795.962 1380.7 795.079 1380.83L794.563 1379.78C795.29 1379.68 795.937 1379.48 796.503 1379.18C797.069 1378.88 797.509 1378.52 797.821 1378.1C798.134 1377.68 798.29 1377.24 798.29 1376.8V1376.26H799.661V1376.8ZM803.798 1382.82H799.591V1386.51H798.302V1382.82H794.142V1381.74H803.798V1382.82ZM807.454 1376.39C807.907 1376.38 808.323 1376.46 808.702 1376.63C809.081 1376.79 809.397 1377.02 809.651 1377.31C809.909 1377.61 810.081 1377.95 810.167 1378.33H812.083V1375.92H813.384V1381.6H812.083V1379.39H810.179C810.093 1379.78 809.921 1380.13 809.663 1380.43C809.409 1380.73 809.091 1380.97 808.708 1381.13C808.325 1381.3 807.907 1381.38 807.454 1381.38C806.919 1381.38 806.438 1381.27 806.013 1381.06C805.587 1380.84 805.253 1380.55 805.011 1380.17C804.772 1379.79 804.653 1379.35 804.653 1378.87C804.653 1378.4 804.772 1377.97 805.011 1377.59C805.253 1377.21 805.587 1376.92 806.013 1376.71C806.438 1376.49 806.919 1376.38 807.454 1376.39ZM807.454 1377.48C807.149 1377.48 806.88 1377.54 806.646 1377.65C806.411 1377.76 806.228 1377.92 806.095 1378.13C805.962 1378.35 805.896 1378.59 805.896 1378.87C805.896 1379.15 805.962 1379.4 806.095 1379.61C806.228 1379.82 806.411 1379.99 806.646 1380.1C806.884 1380.22 807.153 1380.28 807.454 1380.28C807.747 1380.28 808.009 1380.22 808.239 1380.1C808.474 1379.99 808.655 1379.82 808.784 1379.61C808.917 1379.4 808.985 1379.15 808.989 1378.87C808.985 1378.59 808.917 1378.35 808.784 1378.13C808.655 1377.92 808.476 1377.76 808.245 1377.65C808.015 1377.54 807.751 1377.48 807.454 1377.48ZM807.688 1383.22H812.083V1382.1H813.384V1386.38H806.399V1382.1H807.688V1383.22ZM812.083 1385.33V1384.23H807.688V1385.33H812.083ZM827.388 1381.84H823.192V1382.72C824.149 1382.79 824.892 1382.98 825.419 1383.3C825.946 1383.62 826.212 1384.06 826.216 1384.6C826.212 1385.01 826.063 1385.35 825.771 1385.63C825.478 1385.92 825.058 1386.13 824.511 1386.28C823.964 1386.43 823.31 1386.5 822.548 1386.5C821.778 1386.5 821.116 1386.43 820.562 1386.28C820.011 1386.13 819.589 1385.92 819.296 1385.63C819.003 1385.35 818.856 1385.01 818.856 1384.6C818.856 1384.06 819.122 1383.62 819.653 1383.3C820.185 1382.97 820.935 1382.78 821.903 1382.72V1381.84H817.731V1380.78H827.388V1381.84ZM822.548 1383.7C821.771 1383.71 821.181 1383.79 820.778 1383.94C820.376 1384.09 820.177 1384.31 820.181 1384.6C820.177 1384.9 820.376 1385.12 820.778 1385.28C821.185 1385.43 821.774 1385.51 822.548 1385.51C823.306 1385.51 823.888 1385.43 824.294 1385.28C824.704 1385.12 824.911 1384.9 824.915 1384.6C824.911 1384.31 824.706 1384.09 824.3 1383.94C823.894 1383.79 823.31 1383.71 822.548 1383.7ZM826.521 1377.43H823.468C823.538 1377.72 823.722 1378 824.019 1378.26C824.319 1378.52 824.718 1378.73 825.214 1378.91C825.714 1379.09 826.286 1379.21 826.931 1379.27L826.474 1380.3C825.521 1380.21 824.7 1379.98 824.013 1379.62C823.325 1379.26 822.837 1378.81 822.548 1378.27C822.259 1378.81 821.772 1379.26 821.089 1379.62C820.409 1379.98 819.595 1380.21 818.646 1380.3L818.2 1379.27C818.829 1379.21 819.39 1379.09 819.882 1378.91C820.374 1378.73 820.771 1378.52 821.071 1378.26C821.372 1378 821.56 1377.72 821.634 1377.43H818.61V1376.39H826.521V1377.43ZM836.927 1383.58H835.614V1375.93H836.927V1383.58ZM837.22 1386.3H829.919V1382.81H831.231V1385.25H837.22V1386.3ZM831.149 1376.62C831.681 1376.62 832.163 1376.74 832.597 1376.97C833.03 1377.2 833.372 1377.51 833.622 1377.91C833.872 1378.31 833.997 1378.77 833.997 1379.27C833.997 1379.78 833.872 1380.24 833.622 1380.65C833.372 1381.05 833.03 1381.37 832.597 1381.59C832.163 1381.82 831.681 1381.93 831.149 1381.93C830.614 1381.93 830.128 1381.82 829.69 1381.59C829.257 1381.37 828.915 1381.05 828.665 1380.65C828.415 1380.24 828.29 1379.78 828.29 1379.27C828.29 1378.77 828.415 1378.31 828.665 1377.91C828.915 1377.51 829.257 1377.2 829.69 1376.97C830.128 1376.74 830.614 1376.62 831.149 1376.62ZM831.149 1377.76C830.849 1377.76 830.577 1377.82 830.335 1377.95C830.093 1378.07 829.903 1378.25 829.767 1378.48C829.63 1378.71 829.563 1378.97 829.567 1379.27C829.563 1379.58 829.63 1379.84 829.767 1380.07C829.903 1380.3 830.093 1380.48 830.335 1380.61C830.577 1380.73 830.849 1380.79 831.149 1380.79C831.442 1380.79 831.708 1380.73 831.946 1380.61C832.185 1380.48 832.372 1380.3 832.509 1380.07C832.649 1379.84 832.72 1379.58 832.72 1379.27C832.72 1378.97 832.649 1378.71 832.509 1378.48C832.372 1378.25 832.185 1378.07 831.946 1377.95C831.708 1377.82 831.442 1377.76 831.149 1377.76ZM845.071 1377.61C845.071 1378.06 845.167 1378.49 845.358 1378.9C845.55 1379.31 845.833 1379.67 846.208 1379.99C846.583 1380.3 847.036 1380.54 847.567 1380.71L846.864 1381.73C846.306 1381.54 845.821 1381.26 845.411 1380.89C845.001 1380.53 844.679 1380.09 844.444 1379.59C844.206 1380.17 843.872 1380.66 843.442 1381.08C843.017 1381.5 842.505 1381.81 841.907 1382.03L841.204 1381.01C841.759 1380.81 842.228 1380.54 842.61 1380.18C842.993 1379.82 843.28 1379.42 843.472 1378.96C843.667 1378.49 843.767 1378.01 843.771 1377.49V1376.48H845.071V1377.61ZM849.677 1378.5H851.153V1379.58H849.677V1382.26H848.376V1375.92H849.677V1378.5ZM846.231 1382.49C846.958 1382.49 847.587 1382.57 848.118 1382.73C848.649 1382.88 849.058 1383.11 849.343 1383.41C849.632 1383.71 849.778 1384.07 849.782 1384.49C849.778 1384.91 849.634 1385.27 849.349 1385.57C849.063 1385.88 848.653 1386.11 848.118 1386.26C847.587 1386.42 846.958 1386.5 846.231 1386.5C845.493 1386.5 844.854 1386.42 844.315 1386.26C843.78 1386.11 843.368 1385.88 843.079 1385.57C842.79 1385.27 842.646 1384.91 842.646 1384.49C842.646 1384.07 842.79 1383.71 843.079 1383.41C843.368 1383.11 843.782 1382.88 844.321 1382.73C844.86 1382.57 845.497 1382.49 846.231 1382.49ZM846.231 1383.51C845.505 1383.51 844.942 1383.6 844.544 1383.77C844.146 1383.94 843.946 1384.18 843.946 1384.49C843.946 1384.81 844.144 1385.06 844.538 1385.22C844.933 1385.39 845.497 1385.47 846.231 1385.47C846.966 1385.47 847.526 1385.39 847.913 1385.22C848.3 1385.06 848.493 1384.81 848.493 1384.49C848.493 1384.17 848.298 1383.93 847.907 1383.77C847.517 1383.6 846.958 1383.51 846.231 1383.51ZM856.345 1378.11H853.321V1379.85H856.157V1380.87H853.321V1382.93C854.009 1382.92 854.601 1382.9 855.097 1382.87C855.593 1382.84 856.099 1382.78 856.614 1382.71L856.72 1383.77C856.138 1383.87 855.562 1383.94 854.991 1383.97C854.425 1384 853.692 1384.02 852.794 1384.02H852.079V1377.07H856.345V1378.11ZM860.833 1386.51H859.579V1381.13H858.489V1386H857.259V1376.11H858.489V1380.08H859.579V1375.92H860.833V1386.51ZM871.204 1386.51H869.95V1375.92H871.204V1386.51ZM869.024 1386H867.782V1380.96H866.774C866.735 1381.64 866.614 1382.24 866.411 1382.74C866.212 1383.24 865.944 1383.62 865.608 1383.89C865.272 1384.16 864.888 1384.29 864.454 1384.29C863.997 1384.29 863.595 1384.14 863.247 1383.84C862.903 1383.53 862.638 1383.09 862.45 1382.52C862.263 1381.94 862.169 1381.27 862.169 1380.5C862.169 1379.73 862.263 1379.06 862.45 1378.5C862.638 1377.93 862.903 1377.49 863.247 1377.19C863.595 1376.88 863.997 1376.73 864.454 1376.73C864.88 1376.73 865.257 1376.86 865.585 1377.11C865.917 1377.36 866.183 1377.73 866.382 1378.21C866.585 1378.68 866.712 1379.25 866.763 1379.9H867.782V1376.11H869.024V1386ZM864.454 1377.96C864.231 1377.96 864.038 1378.05 863.874 1378.25C863.71 1378.44 863.585 1378.73 863.499 1379.11C863.413 1379.5 863.372 1379.96 863.376 1380.5C863.372 1381.04 863.413 1381.51 863.499 1381.89C863.585 1382.27 863.71 1382.56 863.874 1382.76C864.038 1382.95 864.231 1383.05 864.454 1383.04C864.81 1383.05 865.085 1382.84 865.28 1382.39C865.479 1381.95 865.579 1381.32 865.579 1380.5C865.579 1379.68 865.479 1379.05 865.28 1378.61C865.085 1378.17 864.81 1377.95 864.454 1377.96ZM876.349 1378.46C876.349 1379.13 876.45 1379.77 876.653 1380.39C876.86 1381.01 877.161 1381.55 877.556 1382.03C877.954 1382.51 878.427 1382.87 878.974 1383.1L878.188 1384.15C877.603 1383.86 877.097 1383.45 876.671 1382.92C876.249 1382.38 875.923 1381.76 875.692 1381.05C875.454 1381.8 875.118 1382.46 874.685 1383.03C874.255 1383.6 873.743 1384.04 873.149 1384.35L872.329 1383.29C872.888 1383.03 873.368 1382.65 873.771 1382.14C874.177 1381.64 874.485 1381.07 874.696 1380.43C874.911 1379.79 875.021 1379.13 875.024 1378.46V1376.78H876.349V1378.46ZM881.317 1386.53H880.028V1380.4H877.802V1379.34H880.028V1375.92H881.317V1386.53ZM891.407 1381.77H888.267V1384.19H892.485V1385.26H882.806V1384.19H886.978V1381.77H883.978V1376.71H891.325V1377.75H885.278V1380.74H891.407V1381.77ZM904.849 1386.51H903.548V1375.92H904.849V1386.51ZM896.54 1383.57C896.798 1383.57 897.161 1383.56 897.63 1383.56C898.103 1383.56 898.517 1383.55 898.872 1383.54V1382.56C898.474 1382.5 898.126 1382.38 897.829 1382.21C897.536 1382.03 897.308 1381.81 897.144 1381.54C896.983 1381.28 896.903 1380.97 896.903 1380.64C896.903 1380.25 897.013 1379.9 897.231 1379.6C897.45 1379.3 897.755 1379.07 898.146 1378.9C898.54 1378.73 898.993 1378.65 899.505 1378.65C900.021 1378.65 900.478 1378.73 900.876 1378.9C901.274 1379.07 901.585 1379.3 901.808 1379.6C902.03 1379.9 902.142 1380.25 902.142 1380.64C902.142 1380.97 902.06 1381.27 901.896 1381.53C901.735 1381.8 901.507 1382.02 901.21 1382.2C900.913 1382.38 900.567 1382.5 900.173 1382.56V1383.49C901.157 1383.45 902.075 1383.37 902.927 1383.26L903.021 1384.23C901.985 1384.4 900.923 1384.52 899.833 1384.57C898.743 1384.62 897.552 1384.65 896.259 1384.65L896.071 1383.57H896.54ZM902.739 1378.17H896.294V1377.14H898.872V1375.96H900.173V1377.14H902.739V1378.17ZM899.505 1379.65C899.095 1379.65 898.765 1379.75 898.515 1379.92C898.265 1380.1 898.142 1380.34 898.146 1380.64C898.142 1380.84 898.196 1381.02 898.31 1381.16C898.427 1381.31 898.589 1381.42 898.796 1381.5C899.003 1381.57 899.239 1381.61 899.505 1381.6C899.923 1381.61 900.257 1381.53 900.507 1381.36C900.761 1381.18 900.888 1380.94 900.888 1380.64C900.888 1380.34 900.763 1380.1 900.513 1379.92C900.263 1379.75 899.927 1379.65 899.505 1379.65ZM915.278 1383.95H913.966V1383.02H911.892V1382.11H913.966V1375.93H915.278V1383.95ZM915.524 1386.3H907.755V1383.17H909.056V1385.25H915.524V1386.3ZM906.349 1380.69C907.724 1380.68 908.958 1380.66 910.052 1380.62C911.146 1380.58 912.188 1380.5 913.181 1380.37L913.251 1381.31C912.403 1381.45 911.513 1381.55 910.579 1381.62V1383.65H909.278V1381.69C908.524 1381.72 907.603 1381.73 906.513 1381.73L906.349 1380.69ZM909.806 1376.32C910.317 1376.32 910.771 1376.4 911.165 1376.56C911.563 1376.71 911.874 1376.94 912.097 1377.22C912.323 1377.5 912.438 1377.83 912.442 1378.19C912.438 1378.57 912.325 1378.9 912.103 1379.18C911.88 1379.46 911.569 1379.68 911.171 1379.83C910.772 1379.98 910.317 1380.06 909.806 1380.06C909.286 1380.06 908.825 1379.98 908.423 1379.83C908.024 1379.68 907.714 1379.46 907.491 1379.18C907.269 1378.9 907.157 1378.57 907.157 1378.19C907.157 1377.83 907.269 1377.5 907.491 1377.22C907.714 1376.94 908.024 1376.71 908.423 1376.56C908.825 1376.4 909.286 1376.32 909.806 1376.32ZM909.806 1377.28C909.38 1377.28 909.036 1377.36 908.774 1377.53C908.517 1377.69 908.388 1377.91 908.388 1378.19C908.388 1378.48 908.517 1378.7 908.774 1378.87C909.036 1379.03 909.38 1379.11 909.806 1379.11C910.216 1379.11 910.55 1379.03 910.808 1378.86C911.065 1378.7 911.196 1378.47 911.2 1378.19C911.196 1377.91 911.065 1377.69 910.808 1377.53C910.55 1377.36 910.216 1377.28 909.806 1377.28ZM920.2 1376.66C920.751 1376.65 921.247 1376.76 921.688 1376.98C922.134 1377.2 922.481 1377.5 922.731 1377.89C922.985 1378.28 923.114 1378.72 923.118 1379.21C923.114 1379.71 922.985 1380.15 922.731 1380.54C922.481 1380.93 922.136 1381.24 921.694 1381.46C921.253 1381.67 920.755 1381.78 920.2 1381.78C919.649 1381.78 919.153 1381.67 918.712 1381.45C918.271 1381.23 917.923 1380.93 917.669 1380.54C917.419 1380.15 917.294 1379.71 917.294 1379.21C917.294 1378.72 917.419 1378.28 917.669 1377.89C917.923 1377.5 918.271 1377.2 918.712 1376.98C919.157 1376.76 919.653 1376.65 920.2 1376.66ZM920.2 1377.78C919.892 1377.78 919.614 1377.84 919.368 1377.96C919.122 1378.08 918.929 1378.24 918.788 1378.46C918.651 1378.68 918.583 1378.93 918.583 1379.21C918.583 1379.5 918.651 1379.76 918.788 1379.97C918.929 1380.19 919.122 1380.36 919.368 1380.47C919.614 1380.59 919.892 1380.64 920.2 1380.64C920.513 1380.64 920.792 1380.59 921.038 1380.47C921.288 1380.36 921.483 1380.19 921.624 1379.97C921.769 1379.76 921.841 1379.5 921.841 1379.21C921.841 1378.93 921.769 1378.68 921.624 1378.46C921.483 1378.24 921.288 1378.08 921.038 1377.96C920.792 1377.84 920.513 1377.78 920.2 1377.78ZM925.591 1386.53H924.29V1375.92H925.591V1386.53ZM916.813 1383.24C918.11 1383.24 919.321 1383.22 920.446 1383.18C921.575 1383.13 922.646 1383.04 923.657 1382.89L923.763 1383.84C922.716 1384.04 921.651 1384.17 920.569 1384.23C919.491 1384.28 918.294 1384.31 916.978 1384.31L916.813 1383.24ZM939.126 1386.51H937.872V1375.92H939.126V1386.51ZM936.981 1386H935.751V1382.66H934.362C934.167 1383.18 933.897 1383.59 933.554 1383.87C933.214 1384.15 932.821 1384.29 932.376 1384.29C931.919 1384.29 931.517 1384.14 931.169 1383.84C930.825 1383.53 930.56 1383.09 930.372 1382.52C930.185 1381.94 930.091 1381.27 930.091 1380.5C930.091 1379.73 930.185 1379.06 930.372 1378.5C930.56 1377.93 930.825 1377.49 931.169 1377.19C931.517 1376.88 931.919 1376.73 932.376 1376.73C932.821 1376.73 933.214 1376.87 933.554 1377.15C933.894 1377.43 934.163 1377.83 934.362 1378.35H935.751V1376.11H936.981V1386ZM932.376 1377.96C932.028 1377.95 931.759 1378.17 931.567 1378.61C931.376 1379.05 931.282 1379.68 931.286 1380.5C931.282 1381.32 931.376 1381.95 931.567 1382.39C931.759 1382.84 932.028 1383.05 932.376 1383.04C932.61 1383.05 932.812 1382.95 932.979 1382.76C933.151 1382.56 933.282 1382.27 933.372 1381.89C933.466 1381.51 933.513 1381.04 933.513 1380.5C933.513 1379.96 933.466 1379.5 933.372 1379.11C933.282 1378.73 933.151 1378.44 932.979 1378.25C932.812 1378.05 932.61 1377.96 932.376 1377.96ZM934.626 1379.4C934.681 1379.75 934.708 1380.12 934.708 1380.5C934.708 1380.86 934.683 1381.22 934.632 1381.59H935.751V1379.4H934.626ZM950.153 1378.45H948.712V1379.67H950.153V1380.76H948.712V1382.18H947.411V1375.92H948.712V1377.4H950.153V1378.45ZM948.712 1386.51H947.411V1383.69H941.657V1382.63H948.712V1386.51ZM943.333 1376.53C943.868 1376.53 944.353 1376.63 944.786 1376.85C945.22 1377.07 945.562 1377.37 945.812 1377.76C946.062 1378.15 946.188 1378.58 946.192 1379.07C946.188 1379.57 946.062 1380.01 945.812 1380.4C945.565 1380.79 945.226 1381.09 944.792 1381.31C944.358 1381.53 943.872 1381.64 943.333 1381.64C942.79 1381.64 942.3 1381.53 941.862 1381.31C941.429 1381.09 941.087 1380.79 940.837 1380.4C940.591 1380.01 940.47 1379.57 940.474 1379.07C940.47 1378.58 940.591 1378.15 940.837 1377.76C941.087 1377.37 941.431 1377.07 941.868 1376.85C942.306 1376.63 942.794 1376.53 943.333 1376.53ZM943.333 1377.63C943.028 1377.63 942.755 1377.7 942.513 1377.82C942.271 1377.94 942.081 1378.1 941.944 1378.32C941.812 1378.54 941.747 1378.79 941.751 1379.07C941.747 1379.37 941.812 1379.62 941.944 1379.85C942.081 1380.07 942.271 1380.24 942.513 1380.36C942.755 1380.47 943.028 1380.53 943.333 1380.53C943.634 1380.53 943.903 1380.47 944.142 1380.36C944.384 1380.24 944.573 1380.07 944.71 1379.85C944.847 1379.62 944.915 1379.37 944.915 1379.07C944.915 1378.79 944.847 1378.54 944.71 1378.32C944.573 1378.1 944.384 1377.94 944.142 1377.82C943.903 1377.7 943.634 1377.63 943.333 1377.63ZM955.544 1376.08C956.349 1376.08 957.034 1376.15 957.601 1376.29C958.171 1376.44 958.606 1376.64 958.907 1376.92C959.208 1377.19 959.36 1377.51 959.364 1377.9C959.36 1378.49 959.026 1378.94 958.362 1379.25C957.698 1379.56 956.759 1379.72 955.544 1379.73C954.325 1379.72 953.384 1379.56 952.72 1379.25C952.056 1378.94 951.724 1378.49 951.724 1377.9C951.724 1377.51 951.874 1377.19 952.175 1376.92C952.476 1376.64 952.911 1376.44 953.481 1376.29C954.052 1376.15 954.739 1376.08 955.544 1376.08ZM955.544 1377.04C954.739 1377.04 954.128 1377.12 953.71 1377.27C953.292 1377.41 953.087 1377.62 953.095 1377.9C953.091 1378.19 953.294 1378.4 953.704 1378.54C954.114 1378.69 954.728 1378.76 955.544 1378.76C956.372 1378.76 956.991 1378.69 957.401 1378.54C957.812 1378.4 958.017 1378.19 958.017 1377.9C958.017 1377.62 957.808 1377.41 957.39 1377.27C956.972 1377.12 956.356 1377.04 955.544 1377.04ZM960.384 1381.33H950.728V1380.29H960.384V1381.33ZM959.177 1384.64H953.153V1385.42H959.47V1386.42H951.876V1383.71H957.899V1383.01H951.864V1382.05H959.177V1384.64ZM967.743 1378.93C967.743 1379.49 967.849 1380.04 968.06 1380.61C968.274 1381.17 968.581 1381.68 968.979 1382.14C969.382 1382.6 969.853 1382.96 970.392 1383.21L969.665 1384.24C969.083 1383.97 968.573 1383.57 968.136 1383.04C967.698 1382.51 967.356 1381.9 967.11 1381.22C966.864 1381.96 966.515 1382.62 966.062 1383.2C965.608 1383.78 965.083 1384.21 964.485 1384.5L963.724 1383.48C964.267 1383.22 964.743 1382.85 965.153 1382.36C965.567 1381.87 965.884 1381.33 966.103 1380.72C966.325 1380.12 966.438 1379.53 966.442 1378.93V1378.04H964.134V1376.96H969.958V1378.04H967.743V1378.93ZM972.243 1380.04H973.872V1381.13H972.243V1386.51H970.942V1375.92H972.243V1380.04ZM983.985 1382.04H974.317V1380.99H978.513V1379.99H975.501V1376.4H982.813V1377.42H976.802V1378.96H982.872V1379.99H979.79V1380.99H983.985V1382.04ZM979.134 1382.65C979.896 1382.65 980.55 1382.72 981.097 1382.88C981.644 1383.02 982.063 1383.24 982.356 1383.53C982.649 1383.82 982.798 1384.17 982.802 1384.58C982.798 1384.99 982.649 1385.33 982.356 1385.62C982.063 1385.91 981.642 1386.13 981.091 1386.29C980.544 1386.44 979.892 1386.51 979.134 1386.51C978.368 1386.51 977.708 1386.44 977.153 1386.29C976.599 1386.13 976.175 1385.91 975.882 1385.62C975.589 1385.33 975.442 1384.99 975.442 1384.58C975.442 1384.17 975.589 1383.82 975.882 1383.53C976.175 1383.24 976.597 1383.02 977.147 1382.88C977.702 1382.72 978.364 1382.65 979.134 1382.65ZM979.134 1383.64C978.36 1383.64 977.771 1383.72 977.364 1383.88C976.962 1384.04 976.763 1384.28 976.767 1384.58C976.763 1384.88 976.962 1385.12 977.364 1385.27C977.767 1385.43 978.356 1385.51 979.134 1385.51C979.896 1385.51 980.479 1385.43 980.886 1385.27C981.292 1385.12 981.497 1384.88 981.501 1384.58C981.497 1384.28 981.29 1384.04 980.88 1383.88C980.474 1383.72 979.892 1383.64 979.134 1383.64ZM989.505 1376.52C990.247 1376.52 990.919 1376.64 991.521 1376.89C992.122 1377.14 992.595 1377.49 992.938 1377.94C993.282 1378.39 993.454 1378.92 993.454 1379.51C993.454 1380.1 993.282 1380.63 992.938 1381.09C992.595 1381.54 992.122 1381.89 991.521 1382.14C990.923 1382.39 990.251 1382.52 989.505 1382.52C988.763 1382.52 988.093 1382.39 987.495 1382.14C986.897 1381.89 986.427 1381.54 986.083 1381.09C985.743 1380.63 985.575 1380.1 985.579 1379.51C985.575 1378.92 985.743 1378.39 986.083 1377.94C986.427 1377.49 986.897 1377.14 987.495 1376.89C988.093 1376.64 988.763 1376.52 989.505 1376.52ZM989.505 1377.57C988.997 1377.57 988.54 1377.65 988.134 1377.81C987.728 1377.97 987.409 1378.2 987.179 1378.49C986.948 1378.79 986.833 1379.12 986.833 1379.51C986.833 1379.9 986.948 1380.24 987.179 1380.54C987.409 1380.83 987.726 1381.06 988.128 1381.22C988.534 1381.37 988.993 1381.45 989.505 1381.45C990.021 1381.45 990.479 1381.37 990.882 1381.22C991.288 1381.06 991.604 1380.83 991.831 1380.54C992.062 1380.24 992.177 1379.9 992.177 1379.51C992.177 1379.12 992.062 1378.79 991.831 1378.49C991.604 1378.2 991.288 1377.97 990.882 1377.81C990.476 1377.65 990.017 1377.57 989.505 1377.57ZM994.368 1385.18H984.688V1384.11H994.368V1385.18ZM1004.74 1385.28H995.06V1384.21H999.231V1382.48H996.208V1379.01H1002.3V1377.7H996.185V1376.65H1003.59V1380.04H997.509V1381.42H1003.84V1382.48H1000.52V1384.21H1004.74V1385.28ZM1016.63 1378.38H1018.11V1379.46H1016.63V1382.1H1015.33V1375.92H1016.63V1378.38ZM1009.93 1377.98H1012.4V1376.54H1013.69V1381.53H1008.64V1376.54H1009.93V1377.98ZM1012.4 1380.5V1378.99H1009.93V1380.5H1012.4ZM1016.7 1383.65H1011.1V1385.33H1016.9V1386.36H1009.8V1382.61H1016.7V1383.65ZM1023.47 1376.08C1024.27 1376.08 1024.96 1376.15 1025.52 1376.29C1026.09 1376.44 1026.53 1376.64 1026.83 1376.92C1027.13 1377.19 1027.28 1377.51 1027.29 1377.9C1027.28 1378.49 1026.95 1378.94 1026.28 1379.25C1025.62 1379.56 1024.68 1379.72 1023.47 1379.73C1022.25 1379.72 1021.31 1379.56 1020.64 1379.25C1019.98 1378.94 1019.65 1378.49 1019.65 1377.9C1019.65 1377.51 1019.8 1377.19 1020.1 1376.92C1020.4 1376.64 1020.83 1376.44 1021.4 1376.29C1021.97 1376.15 1022.66 1376.08 1023.47 1376.08ZM1023.47 1377.04C1022.66 1377.04 1022.05 1377.12 1021.63 1377.27C1021.21 1377.41 1021.01 1377.62 1021.02 1377.9C1021.01 1378.19 1021.22 1378.4 1021.63 1378.54C1022.04 1378.69 1022.65 1378.76 1023.47 1378.76C1024.29 1378.76 1024.91 1378.69 1025.32 1378.54C1025.73 1378.4 1025.94 1378.19 1025.94 1377.9C1025.94 1377.62 1025.73 1377.41 1025.31 1377.27C1024.89 1377.12 1024.28 1377.04 1023.47 1377.04ZM1028.31 1381.33H1018.65V1380.29H1028.31V1381.33ZM1027.1 1384.64H1021.08V1385.42H1027.39V1386.42H1019.8V1383.71H1025.82V1383.01H1019.79V1382.05H1027.1V1384.64ZM1037.39 1376.8C1037.39 1377.24 1037.54 1377.68 1037.86 1378.1C1038.17 1378.52 1038.61 1378.88 1039.18 1379.18C1039.75 1379.48 1040.4 1379.68 1041.14 1379.78L1040.62 1380.83C1039.73 1380.7 1038.94 1380.42 1038.25 1380.01C1037.57 1379.59 1037.05 1379.08 1036.7 1378.48C1036.35 1379.08 1035.84 1379.59 1035.16 1380.01C1034.47 1380.42 1033.69 1380.7 1032.81 1380.83L1032.29 1379.78C1033.02 1379.68 1033.66 1379.48 1034.23 1379.18C1034.8 1378.88 1035.24 1378.52 1035.55 1378.1C1035.86 1377.68 1036.02 1377.24 1036.02 1376.8V1376.26H1037.39V1376.8ZM1041.52 1382.82H1037.32V1386.51H1036.03V1382.82H1031.87V1381.74H1041.52V1382.82ZM1048.85 1382.81C1048.85 1383.28 1048.96 1383.72 1049.18 1384.15C1049.4 1384.57 1049.73 1384.92 1050.16 1385.2C1050.6 1384.9 1050.93 1384.54 1051.16 1384.11C1051.39 1383.67 1051.51 1383.24 1051.52 1382.81V1382.38H1052.8V1382.81C1052.79 1383.19 1052.87 1383.55 1053.01 1383.89C1053.16 1384.23 1053.39 1384.53 1053.69 1384.79C1054 1385.05 1054.38 1385.26 1054.84 1385.4L1054.2 1386.35C1053.7 1386.18 1053.27 1385.94 1052.93 1385.62C1052.58 1385.3 1052.31 1384.92 1052.12 1384.49C1051.94 1384.92 1051.69 1385.31 1051.36 1385.65C1051.04 1386 1050.65 1386.26 1050.2 1386.44C1049.71 1386.27 1049.31 1386.01 1048.98 1385.68C1048.65 1385.35 1048.4 1384.96 1048.22 1384.52C1048.03 1384.94 1047.76 1385.3 1047.42 1385.62C1047.08 1385.93 1046.67 1386.18 1046.19 1386.35L1045.54 1385.4C1045.99 1385.24 1046.36 1385.03 1046.66 1384.76C1046.97 1384.49 1047.2 1384.18 1047.35 1383.85C1047.5 1383.51 1047.58 1383.17 1047.58 1382.81V1382.38H1048.85V1382.81ZM1053.91 1381.93H1052.6V1375.93H1053.91V1381.93ZM1048.13 1376.49C1048.67 1376.49 1049.16 1376.6 1049.59 1376.82C1050.03 1377.03 1050.37 1377.32 1050.61 1377.71C1050.86 1378.09 1050.98 1378.53 1050.98 1379.01C1050.98 1379.5 1050.86 1379.93 1050.61 1380.31C1050.37 1380.69 1050.03 1380.99 1049.59 1381.21C1049.16 1381.42 1048.67 1381.52 1048.13 1381.52C1047.59 1381.52 1047.1 1381.42 1046.67 1381.21C1046.24 1380.99 1045.89 1380.69 1045.64 1380.31C1045.4 1379.93 1045.27 1379.5 1045.27 1379.01C1045.27 1378.53 1045.4 1378.09 1045.64 1377.71C1045.89 1377.32 1046.24 1377.03 1046.67 1376.82C1047.1 1376.6 1047.59 1376.49 1048.13 1376.49ZM1048.13 1377.6C1047.83 1377.6 1047.55 1377.65 1047.31 1377.77C1047.07 1377.89 1046.88 1378.05 1046.75 1378.27C1046.61 1378.48 1046.55 1378.73 1046.55 1379.01C1046.55 1379.3 1046.61 1379.55 1046.75 1379.76C1046.88 1379.98 1047.07 1380.15 1047.31 1380.27C1047.55 1380.38 1047.83 1380.44 1048.13 1380.44C1048.44 1380.44 1048.71 1380.38 1048.94 1380.27C1049.18 1380.15 1049.37 1379.98 1049.5 1379.77C1049.64 1379.55 1049.7 1379.3 1049.7 1379.01C1049.7 1378.73 1049.64 1378.48 1049.5 1378.27C1049.37 1378.05 1049.19 1377.89 1048.95 1377.77C1048.71 1377.65 1048.44 1377.6 1048.13 1377.6ZM1058.35 1376.69C1058.83 1376.69 1059.26 1376.82 1059.64 1377.07C1060.02 1377.33 1060.34 1377.69 1060.58 1378.16C1060.82 1378.63 1060.97 1379.19 1061.03 1379.82H1063.05V1375.92H1064.34V1386.53H1063.05V1380.88H1061.05C1061 1381.55 1060.86 1382.13 1060.62 1382.63C1060.38 1383.13 1060.07 1383.51 1059.68 1383.78C1059.29 1384.05 1058.84 1384.18 1058.35 1384.18C1057.82 1384.18 1057.35 1384.03 1056.94 1383.72C1056.53 1383.42 1056.21 1382.98 1055.98 1382.42C1055.75 1381.85 1055.63 1381.19 1055.63 1380.43C1055.63 1379.68 1055.75 1379.03 1055.98 1378.46C1056.21 1377.9 1056.53 1377.46 1056.94 1377.16C1057.35 1376.85 1057.83 1376.69 1058.35 1376.69ZM1058.35 1377.87C1058.06 1377.87 1057.8 1377.97 1057.58 1378.18C1057.36 1378.38 1057.18 1378.67 1057.06 1379.06C1056.94 1379.44 1056.88 1379.9 1056.89 1380.43C1056.88 1380.97 1056.94 1381.43 1057.06 1381.81C1057.18 1382.2 1057.36 1382.5 1057.58 1382.71C1057.8 1382.91 1058.06 1383.01 1058.35 1383.01C1058.65 1383.01 1058.9 1382.91 1059.12 1382.71C1059.34 1382.5 1059.51 1382.2 1059.64 1381.81C1059.76 1381.43 1059.83 1380.97 1059.83 1380.43C1059.83 1379.9 1059.76 1379.44 1059.64 1379.05C1059.51 1378.67 1059.34 1378.37 1059.12 1378.17C1058.9 1377.97 1058.65 1377.87 1058.35 1377.87ZM1075.51 1385.22H1065.83V1384.16H1068.07V1381.48C1067.64 1381.23 1067.3 1380.92 1067.07 1380.55C1066.83 1380.18 1066.72 1379.76 1066.72 1379.29C1066.72 1378.74 1066.88 1378.26 1067.22 1377.83C1067.55 1377.4 1068.02 1377.08 1068.62 1376.85C1069.22 1376.61 1069.89 1376.49 1070.65 1376.49C1071.4 1376.49 1072.08 1376.61 1072.68 1376.85C1073.28 1377.08 1073.75 1377.4 1074.08 1377.83C1074.42 1378.25 1074.59 1378.74 1074.59 1379.29C1074.59 1379.75 1074.48 1380.16 1074.25 1380.53C1074.02 1380.9 1073.7 1381.21 1073.28 1381.45V1384.16H1075.51V1385.22ZM1070.65 1377.53C1070.12 1377.53 1069.65 1377.6 1069.25 1377.74C1068.85 1377.88 1068.54 1378.09 1068.32 1378.35C1068.1 1378.62 1067.99 1378.93 1068 1379.29C1067.99 1379.65 1068.1 1379.97 1068.32 1380.23C1068.54 1380.5 1068.85 1380.7 1069.26 1380.85C1069.66 1380.99 1070.12 1381.06 1070.65 1381.06C1071.17 1381.06 1071.63 1380.99 1072.03 1380.85C1072.44 1380.7 1072.75 1380.5 1072.98 1380.23C1073.2 1379.97 1073.32 1379.65 1073.32 1379.29C1073.32 1378.94 1073.2 1378.62 1072.98 1378.36C1072.75 1378.09 1072.44 1377.88 1072.04 1377.74C1071.64 1377.6 1071.17 1377.53 1070.65 1377.53ZM1071.96 1384.16V1381.95C1071.54 1382.04 1071.11 1382.08 1070.65 1382.08C1070.2 1382.08 1069.77 1382.04 1069.36 1381.96V1384.16H1071.96ZM1077.49 1385.56C1077.33 1385.56 1077.17 1385.52 1077.03 1385.44C1076.89 1385.36 1076.78 1385.25 1076.7 1385.11C1076.62 1384.97 1076.58 1384.81 1076.58 1384.65C1076.58 1384.49 1076.62 1384.34 1076.7 1384.21C1076.78 1384.06 1076.89 1383.95 1077.03 1383.87C1077.17 1383.79 1077.33 1383.75 1077.49 1383.75C1077.65 1383.75 1077.79 1383.79 1077.93 1383.87C1078.07 1383.95 1078.18 1384.06 1078.26 1384.21C1078.35 1384.34 1078.39 1384.49 1078.39 1384.65C1078.39 1384.81 1078.35 1384.97 1078.26 1385.11C1078.18 1385.25 1078.07 1385.36 1077.93 1385.44C1077.79 1385.52 1077.65 1385.56 1077.49 1385.56Z" fill="#969696"/>
<rect x="1448.01" y="1355.28" width="43.99" height="23.99" rx="11.995" fill="#B9B9B9"/>
<g filter="url(#filter4_dd_24_29531)">
<rect x="1450.01" y="1358.27" width="18" height="18" rx="9" fill="white"/>
</g>
<rect x="733.41" y="1420.68" width="782.99" height="72.81" rx="15.5" fill="white"/>
<rect x="733.41" y="1420.68" width="782.99" height="72.81" rx="15.5" stroke="#EEEEEE"/>
<mask id="mask6_24_29531" style="mask-type:alpha" maskUnits="userSpaceOnUse" x="757" y="1445" width="25" height="25">
<path d="M757.81 1445.08H781.8V1469.07H757.81V1445.08Z" fill="#D9D9D9"/>
</mask>
<g mask="url(#mask6_24_29531)">
<path d="M763.444 1465.07C763.324 1465.07 763.206 1465.05 763.094 1465.01C762.983 1464.97 762.882 1464.9 762.797 1464.82C762.712 1464.73 762.645 1464.64 762.6 1464.53C762.555 1464.42 762.533 1464.3 762.535 1464.18V1463.29C761.779 1463.29 761.135 1463.04 760.604 1462.52C760.348 1462.27 760.145 1461.98 760.008 1461.66C759.871 1461.33 759.804 1460.98 759.809 1460.63V1456.19C759.809 1455.45 760.074 1454.82 760.604 1454.3C761.134 1453.78 761.779 1453.52 762.535 1453.52V1451.74C762.535 1451 762.8 1450.37 763.331 1449.85C763.861 1449.34 764.504 1449.08 765.262 1449.08H774.348C775.106 1449.08 775.75 1449.34 776.28 1449.86C776.809 1450.37 777.075 1451 777.075 1451.74V1453.52C777.832 1453.52 778.476 1453.78 779.005 1454.3C779.535 1454.82 779.801 1455.45 779.801 1456.19V1460.63C779.801 1461.37 779.536 1462 779.005 1462.52C778.476 1463.04 777.832 1463.29 777.075 1463.29V1464.18C777.078 1464.3 777.056 1464.42 777.011 1464.53C776.966 1464.64 776.898 1464.73 776.813 1464.82C776.728 1464.9 776.627 1464.97 776.516 1465.01C776.405 1465.05 776.286 1465.07 776.167 1465.07C776.047 1465.07 775.928 1465.05 775.817 1465.01C775.705 1464.97 775.604 1464.9 775.519 1464.82C775.434 1464.73 775.366 1464.64 775.321 1464.53C775.276 1464.42 775.254 1464.3 775.257 1464.18V1463.29H764.353V1464.18C764.355 1464.3 764.334 1464.42 764.289 1464.53C764.244 1464.64 764.177 1464.73 764.093 1464.82C764.007 1464.9 763.906 1464.97 763.794 1465.01C763.683 1465.05 763.564 1465.07 763.444 1465.07ZM762.535 1461.52H777.075C777.195 1461.52 777.314 1461.5 777.425 1461.46C777.536 1461.41 777.638 1461.35 777.723 1461.26C777.808 1461.18 777.875 1461.08 777.919 1460.97C777.964 1460.86 777.986 1460.75 777.983 1460.63V1456.19C777.986 1456.07 777.964 1455.95 777.919 1455.84C777.875 1455.73 777.808 1455.63 777.723 1455.55C777.638 1455.47 777.536 1455.4 777.425 1455.36C777.314 1455.31 777.195 1455.29 777.075 1455.3C776.956 1455.29 776.837 1455.31 776.725 1455.36C776.614 1455.4 776.513 1455.47 776.427 1455.55C776.342 1455.63 776.275 1455.73 776.231 1455.84C776.186 1455.95 776.164 1456.07 776.167 1456.19V1459.74H763.444V1456.19C763.447 1456.07 763.425 1455.95 763.38 1455.84C763.335 1455.73 763.268 1455.63 763.183 1455.55C763.098 1455.47 762.997 1455.4 762.885 1455.36C762.774 1455.31 762.655 1455.29 762.535 1455.3C762.416 1455.29 762.297 1455.31 762.186 1455.36C762.075 1455.4 761.974 1455.47 761.889 1455.55C761.803 1455.63 761.736 1455.73 761.691 1455.84C761.646 1455.95 761.624 1456.07 761.627 1456.19V1460.63C761.624 1460.75 761.646 1460.86 761.691 1460.97C761.736 1461.08 761.803 1461.18 761.889 1461.26C761.974 1461.34 762.075 1461.41 762.186 1461.45C762.297 1461.5 762.416 1461.52 762.535 1461.52ZM765.262 1457.96H774.348V1456.19C774.348 1455.79 774.432 1455.42 774.598 1455.1C774.765 1454.77 774.988 1454.48 775.258 1454.23V1451.74C775.261 1451.62 775.239 1451.51 775.194 1451.4C775.149 1451.29 775.081 1451.19 774.996 1451.11C774.911 1451.03 774.809 1450.96 774.698 1450.92C774.587 1450.87 774.468 1450.85 774.348 1450.85H765.262C765.143 1450.85 765.024 1450.87 764.912 1450.92C764.801 1450.96 764.7 1451.03 764.614 1451.11C764.529 1451.19 764.462 1451.29 764.417 1451.4C764.372 1451.51 764.35 1451.62 764.353 1451.74V1454.23C764.625 1454.48 764.845 1454.77 765.012 1455.1C765.178 1455.42 765.262 1455.79 765.262 1456.19V1457.96Z" fill="#515151"/>
</g>
<path d="M802.384 1444.32H799.431C799.446 1444.85 799.584 1445.35 799.845 1445.84C800.105 1446.32 800.483 1446.75 800.978 1447.12C801.478 1447.5 802.076 1447.79 802.774 1447.99L801.946 1449.35C801.155 1449.12 800.472 1448.77 799.899 1448.3C799.326 1447.83 798.881 1447.27 798.563 1446.63C798.251 1447.34 797.798 1447.95 797.204 1448.46C796.616 1448.97 795.915 1449.35 795.103 1449.6L794.212 1448.24C794.925 1448.03 795.537 1447.72 796.048 1447.33C796.558 1446.93 796.949 1446.48 797.22 1445.96C797.491 1445.44 797.639 1444.89 797.665 1444.32H794.696V1442.9H802.384V1444.32ZM799.415 1451.52C800.675 1451.47 801.811 1451.37 802.821 1451.23L802.946 1452.48C802.082 1452.64 801.181 1452.76 800.243 1452.84C799.306 1452.92 798.433 1452.97 797.626 1453C796.819 1453.02 795.858 1453.03 794.743 1453.04H794.321L794.087 1451.62C795.623 1451.62 796.821 1451.61 797.681 1451.59V1449.01H799.415V1451.52ZM807.415 1448.82H805.368V1455.82H803.634V1441.7H805.368V1447.37H807.415V1448.82ZM813.212 1443.93C813.212 1444.54 813.34 1445.13 813.595 1445.7C813.85 1446.25 814.225 1446.75 814.72 1447.19C815.22 1447.62 815.821 1447.95 816.524 1448.18L815.587 1449.57C814.837 1449.3 814.188 1448.92 813.642 1448.41C813.095 1447.9 812.668 1447.29 812.36 1446.6C812.043 1447.36 811.595 1448.01 811.017 1448.57C810.444 1449.13 809.759 1449.55 808.962 1449.84L808.024 1448.45C808.769 1448.2 809.399 1447.84 809.915 1447.38C810.431 1446.91 810.816 1446.37 811.071 1445.76C811.332 1445.15 811.462 1444.5 811.462 1443.82V1442.43H813.212V1443.93ZM819.915 1455.82H818.181V1452.15H810.29V1450.77H819.915V1455.82ZM819.915 1450.09H818.181V1445.87H815.368V1444.45H818.181V1441.7H819.915V1450.09ZM833.603 1443.59V1443.77C833.592 1444.49 833.566 1445.15 833.524 1445.74C833.483 1446.34 833.394 1447 833.259 1447.74L831.54 1447.59C831.665 1446.93 831.751 1446.34 831.798 1445.8C831.845 1445.27 831.876 1444.73 831.892 1444.18H826.399V1442.74H833.603V1443.59ZM830.04 1448.78C831.712 1448.71 833.155 1448.59 834.368 1448.41L834.462 1449.66C833.16 1449.9 831.8 1450.05 830.384 1450.13C828.972 1450.21 827.415 1450.25 825.712 1450.26L825.556 1448.87H825.837C826.243 1448.86 826.655 1448.86 827.071 1448.85C827.488 1448.85 827.905 1448.84 828.321 1448.84V1445.96H830.04V1448.78ZM836.978 1446.1H838.806V1447.55H836.978V1452.27H835.196V1441.7H836.978V1446.1ZM837.431 1455.54H827.665V1451.34H829.415V1454.13H837.431V1455.54ZM851.306 1455.84H849.587V1441.7H851.306V1455.84ZM846.962 1448.23H842.103V1451.07C843.295 1451.06 844.389 1451.02 845.384 1450.95C846.384 1450.87 847.405 1450.75 848.446 1450.57L848.603 1451.99C847.483 1452.19 846.381 1452.32 845.298 1452.39C844.215 1452.46 842.967 1452.49 841.556 1452.49H840.321V1446.85H845.196V1444.34H840.306V1442.93H846.962V1448.23Z" fill="#515151"/>
<path d="M802.966 1476.31H801.665V1465.72H802.966V1476.31ZM794.657 1473.37C794.915 1473.37 795.278 1473.36 795.747 1473.36C796.22 1473.36 796.634 1473.35 796.989 1473.34V1472.36C796.591 1472.3 796.243 1472.18 795.946 1472.01C795.653 1471.83 795.425 1471.61 795.261 1471.34C795.101 1471.07 795.021 1470.77 795.021 1470.44C795.021 1470.05 795.13 1469.7 795.349 1469.4C795.567 1469.1 795.872 1468.87 796.263 1468.7C796.657 1468.53 797.11 1468.45 797.622 1468.45C798.138 1468.45 798.595 1468.53 798.993 1468.7C799.392 1468.87 799.702 1469.1 799.925 1469.4C800.147 1469.7 800.259 1470.05 800.259 1470.44C800.259 1470.77 800.177 1471.07 800.013 1471.33C799.853 1471.6 799.624 1471.82 799.327 1472C799.03 1472.18 798.685 1472.29 798.29 1472.36V1473.29C799.274 1473.25 800.192 1473.17 801.044 1473.05L801.138 1474.03C800.103 1474.2 799.04 1474.32 797.95 1474.37C796.86 1474.42 795.669 1474.45 794.376 1474.45L794.188 1473.37H794.657ZM800.856 1467.97H794.411V1466.94H796.989V1465.75H798.29V1466.94H800.856V1467.97ZM797.622 1469.45C797.212 1469.45 796.882 1469.54 796.632 1469.72C796.382 1469.9 796.259 1470.14 796.263 1470.44C796.259 1470.64 796.313 1470.81 796.427 1470.96C796.544 1471.11 796.706 1471.22 796.913 1471.3C797.12 1471.37 797.356 1471.41 797.622 1471.4C798.04 1471.41 798.374 1471.33 798.624 1471.16C798.878 1470.98 799.005 1470.74 799.005 1470.44C799.005 1470.14 798.88 1469.9 798.63 1469.72C798.38 1469.54 798.044 1469.45 797.622 1469.45ZM813.396 1473.75H812.083V1472.82H810.009V1471.91H812.083V1465.73H813.396V1473.75ZM813.642 1476.1H805.872V1472.97H807.173V1475.05H813.642V1476.1ZM804.466 1470.49C805.841 1470.48 807.075 1470.46 808.169 1470.42C809.263 1470.38 810.306 1470.3 811.298 1470.17L811.368 1471.11C810.521 1471.25 809.63 1471.35 808.696 1471.41V1473.45H807.396V1471.48C806.642 1471.52 805.72 1471.53 804.63 1471.53L804.466 1470.49ZM807.923 1466.12C808.435 1466.12 808.888 1466.2 809.282 1466.36C809.681 1466.51 809.991 1466.73 810.214 1467.02C810.44 1467.3 810.556 1467.62 810.56 1467.99C810.556 1468.37 810.442 1468.7 810.22 1468.98C809.997 1469.26 809.687 1469.47 809.288 1469.63C808.89 1469.78 808.435 1469.86 807.923 1469.86C807.403 1469.86 806.942 1469.78 806.54 1469.63C806.142 1469.47 805.831 1469.26 805.608 1468.98C805.386 1468.7 805.274 1468.37 805.274 1467.99C805.274 1467.62 805.386 1467.3 805.608 1467.02C805.831 1466.73 806.142 1466.51 806.54 1466.36C806.942 1466.2 807.403 1466.12 807.923 1466.12ZM807.923 1467.08C807.497 1467.08 807.153 1467.16 806.892 1467.32C806.634 1467.48 806.505 1467.71 806.505 1467.99C806.505 1468.28 806.634 1468.5 806.892 1468.67C807.153 1468.83 807.497 1468.91 807.923 1468.91C808.333 1468.91 808.667 1468.82 808.925 1468.66C809.183 1468.5 809.313 1468.27 809.317 1467.99C809.313 1467.71 809.183 1467.49 808.925 1467.32C808.667 1467.16 808.333 1467.08 807.923 1467.08ZM823.696 1476.32H822.384V1465.72H823.696V1476.32ZM817.989 1466.49C818.521 1466.49 818.993 1466.65 819.407 1466.96C819.825 1467.26 820.153 1467.7 820.392 1468.26C820.63 1468.82 820.751 1469.48 820.755 1470.23C820.751 1470.98 820.63 1471.64 820.392 1472.21C820.157 1472.78 819.831 1473.21 819.413 1473.52C818.995 1473.83 818.521 1473.98 817.989 1473.98C817.454 1473.98 816.978 1473.83 816.56 1473.52C816.142 1473.21 815.813 1472.78 815.575 1472.21C815.341 1471.64 815.224 1470.98 815.224 1470.23C815.224 1469.48 815.341 1468.82 815.575 1468.26C815.813 1467.7 816.142 1467.26 816.56 1466.96C816.978 1466.65 817.454 1466.49 817.989 1466.49ZM817.989 1467.66C817.688 1467.66 817.423 1467.77 817.192 1467.97C816.966 1468.17 816.79 1468.47 816.665 1468.85C816.54 1469.24 816.478 1469.7 816.478 1470.23C816.478 1470.77 816.54 1471.23 816.665 1471.61C816.79 1472 816.966 1472.3 817.192 1472.5C817.423 1472.71 817.688 1472.81 817.989 1472.81C818.286 1472.81 818.548 1472.71 818.774 1472.5C819.001 1472.3 819.177 1472 819.302 1471.61C819.427 1471.23 819.489 1470.77 819.489 1470.23C819.489 1469.7 819.427 1469.24 819.302 1468.86C819.177 1468.47 819.001 1468.18 818.774 1467.97C818.548 1467.77 818.286 1467.66 817.989 1467.66ZM836.985 1473.75H835.673V1472.82H833.599V1471.91H835.673V1465.73H836.985V1473.75ZM837.231 1476.1H829.462V1472.97H830.763V1475.05H837.231V1476.1ZM828.056 1470.49C829.431 1470.48 830.665 1470.46 831.759 1470.42C832.853 1470.38 833.896 1470.3 834.888 1470.17L834.958 1471.11C834.11 1471.25 833.22 1471.35 832.286 1471.41V1473.45H830.985V1471.48C830.231 1471.52 829.31 1471.53 828.22 1471.53L828.056 1470.49ZM831.513 1466.12C832.024 1466.12 832.478 1466.2 832.872 1466.36C833.271 1466.51 833.581 1466.73 833.804 1467.02C834.03 1467.3 834.146 1467.62 834.149 1467.99C834.146 1468.37 834.032 1468.7 833.81 1468.98C833.587 1469.26 833.276 1469.47 832.878 1469.63C832.479 1469.78 832.024 1469.86 831.513 1469.86C830.993 1469.86 830.532 1469.78 830.13 1469.63C829.731 1469.47 829.421 1469.26 829.198 1468.98C828.976 1468.7 828.864 1468.37 828.864 1467.99C828.864 1467.62 828.976 1467.3 829.198 1467.02C829.421 1466.73 829.731 1466.51 830.13 1466.36C830.532 1466.2 830.993 1466.12 831.513 1466.12ZM831.513 1467.08C831.087 1467.08 830.743 1467.16 830.481 1467.32C830.224 1467.48 830.095 1467.71 830.095 1467.99C830.095 1468.28 830.224 1468.5 830.481 1468.67C830.743 1468.83 831.087 1468.91 831.513 1468.91C831.923 1468.91 832.257 1468.82 832.515 1468.66C832.772 1468.5 832.903 1468.27 832.907 1467.99C832.903 1467.71 832.772 1467.49 832.515 1467.32C832.257 1467.16 831.923 1467.08 831.513 1467.08ZM846.771 1469.94H848.399V1471.02H846.771V1476.31H845.481V1465.72H846.771V1469.94ZM844.661 1468.39H838.415V1467.35H840.923V1465.87H842.224V1467.35H844.661V1468.39ZM841.579 1469.08C842.083 1469.08 842.536 1469.19 842.938 1469.4C843.345 1469.62 843.663 1469.91 843.894 1470.29C844.124 1470.67 844.239 1471.1 844.239 1471.58C844.239 1472.06 844.124 1472.49 843.894 1472.87C843.663 1473.24 843.345 1473.54 842.938 1473.75C842.536 1473.96 842.083 1474.06 841.579 1474.06C841.067 1474.06 840.608 1473.96 840.202 1473.75C839.796 1473.54 839.478 1473.24 839.247 1472.87C839.017 1472.49 838.903 1472.06 838.907 1471.58C838.903 1471.1 839.017 1470.67 839.247 1470.29C839.478 1469.91 839.796 1469.62 840.202 1469.4C840.608 1469.19 841.067 1469.08 841.579 1469.08ZM841.579 1470.15C841.302 1470.15 841.054 1470.21 840.835 1470.32C840.62 1470.44 840.452 1470.61 840.331 1470.83C840.21 1471.04 840.149 1471.29 840.149 1471.58C840.149 1471.86 840.21 1472.11 840.331 1472.33C840.452 1472.54 840.62 1472.7 840.835 1472.82C841.054 1472.93 841.302 1472.99 841.579 1472.98C841.849 1472.99 842.089 1472.93 842.3 1472.82C842.515 1472.7 842.683 1472.54 842.804 1472.33C842.929 1472.11 842.993 1471.86 842.997 1471.58C842.993 1471.29 842.929 1471.04 842.804 1470.83C842.683 1470.61 842.515 1470.45 842.3 1470.33C842.089 1470.21 841.849 1470.15 841.579 1470.15ZM857.423 1469.75H850.087V1466.11H851.376V1468.72H857.423V1469.75ZM858.513 1472.01H848.833V1470.98H858.513V1472.01ZM857.493 1476.07H849.993V1472.95H851.294V1475.01H857.493V1476.07ZM868.157 1467.69H865.942C865.954 1468.08 866.058 1468.46 866.253 1468.82C866.448 1469.19 866.731 1469.51 867.103 1469.79C867.478 1470.07 867.927 1470.29 868.45 1470.44L867.829 1471.46C867.235 1471.29 866.724 1471.02 866.294 1470.67C865.864 1470.32 865.53 1469.9 865.292 1469.42C865.058 1469.95 864.718 1470.41 864.272 1470.79C863.831 1471.18 863.306 1471.46 862.696 1471.65L862.028 1470.63C862.563 1470.47 863.022 1470.24 863.405 1469.94C863.788 1469.65 864.081 1469.3 864.284 1468.92C864.487 1468.53 864.599 1468.12 864.618 1467.69H862.392V1466.62H868.157V1467.69ZM865.931 1473.09C866.876 1473.05 867.728 1472.97 868.485 1472.87L868.579 1473.8C867.931 1473.93 867.255 1474.02 866.552 1474.08C865.849 1474.14 865.194 1474.18 864.589 1474.2C863.983 1474.21 863.263 1474.22 862.427 1474.23H862.11L861.935 1473.16C863.087 1473.16 863.985 1473.15 864.63 1473.14V1471.2H865.931V1473.09ZM871.931 1471.06H870.396V1476.31H869.095V1465.72H870.396V1469.97H871.931V1471.06ZM876.278 1467.39C876.278 1467.86 876.374 1468.3 876.565 1468.72C876.757 1469.14 877.038 1469.51 877.409 1469.84C877.784 1470.16 878.235 1470.41 878.763 1470.58L878.06 1471.62C877.497 1471.43 877.011 1471.13 876.601 1470.75C876.19 1470.37 875.87 1469.92 875.64 1469.4C875.401 1469.96 875.065 1470.46 874.632 1470.88C874.202 1471.29 873.688 1471.61 873.091 1471.82L872.388 1470.78C872.946 1470.59 873.419 1470.33 873.806 1469.98C874.192 1469.63 874.481 1469.22 874.673 1468.77C874.868 1468.31 874.966 1467.82 874.966 1467.31V1466.27H876.278V1467.39ZM881.306 1476.31H880.005V1473.56H874.087V1472.53H881.306V1476.31ZM881.306 1472.01H880.005V1468.85H877.896V1467.78H880.005V1465.72H881.306V1472.01ZM887.622 1465.88C888.427 1465.88 889.112 1465.95 889.679 1466.09C890.249 1466.23 890.685 1466.44 890.985 1466.71C891.286 1466.98 891.438 1467.31 891.442 1467.7C891.438 1468.29 891.104 1468.73 890.44 1469.05C889.776 1469.36 888.837 1469.52 887.622 1469.53C886.403 1469.52 885.462 1469.36 884.798 1469.05C884.134 1468.73 883.802 1468.29 883.802 1467.7C883.802 1467.31 883.952 1466.98 884.253 1466.71C884.554 1466.44 884.989 1466.23 885.56 1466.09C886.13 1465.95 886.817 1465.88 887.622 1465.88ZM887.622 1466.84C886.817 1466.84 886.206 1466.92 885.788 1467.07C885.37 1467.21 885.165 1467.42 885.173 1467.7C885.169 1467.99 885.372 1468.2 885.782 1468.34C886.192 1468.48 886.806 1468.55 887.622 1468.55C888.45 1468.55 889.069 1468.48 889.479 1468.34C889.89 1468.2 890.095 1467.99 890.095 1467.7C890.095 1467.42 889.886 1467.21 889.468 1467.07C889.05 1466.92 888.435 1466.84 887.622 1466.84ZM892.462 1471.13H882.806V1470.09H892.462V1471.13ZM891.255 1474.44H885.231V1475.22H891.548V1476.22H883.954V1473.51H889.978V1472.81H883.942V1471.85H891.255V1474.44ZM899.88 1467.59C899.88 1468.07 899.974 1468.53 900.161 1468.97C900.353 1469.41 900.634 1469.8 901.005 1470.15C901.38 1470.49 901.833 1470.75 902.364 1470.93L901.649 1471.95C901.087 1471.74 900.601 1471.43 900.19 1471.04C899.784 1470.64 899.468 1470.18 899.241 1469.66C899.007 1470.25 898.673 1470.77 898.239 1471.2C897.81 1471.64 897.29 1471.97 896.681 1472.2L895.989 1471.17C896.54 1470.98 897.007 1470.71 897.39 1470.34C897.776 1469.98 898.067 1469.56 898.263 1469.08C898.462 1468.61 898.563 1468.11 898.567 1467.58V1466.38H899.88V1467.59ZM904.896 1473.59H903.595V1469.13H901.485V1468.06H903.595V1465.73H904.896V1473.59ZM905.13 1476.1H897.911V1472.74H899.235V1475.05H905.13V1476.1ZM910.954 1467.5H908.048V1468.53H910.849V1469.53H908.048V1470.64C908.731 1470.63 909.315 1470.61 909.8 1470.58C910.288 1470.54 910.778 1470.48 911.271 1470.38L911.411 1471.44C910.829 1471.55 910.255 1471.62 909.688 1471.65C909.126 1471.69 908.396 1471.71 907.497 1471.71H906.794V1466.46H910.954V1467.5ZM915.454 1472.18H914.212V1469.42H913.11V1472.09H911.892V1465.93H913.11V1468.38H914.212V1465.73H915.454V1472.18ZM915.454 1476.31H914.153V1473.7H908.2V1472.64H915.454V1476.31ZM925.122 1468.09H926.61V1469.14H925.122V1471.47H923.821V1465.7H925.122V1468.09ZM925.122 1474.5H919.497V1475.25H925.45V1476.22H918.208V1473.59H923.821V1472.89H918.196V1471.94H925.122V1474.5ZM923.06 1467.57H916.778V1466.57H919.274V1465.64H920.575V1466.57H923.06V1467.57ZM919.919 1467.9C920.438 1467.9 920.892 1467.98 921.278 1468.12C921.669 1468.26 921.97 1468.46 922.181 1468.72C922.396 1468.98 922.505 1469.29 922.509 1469.63C922.505 1469.99 922.396 1470.3 922.181 1470.56C921.97 1470.82 921.671 1471.02 921.284 1471.16C920.897 1471.3 920.442 1471.37 919.919 1471.37C919.396 1471.37 918.938 1471.3 918.548 1471.16C918.157 1471.02 917.854 1470.82 917.64 1470.56C917.425 1470.3 917.317 1469.99 917.317 1469.63C917.317 1469.29 917.425 1468.98 917.64 1468.72C917.854 1468.46 918.157 1468.26 918.548 1468.12C918.942 1467.98 919.399 1467.9 919.919 1467.9ZM919.919 1468.84C919.505 1468.84 919.179 1468.91 918.94 1469.05C918.702 1469.19 918.583 1469.38 918.583 1469.63C918.583 1469.89 918.702 1470.08 918.94 1470.22C919.179 1470.36 919.505 1470.43 919.919 1470.43C920.337 1470.43 920.665 1470.36 920.903 1470.22C921.146 1470.08 921.267 1469.89 921.267 1469.63C921.267 1469.38 921.146 1469.19 920.903 1469.05C920.661 1468.91 920.333 1468.84 919.919 1468.84ZM935.505 1466.6C935.505 1467.04 935.661 1467.48 935.974 1467.9C936.29 1468.32 936.731 1468.68 937.298 1468.98C937.868 1469.28 938.521 1469.48 939.255 1469.57L938.739 1470.63C937.849 1470.5 937.06 1470.22 936.372 1469.81C935.685 1469.39 935.167 1468.88 934.819 1468.28C934.472 1468.88 933.956 1469.39 933.272 1469.81C932.589 1470.22 931.806 1470.5 930.923 1470.63L930.407 1469.57C931.134 1469.48 931.78 1469.28 932.347 1468.98C932.913 1468.68 933.353 1468.32 933.665 1467.9C933.978 1467.48 934.134 1467.04 934.134 1466.6V1466.06H935.505V1466.6ZM939.642 1472.62H935.435V1476.31H934.146V1472.62H929.985V1471.54H939.642V1472.62ZM946.966 1472.61C946.966 1473.07 947.075 1473.52 947.294 1473.95C947.517 1474.37 947.845 1474.72 948.278 1474.99C948.716 1474.7 949.05 1474.33 949.28 1473.9C949.511 1473.47 949.63 1473.04 949.638 1472.61V1472.18H950.915V1472.61C950.911 1472.99 950.983 1473.35 951.132 1473.69C951.28 1474.03 951.507 1474.33 951.812 1474.59C952.12 1474.85 952.501 1475.05 952.954 1475.2L952.321 1476.15C951.817 1475.98 951.392 1475.74 951.044 1475.42C950.696 1475.1 950.427 1474.72 950.235 1474.29C950.056 1474.72 949.804 1475.11 949.479 1475.45C949.159 1475.79 948.771 1476.06 948.313 1476.24C947.829 1476.07 947.423 1475.81 947.095 1475.48C946.767 1475.15 946.515 1474.76 946.339 1474.32C946.147 1474.74 945.88 1475.1 945.536 1475.42C945.196 1475.73 944.786 1475.98 944.306 1476.15L943.661 1475.2C944.103 1475.04 944.476 1474.83 944.78 1474.56C945.085 1474.29 945.313 1473.98 945.466 1473.65C945.618 1473.31 945.696 1472.96 945.7 1472.61V1472.18H946.966V1472.61ZM952.028 1471.73H950.716V1465.73H952.028V1471.73ZM946.251 1466.29C946.79 1466.29 947.276 1466.4 947.71 1466.62C948.144 1466.83 948.483 1467.12 948.729 1467.51C948.976 1467.89 949.099 1468.32 949.099 1468.81C949.099 1469.3 948.976 1469.73 948.729 1470.11C948.483 1470.49 948.144 1470.79 947.71 1471C947.276 1471.21 946.79 1471.32 946.251 1471.32C945.708 1471.32 945.22 1471.21 944.786 1471C944.353 1470.79 944.011 1470.49 943.761 1470.11C943.515 1469.73 943.392 1469.3 943.392 1468.81C943.392 1468.32 943.515 1467.89 943.761 1467.51C944.011 1467.12 944.353 1466.83 944.786 1466.62C945.22 1466.4 945.708 1466.29 946.251 1466.29ZM946.251 1467.39C945.942 1467.39 945.667 1467.45 945.425 1467.57C945.187 1467.69 944.999 1467.85 944.862 1468.07C944.729 1468.28 944.665 1468.53 944.669 1468.81C944.665 1469.1 944.729 1469.35 944.862 1469.56C944.999 1469.78 945.187 1469.95 945.425 1470.07C945.667 1470.18 945.942 1470.24 946.251 1470.24C946.556 1470.24 946.825 1470.18 947.06 1470.07C947.298 1469.95 947.483 1469.78 947.616 1469.57C947.753 1469.35 947.821 1469.1 947.821 1468.81C947.821 1468.53 947.755 1468.28 947.622 1468.07C947.489 1467.85 947.304 1467.69 947.065 1467.57C946.827 1467.45 946.556 1467.39 946.251 1467.39ZM962.177 1471.57H959.036V1473.99H963.255V1475.06H953.575V1473.99H957.747V1471.57H954.747V1466.5H962.095V1467.55H956.048V1470.54H962.177V1471.57ZM973.614 1472.5H963.935V1471.45H968.13V1470.57H965.165V1467.76H971.118V1466.97H965.13V1465.95H972.419V1468.71H966.454V1469.55H972.63V1470.57H969.419V1471.45H973.614V1472.5ZM972.478 1476.24H971.165V1474.2H965.013V1473.17H972.478V1476.24ZM986.036 1471.14H984.735V1468.46H982.626V1467.42H984.735V1465.72H986.036V1471.14ZM986.036 1474.34H980.353V1475.15H986.376V1476.18H979.075V1473.37H984.747V1472.62H979.063V1471.6H986.036V1474.34ZM981.009 1466.91C981.009 1467.36 981.104 1467.78 981.296 1468.18C981.487 1468.58 981.771 1468.94 982.146 1469.25C982.521 1469.56 982.974 1469.8 983.505 1469.96L982.813 1470.97C982.247 1470.78 981.757 1470.5 981.343 1470.15C980.929 1469.79 980.604 1469.37 980.37 1468.88C980.132 1469.43 979.794 1469.9 979.356 1470.31C978.923 1470.71 978.399 1471 977.786 1471.2L977.106 1470.16C977.661 1469.99 978.132 1469.75 978.519 1469.42C978.909 1469.09 979.202 1468.71 979.397 1468.29C979.597 1467.86 979.696 1467.4 979.696 1466.91V1466.07H981.009V1466.91ZM996.407 1472.01H995.106V1469.42H993.302V1468.36H995.106V1465.72H996.407V1472.01ZM992.821 1472.28C993.567 1472.28 994.212 1472.36 994.755 1472.52C995.302 1472.68 995.72 1472.91 996.009 1473.21C996.298 1473.51 996.442 1473.88 996.442 1474.3C996.442 1474.72 996.298 1475.08 996.009 1475.38C995.72 1475.69 995.302 1475.92 994.755 1476.07C994.212 1476.23 993.567 1476.31 992.821 1476.31C992.079 1476.31 991.437 1476.23 990.894 1476.07C990.351 1475.92 989.935 1475.69 989.646 1475.38C989.36 1475.08 989.22 1474.72 989.224 1474.3C989.22 1473.88 989.36 1473.51 989.646 1473.21C989.935 1472.91 990.351 1472.68 990.894 1472.52C991.437 1472.36 992.079 1472.28 992.821 1472.28ZM992.821 1473.28C992.079 1473.28 991.509 1473.37 991.11 1473.54C990.712 1473.71 990.513 1473.96 990.513 1474.3C990.513 1474.62 990.712 1474.88 991.11 1475.05C991.509 1475.22 992.079 1475.3 992.821 1475.3C993.563 1475.3 994.136 1475.22 994.538 1475.05C994.94 1474.88 995.142 1474.62 995.142 1474.3C995.142 1473.96 994.94 1473.71 994.538 1473.54C994.136 1473.37 993.563 1473.28 992.821 1473.28ZM991.427 1467.54C991.427 1467.97 991.522 1468.4 991.714 1468.81C991.905 1469.22 992.188 1469.59 992.563 1469.92C992.938 1470.24 993.392 1470.5 993.923 1470.68L993.267 1471.71C992.692 1471.51 992.194 1471.22 991.772 1470.85C991.354 1470.46 991.026 1470.02 990.788 1469.51C990.55 1470.08 990.21 1470.59 989.769 1471.02C989.327 1471.44 988.798 1471.77 988.181 1471.99L987.501 1470.96C988.052 1470.77 988.522 1470.5 988.913 1470.14C989.304 1469.78 989.599 1469.38 989.798 1468.93C990.001 1468.48 990.103 1468.02 990.103 1467.55V1467.46H987.899V1466.41H993.618V1467.46H991.427V1467.54ZM1006.26 1468.09H1007.75V1469.14H1006.26V1471.47H1004.96V1465.7H1006.26V1468.09ZM1006.26 1474.5H1000.64V1475.25H1006.59V1476.22H999.349V1473.59H1004.96V1472.89H999.337V1471.94H1006.26V1474.5ZM1004.2 1467.57H997.919V1466.57H1000.42V1465.64H1001.72V1466.57H1004.2V1467.57ZM1001.06 1467.9C1001.58 1467.9 1002.03 1467.98 1002.42 1468.12C1002.81 1468.26 1003.11 1468.46 1003.32 1468.72C1003.54 1468.98 1003.65 1469.29 1003.65 1469.63C1003.65 1469.99 1003.54 1470.3 1003.32 1470.56C1003.11 1470.82 1002.81 1471.02 1002.42 1471.16C1002.04 1471.3 1001.58 1471.37 1001.06 1471.37C1000.54 1471.37 1000.08 1471.3 999.688 1471.16C999.298 1471.02 998.995 1470.82 998.78 1470.56C998.565 1470.3 998.458 1469.99 998.458 1469.63C998.458 1469.29 998.565 1468.98 998.78 1468.72C998.995 1468.46 999.298 1468.26 999.688 1468.12C1000.08 1467.98 1000.54 1467.9 1001.06 1467.9ZM1001.06 1468.84C1000.65 1468.84 1000.32 1468.91 1000.08 1469.05C999.843 1469.19 999.724 1469.38 999.724 1469.63C999.724 1469.89 999.843 1470.08 1000.08 1470.22C1000.32 1470.36 1000.65 1470.43 1001.06 1470.43C1001.48 1470.43 1001.81 1470.36 1002.04 1470.22C1002.29 1470.08 1002.41 1469.89 1002.41 1469.63C1002.41 1469.38 1002.29 1469.19 1002.04 1469.05C1001.8 1468.91 1001.47 1468.84 1001.06 1468.84ZM1016.65 1466.6C1016.65 1467.04 1016.8 1467.48 1017.11 1467.9C1017.43 1468.32 1017.87 1468.68 1018.44 1468.98C1019.01 1469.28 1019.66 1469.48 1020.4 1469.57L1019.88 1470.63C1018.99 1470.5 1018.2 1470.22 1017.51 1469.81C1016.83 1469.39 1016.31 1468.88 1015.96 1468.28C1015.61 1468.88 1015.1 1469.39 1014.41 1469.81C1013.73 1470.22 1012.95 1470.5 1012.06 1470.63L1011.55 1469.57C1012.27 1469.48 1012.92 1469.28 1013.49 1468.98C1014.05 1468.68 1014.49 1468.32 1014.81 1467.9C1015.12 1467.48 1015.27 1467.04 1015.27 1466.6V1466.06H1016.65V1466.6ZM1020.78 1472.62H1016.58V1476.31H1015.29V1472.62H1011.13V1471.54H1020.78V1472.62ZM1028.11 1472.61C1028.11 1473.07 1028.22 1473.52 1028.43 1473.95C1028.66 1474.37 1028.99 1474.72 1029.42 1474.99C1029.86 1474.7 1030.19 1474.33 1030.42 1473.9C1030.65 1473.47 1030.77 1473.04 1030.78 1472.61V1472.18H1032.06V1472.61C1032.05 1472.99 1032.12 1473.35 1032.27 1473.69C1032.42 1474.03 1032.65 1474.33 1032.95 1474.59C1033.26 1474.85 1033.64 1475.05 1034.09 1475.2L1033.46 1476.15C1032.96 1475.98 1032.53 1475.74 1032.18 1475.42C1031.84 1475.1 1031.57 1474.72 1031.38 1474.29C1031.2 1474.72 1030.94 1475.11 1030.62 1475.45C1030.3 1475.79 1029.91 1476.06 1029.45 1476.24C1028.97 1476.07 1028.56 1475.81 1028.24 1475.48C1027.91 1475.15 1027.66 1474.76 1027.48 1474.32C1027.29 1474.74 1027.02 1475.1 1026.68 1475.42C1026.34 1475.73 1025.93 1475.98 1025.45 1476.15L1024.8 1475.2C1025.24 1475.04 1025.62 1474.83 1025.92 1474.56C1026.23 1474.29 1026.45 1473.98 1026.61 1473.65C1026.76 1473.31 1026.84 1472.96 1026.84 1472.61V1472.18H1028.11V1472.61ZM1033.17 1471.73H1031.86V1465.73H1033.17V1471.73ZM1027.39 1466.29C1027.93 1466.29 1028.42 1466.4 1028.85 1466.62C1029.28 1466.83 1029.62 1467.12 1029.87 1467.51C1030.12 1467.89 1030.24 1468.32 1030.24 1468.81C1030.24 1469.3 1030.12 1469.73 1029.87 1470.11C1029.62 1470.49 1029.28 1470.79 1028.85 1471C1028.42 1471.21 1027.93 1471.32 1027.39 1471.32C1026.85 1471.32 1026.36 1471.21 1025.93 1471C1025.49 1470.79 1025.15 1470.49 1024.9 1470.11C1024.66 1469.73 1024.53 1469.3 1024.53 1468.81C1024.53 1468.32 1024.66 1467.89 1024.9 1467.51C1025.15 1467.12 1025.49 1466.83 1025.93 1466.62C1026.36 1466.4 1026.85 1466.29 1027.39 1466.29ZM1027.39 1467.39C1027.08 1467.39 1026.81 1467.45 1026.57 1467.57C1026.33 1467.69 1026.14 1467.85 1026 1468.07C1025.87 1468.28 1025.81 1468.53 1025.81 1468.81C1025.81 1469.1 1025.87 1469.35 1026 1469.56C1026.14 1469.78 1026.33 1469.95 1026.57 1470.07C1026.81 1470.18 1027.08 1470.24 1027.39 1470.24C1027.7 1470.24 1027.97 1470.18 1028.2 1470.07C1028.44 1469.95 1028.62 1469.78 1028.76 1469.57C1028.89 1469.35 1028.96 1469.1 1028.96 1468.81C1028.96 1468.53 1028.9 1468.28 1028.76 1468.07C1028.63 1467.85 1028.44 1467.69 1028.21 1467.57C1027.97 1467.45 1027.7 1467.39 1027.39 1467.39ZM1037.61 1466.49C1038.09 1466.49 1038.52 1466.62 1038.9 1466.87C1039.28 1467.13 1039.59 1467.49 1039.84 1467.96C1040.08 1468.43 1040.23 1468.98 1040.29 1469.62H1042.31V1465.72H1043.6V1476.32H1042.31V1470.68H1040.31C1040.26 1471.35 1040.12 1471.93 1039.88 1472.43C1039.64 1472.93 1039.33 1473.31 1038.93 1473.58C1038.54 1473.85 1038.1 1473.98 1037.61 1473.98C1037.08 1473.98 1036.61 1473.83 1036.2 1473.52C1035.79 1473.22 1035.47 1472.78 1035.24 1472.22C1035.01 1471.65 1034.89 1470.99 1034.89 1470.23C1034.89 1469.48 1035.01 1468.82 1035.24 1468.26C1035.47 1467.7 1035.79 1467.26 1036.2 1466.96C1036.61 1466.65 1037.08 1466.49 1037.61 1466.49ZM1037.61 1467.66C1037.32 1467.66 1037.06 1467.77 1036.84 1467.97C1036.61 1468.18 1036.44 1468.47 1036.32 1468.86C1036.2 1469.24 1036.14 1469.7 1036.15 1470.23C1036.14 1470.77 1036.2 1471.23 1036.32 1471.61C1036.44 1472 1036.61 1472.3 1036.84 1472.5C1037.06 1472.71 1037.32 1472.81 1037.61 1472.81C1037.9 1472.81 1038.16 1472.71 1038.38 1472.5C1038.6 1472.3 1038.77 1472 1038.89 1471.61C1039.02 1471.23 1039.08 1470.77 1039.09 1470.23C1039.08 1469.7 1039.02 1469.24 1038.89 1468.85C1038.77 1468.47 1038.6 1468.17 1038.38 1467.97C1038.16 1467.77 1037.9 1467.66 1037.61 1467.66ZM1054.77 1475.02H1045.09V1473.96H1047.33V1471.28C1046.9 1471.03 1046.56 1470.72 1046.32 1470.35C1046.09 1469.98 1045.97 1469.56 1045.98 1469.09C1045.97 1468.54 1046.14 1468.05 1046.48 1467.63C1046.81 1467.2 1047.28 1466.88 1047.88 1466.64C1048.47 1466.41 1049.15 1466.29 1049.9 1466.29C1050.66 1466.29 1051.34 1466.41 1051.94 1466.64C1052.54 1466.88 1053.01 1467.2 1053.34 1467.63C1053.68 1468.05 1053.85 1468.54 1053.85 1469.09C1053.85 1469.55 1053.74 1469.96 1053.51 1470.33C1053.28 1470.7 1052.96 1471 1052.54 1471.25V1473.96H1054.77V1475.02ZM1049.9 1467.32C1049.38 1467.32 1048.91 1467.4 1048.51 1467.54C1048.11 1467.68 1047.8 1467.88 1047.58 1468.15C1047.36 1468.42 1047.25 1468.73 1047.25 1469.09C1047.25 1469.45 1047.36 1469.77 1047.58 1470.03C1047.8 1470.3 1048.11 1470.5 1048.51 1470.65C1048.92 1470.79 1049.38 1470.86 1049.9 1470.86C1050.43 1470.86 1050.89 1470.79 1051.29 1470.65C1051.7 1470.5 1052.01 1470.3 1052.24 1470.03C1052.46 1469.77 1052.58 1469.45 1052.58 1469.09C1052.58 1468.73 1052.46 1468.42 1052.24 1468.16C1052.01 1467.89 1051.7 1467.68 1051.3 1467.54C1050.9 1467.4 1050.43 1467.32 1049.9 1467.32ZM1051.22 1473.96V1471.75C1050.8 1471.84 1050.36 1471.88 1049.9 1471.88C1049.46 1471.88 1049.03 1471.84 1048.61 1471.75V1473.96H1051.22ZM1056.75 1475.36C1056.58 1475.36 1056.43 1475.32 1056.29 1475.24C1056.15 1475.16 1056.04 1475.05 1055.96 1474.91C1055.87 1474.77 1055.83 1474.61 1055.83 1474.45C1055.83 1474.29 1055.87 1474.14 1055.96 1474C1056.04 1473.86 1056.15 1473.75 1056.29 1473.67C1056.43 1473.59 1056.58 1473.55 1056.75 1473.55C1056.9 1473.55 1057.05 1473.59 1057.19 1473.67C1057.33 1473.75 1057.44 1473.86 1057.52 1474C1057.61 1474.14 1057.65 1474.29 1057.65 1474.45C1057.65 1474.61 1057.61 1474.77 1057.52 1474.91C1057.44 1475.05 1057.33 1475.16 1057.19 1475.24C1057.05 1475.32 1056.9 1475.36 1056.75 1475.36Z" fill="#969696"/>
<rect x="1442" y="1451.09" width="43.99" height="23.99" rx="11.995" fill="#B9B9B9"/>
<g filter="url(#filter5_dd_24_29531)">
<rect x="1444" y="1454.08" width="18" height="18" rx="9" fill="white"/>
</g>
<path d="M744.652 1549.19C744.652 1550.08 744.965 1550.95 745.59 1551.79C746.223 1552.63 747.105 1553.36 748.238 1553.96C749.379 1554.56 750.684 1554.95 752.152 1555.14L751.121 1557.25C749.34 1556.98 747.762 1556.44 746.387 1555.61C745.012 1554.77 743.977 1553.75 743.281 1552.55C742.586 1553.75 741.555 1554.77 740.188 1555.61C738.82 1556.44 737.254 1556.98 735.488 1557.25L734.457 1555.14C735.91 1554.95 737.203 1554.56 738.336 1553.96C739.469 1553.36 740.348 1552.63 740.973 1551.79C741.598 1550.95 741.91 1550.08 741.91 1549.19V1548.11H744.652V1549.19ZM752.926 1561.23H744.512V1568.62H741.934V1561.23H733.613V1559.08H752.926V1561.23ZM760.238 1548.37C761.145 1548.36 761.977 1548.52 762.734 1548.85C763.492 1549.17 764.125 1549.62 764.633 1550.22C765.148 1550.8 765.492 1551.48 765.664 1552.26H769.496V1547.43H772.098V1558.8H769.496V1554.37H765.688C765.516 1555.16 765.172 1555.85 764.656 1556.45C764.148 1557.05 763.512 1557.52 762.746 1557.86C761.98 1558.19 761.145 1558.35 760.238 1558.35C759.168 1558.35 758.207 1558.14 757.355 1557.71C756.504 1557.28 755.836 1556.68 755.352 1555.93C754.875 1555.16 754.637 1554.3 754.637 1553.34C754.637 1552.38 754.875 1551.53 755.352 1550.77C755.836 1550.01 756.504 1549.42 757.355 1549C758.207 1548.57 759.168 1548.36 760.238 1548.37ZM760.238 1550.55C759.629 1550.55 759.09 1550.66 758.621 1550.89C758.152 1551.11 757.785 1551.44 757.52 1551.86C757.254 1552.28 757.121 1552.77 757.121 1553.34C757.121 1553.89 757.254 1554.38 757.52 1554.81C757.785 1555.23 758.152 1555.56 758.621 1555.8C759.098 1556.03 759.637 1556.15 760.238 1556.15C760.824 1556.15 761.348 1556.03 761.809 1555.8C762.277 1555.56 762.641 1555.23 762.898 1554.81C763.164 1554.38 763.301 1553.89 763.309 1553.34C763.301 1552.77 763.164 1552.28 762.898 1551.86C762.641 1551.44 762.281 1551.11 761.82 1550.89C761.359 1550.66 760.832 1550.55 760.238 1550.55ZM760.707 1562.03H769.496V1559.78H772.098V1568.36H758.129V1559.78H760.707V1562.03ZM769.496 1566.25V1564.05H760.707V1566.25H769.496ZM794.457 1566.16H775.098V1564H780.23V1560.51H777.395V1553.59H789.582V1550.99H777.348V1548.88H792.16V1555.68H779.996V1558.4H792.652V1560.51H789.559V1564H794.457V1566.16ZM787.004 1564V1560.51H782.762V1564H787.004ZM819.277 1558.28H816.676V1552.91H812.457V1550.83H816.676V1547.43H819.277V1558.28ZM819.277 1564.68H807.91V1566.3H819.957V1568.36H805.355V1562.73H816.699V1561.23H805.332V1559.2H819.277V1564.68ZM809.223 1549.82C809.223 1550.7 809.414 1551.55 809.797 1552.35C810.18 1553.16 810.746 1553.87 811.496 1554.5C812.246 1555.11 813.152 1555.59 814.215 1555.91L812.832 1557.93C811.699 1557.55 810.719 1557 809.891 1556.29C809.062 1555.57 808.414 1554.72 807.945 1553.75C807.469 1554.85 806.793 1555.8 805.918 1556.61C805.051 1557.4 804.004 1558 802.777 1558.4L801.418 1556.31C802.527 1555.98 803.469 1555.48 804.242 1554.84C805.023 1554.18 805.609 1553.42 806 1552.56C806.398 1551.7 806.598 1550.79 806.598 1549.82V1548.13H809.223V1549.82ZM840.02 1560.02H837.418V1554.84H833.809V1552.7H837.418V1547.43H840.02V1560.02ZM832.848 1560.55C834.34 1560.55 835.629 1560.71 836.715 1561.04C837.809 1561.35 838.645 1561.81 839.223 1562.42C839.801 1563.02 840.09 1563.74 840.09 1564.59C840.09 1565.43 839.801 1566.15 839.223 1566.75C838.645 1567.36 837.809 1567.82 836.715 1568.14C835.629 1568.46 834.34 1568.62 832.848 1568.62C831.363 1568.62 830.078 1568.46 828.992 1568.14C827.906 1567.82 827.074 1567.36 826.496 1566.75C825.926 1566.15 825.645 1565.43 825.652 1564.59C825.645 1563.74 825.926 1563.02 826.496 1562.42C827.074 1561.81 827.906 1561.35 828.992 1561.04C830.078 1560.71 831.363 1560.55 832.848 1560.55ZM832.848 1562.55C831.363 1562.55 830.223 1562.72 829.426 1563.07C828.629 1563.42 828.23 1563.92 828.23 1564.59C828.23 1565.24 828.629 1565.74 829.426 1566.09C830.223 1566.43 831.363 1566.6 832.848 1566.6C834.332 1566.6 835.477 1566.43 836.281 1566.09C837.086 1565.74 837.488 1565.24 837.488 1564.59C837.488 1563.92 837.086 1563.42 836.281 1563.07C835.477 1562.72 834.332 1562.55 832.848 1562.55ZM830.059 1551.06C830.059 1551.94 830.25 1552.79 830.633 1553.62C831.016 1554.44 831.582 1555.18 832.332 1555.83C833.082 1556.48 833.988 1556.98 835.051 1557.34L833.738 1559.41C832.59 1559.02 831.594 1558.44 830.75 1557.68C829.914 1556.92 829.258 1556.03 828.781 1555.01C828.305 1556.16 827.625 1557.16 826.742 1558.02C825.859 1558.88 824.801 1559.52 823.566 1559.97L822.207 1557.91C823.309 1557.53 824.25 1556.99 825.031 1556.28C825.812 1555.56 826.402 1554.75 826.801 1553.85C827.207 1552.95 827.41 1552.03 827.41 1551.09V1550.92H823.004V1548.81H834.441V1550.92H830.059V1551.06Z" fill="#1D1D1D"/>
<path d="M1503.91 1559.19H1505.91V1557.19H1503.91V1559.19ZM1504.91 1543.19C1499.39 1543.19 1494.91 1547.67 1494.91 1553.19C1494.91 1558.71 1499.39 1563.19 1504.91 1563.19C1510.42 1563.19 1514.9 1558.71 1514.9 1553.19C1514.9 1547.67 1510.42 1543.19 1504.91 1543.19ZM1504.91 1561.19C1500.5 1561.19 1496.91 1557.6 1496.91 1553.19C1496.91 1548.78 1500.5 1545.19 1504.91 1545.19C1509.31 1545.19 1512.9 1548.78 1512.9 1553.19C1512.9 1557.6 1509.31 1561.19 1504.91 1561.19ZM1504.91 1547.19C1502.7 1547.19 1500.91 1548.98 1500.91 1551.19H1502.91C1502.91 1550.09 1503.81 1549.19 1504.91 1549.19C1506.01 1549.19 1506.9 1550.09 1506.9 1551.19C1506.9 1553.19 1503.91 1552.94 1503.91 1556.19H1505.91C1505.91 1553.94 1508.9 1553.69 1508.9 1551.19C1508.9 1548.98 1507.11 1547.19 1504.91 1547.19Z" fill="#8794A8"/>
<rect x="733.41" y="1596.89" width="782.99" height="73.01" rx="15.5" fill="white"/>
<rect x="733.41" y="1596.89" width="782.99" height="73.01" rx="15.5" stroke="#EEEEEE"/>
<path fill-rule="evenodd" clip-rule="evenodd" d="M777.802 1633.39C777.802 1635.51 776.96 1637.54 775.46 1639.04C773.96 1640.54 771.926 1641.38 769.805 1641.38C767.685 1641.38 765.651 1640.54 764.151 1639.04C762.651 1637.54 761.809 1635.51 761.809 1633.39C761.809 1631.27 762.651 1629.23 764.151 1627.73C765.651 1626.23 767.685 1625.39 769.805 1625.39C771.926 1625.39 773.96 1626.23 775.46 1627.73C776.96 1629.23 777.802 1631.27 777.802 1633.39ZM779.801 1633.39C779.801 1638.91 775.326 1643.38 769.805 1643.38C764.285 1643.38 759.81 1638.91 759.81 1633.39C759.81 1627.87 764.285 1623.39 769.805 1623.39C775.326 1623.39 779.801 1627.87 779.801 1633.39ZM773.159 1629.42C772.644 1629.28 772.116 1629.6 771.978 1630.15L771.373 1632.55L770.777 1630.19C770.772 1630.16 770.766 1630.14 770.759 1630.12C770.603 1629.6 770.09 1629.3 769.59 1629.44C769.415 1629.49 769.258 1629.59 769.135 1629.73C769.013 1629.87 768.93 1630.03 768.897 1630.21L768.304 1632.57L767.702 1630.18C767.564 1629.64 767.037 1629.32 766.523 1629.46C766.008 1629.61 765.703 1630.17 765.84 1630.71L766.262 1632.39H764.807C764.542 1632.39 764.288 1632.49 764.101 1632.68C763.913 1632.87 763.808 1633.12 763.808 1633.39C763.808 1633.65 763.913 1633.91 764.101 1634.09C764.288 1634.28 764.542 1634.39 764.807 1634.39H766.767L767.336 1636.65C767.474 1637.19 768.001 1637.51 768.516 1637.37C768.7 1637.33 768.869 1637.24 769.004 1637.11C769.139 1636.98 769.233 1636.81 769.276 1636.63L769.839 1634.39L770.405 1636.63C770.542 1637.17 771.069 1637.49 771.583 1637.35C771.767 1637.31 771.936 1637.22 772.071 1637.09C772.205 1636.96 772.3 1636.79 772.342 1636.61L772.904 1634.39H774.803C775.068 1634.39 775.323 1634.28 775.51 1634.09C775.698 1633.91 775.803 1633.65 775.803 1633.39C775.803 1633.12 775.698 1632.87 775.51 1632.68C775.323 1632.49 775.068 1632.39 774.803 1632.39H773.409L773.841 1630.68C773.979 1630.13 773.673 1629.57 773.159 1629.42Z" fill="#515151"/>
<path d="M801.618 1629.76C801.618 1630.35 801.826 1630.93 802.243 1631.49C802.665 1632.05 803.254 1632.54 804.009 1632.94C804.769 1633.34 805.639 1633.6 806.618 1633.73L805.931 1635.13C804.743 1634.96 803.691 1634.59 802.774 1634.04C801.858 1633.48 801.168 1632.8 800.704 1632C800.241 1632.8 799.553 1633.48 798.642 1634.04C797.73 1634.59 796.686 1634.96 795.509 1635.13L794.821 1633.73C795.79 1633.6 796.652 1633.34 797.407 1632.94C798.162 1632.54 798.748 1632.05 799.165 1631.49C799.582 1630.93 799.79 1630.35 799.79 1629.76V1629.04H801.618V1629.76ZM807.134 1637.79H801.524V1642.71H799.806V1637.79H794.259V1636.35H807.134V1637.79ZM812.009 1629.21C812.613 1629.21 813.168 1629.31 813.673 1629.53C814.178 1629.74 814.6 1630.05 814.938 1630.45C815.282 1630.84 815.511 1631.29 815.626 1631.8H818.181V1628.59H819.915V1636.16H818.181V1633.21H815.642C815.527 1633.74 815.298 1634.2 814.954 1634.6C814.616 1635 814.191 1635.32 813.681 1635.54C813.17 1635.76 812.613 1635.87 812.009 1635.87C811.295 1635.87 810.655 1635.72 810.087 1635.44C809.519 1635.15 809.074 1634.76 808.751 1634.25C808.433 1633.74 808.274 1633.16 808.274 1632.52C808.274 1631.89 808.433 1631.32 808.751 1630.81C809.074 1630.31 809.519 1629.91 810.087 1629.63C810.655 1629.35 811.295 1629.21 812.009 1629.21ZM812.009 1630.66C811.603 1630.66 811.243 1630.74 810.931 1630.89C810.618 1631.04 810.373 1631.26 810.196 1631.54C810.019 1631.82 809.931 1632.15 809.931 1632.52C809.931 1632.89 810.019 1633.22 810.196 1633.51C810.373 1633.79 810.618 1634.01 810.931 1634.16C811.248 1634.32 811.608 1634.4 812.009 1634.4C812.399 1634.4 812.748 1634.32 813.056 1634.16C813.368 1634.01 813.61 1633.79 813.782 1633.51C813.959 1633.22 814.05 1632.89 814.056 1632.52C814.05 1632.15 813.959 1631.82 813.782 1631.54C813.61 1631.26 813.371 1631.04 813.063 1630.89C812.756 1630.74 812.405 1630.66 812.009 1630.66ZM812.321 1638.32H818.181V1636.82H819.915V1642.54H810.603V1636.82H812.321V1638.32ZM818.181 1641.13V1639.66H812.321V1641.13H818.181ZM834.821 1641.07H821.915V1639.63H825.337V1637.3H823.446V1632.7H831.571V1630.96H823.415V1629.55H833.29V1634.09H825.181V1635.9H833.618V1637.3H831.556V1639.63H834.821V1641.07ZM829.853 1639.63V1637.3H827.024V1639.63H829.853Z" fill="#515151"/>
<rect x="1150.51" y="1613.79" width="340.99" height="39.2" rx="7.5" fill="white"/>
<rect x="1150.51" y="1613.79" width="340.99" height="39.2" rx="7.5" stroke="#EEEEEE"/>
<path d="M1163.39 1640.16C1162.6 1640.16 1161.92 1639.96 1161.35 1639.56C1160.78 1639.16 1160.35 1638.58 1160.04 1637.82C1159.74 1637.06 1159.59 1636.14 1159.59 1635.07C1159.59 1634.01 1159.74 1633.09 1160.04 1632.33C1160.35 1631.57 1160.78 1630.98 1161.35 1630.59C1161.92 1630.19 1162.6 1629.99 1163.39 1629.99C1164.17 1629.99 1164.85 1630.19 1165.42 1630.59C1166 1630.98 1166.43 1631.57 1166.73 1632.33C1167.04 1633.09 1167.19 1634.01 1167.19 1635.07C1167.19 1636.14 1167.04 1637.06 1166.73 1637.82C1166.43 1638.58 1166 1639.16 1165.43 1639.56C1164.86 1639.96 1164.18 1640.16 1163.39 1640.16ZM1163.39 1638.67C1163.81 1638.67 1164.17 1638.53 1164.46 1638.26C1164.77 1637.99 1165 1637.59 1165.15 1637.05C1165.32 1636.52 1165.4 1635.86 1165.4 1635.07C1165.4 1634.3 1165.32 1633.64 1165.15 1633.1C1165 1632.56 1164.77 1632.15 1164.46 1631.88C1164.16 1631.6 1163.81 1631.46 1163.39 1631.46C1162.98 1631.46 1162.62 1631.6 1162.32 1631.88C1162.02 1632.15 1161.78 1632.56 1161.62 1633.1C1161.46 1633.64 1161.38 1634.3 1161.38 1635.07C1161.38 1635.86 1161.46 1636.52 1161.62 1637.05C1161.78 1637.59 1162.01 1637.99 1162.31 1638.26C1162.61 1638.53 1162.97 1638.67 1163.39 1638.67Z" fill="#404040"/>
<path d="M1474.68 1636.41H1473.15V1635.33H1470.73V1634.27H1473.15V1627.06H1474.68V1636.41ZM1474.97 1639.16H1465.91V1635.51H1467.42V1637.93H1474.97V1639.16ZM1464.27 1632.61C1465.87 1632.6 1467.31 1632.58 1468.59 1632.53C1469.86 1632.49 1471.08 1632.39 1472.24 1632.24L1472.32 1633.34C1471.33 1633.5 1470.29 1633.62 1469.2 1633.69V1636.07H1467.68V1633.78C1466.8 1633.81 1465.73 1633.83 1464.46 1633.83L1464.27 1632.61ZM1468.3 1627.51C1468.9 1627.51 1469.42 1627.61 1469.88 1627.79C1470.35 1627.98 1470.71 1628.23 1470.97 1628.57C1471.24 1628.89 1471.37 1629.27 1471.38 1629.7C1471.37 1630.14 1471.24 1630.52 1470.98 1630.85C1470.72 1631.18 1470.36 1631.43 1469.89 1631.61C1469.43 1631.79 1468.9 1631.88 1468.3 1631.88C1467.69 1631.88 1467.15 1631.79 1466.69 1631.61C1466.22 1631.43 1465.86 1631.18 1465.6 1630.85C1465.34 1630.52 1465.21 1630.14 1465.21 1629.7C1465.21 1629.27 1465.34 1628.89 1465.6 1628.57C1465.86 1628.23 1466.22 1627.98 1466.69 1627.79C1467.15 1627.61 1467.69 1627.51 1468.3 1627.51ZM1468.3 1628.63C1467.8 1628.63 1467.4 1628.73 1467.1 1628.92C1466.79 1629.11 1466.64 1629.37 1466.64 1629.7C1466.64 1630.03 1466.79 1630.3 1467.1 1630.49C1467.4 1630.67 1467.8 1630.77 1468.3 1630.77C1468.78 1630.77 1469.17 1630.67 1469.47 1630.48C1469.77 1630.29 1469.92 1630.03 1469.93 1629.7C1469.92 1629.37 1469.77 1629.11 1469.47 1628.92C1469.17 1628.73 1468.78 1628.63 1468.3 1628.63Z" fill="#515151"/>
<rect x="733.41" y="1686.89" width="782.99" height="72.81" rx="15.5" fill="white"/>
<rect x="733.41" y="1686.89" width="782.99" height="72.81" rx="15.5" stroke="#EEEEEE"/>
<path fill-rule="evenodd" clip-rule="evenodd" d="M774.803 1715.29C774.803 1715.02 774.698 1714.77 774.51 1714.58C774.323 1714.39 774.069 1714.29 773.804 1714.29C773.539 1714.29 773.284 1714.39 773.097 1714.58C772.909 1714.77 772.804 1715.02 772.804 1715.29V1724.45C772.219 1724.66 771.712 1725.04 771.353 1725.55C770.995 1726.06 770.802 1726.66 770.802 1727.28C770.802 1727.9 770.995 1728.51 771.353 1729.02C771.712 1729.52 772.219 1729.91 772.804 1730.11V1730.28H766.807V1730.11C767.392 1729.91 767.899 1729.52 768.257 1729.02C768.616 1728.51 768.808 1727.9 768.808 1727.28C768.808 1726.66 768.616 1726.06 768.257 1725.55C767.899 1725.04 767.392 1724.66 766.807 1724.45V1724.11C767.392 1723.91 767.899 1723.53 768.257 1723.02C768.616 1722.51 768.808 1721.91 768.808 1721.29C768.808 1720.67 768.616 1720.06 768.257 1719.55C767.899 1719.05 767.392 1718.66 766.807 1718.46V1715.29C766.807 1715.02 766.701 1714.77 766.514 1714.58C766.326 1714.39 766.072 1714.29 765.807 1714.29C765.542 1714.29 765.288 1714.39 765.1 1714.58C764.913 1714.77 764.807 1715.02 764.807 1715.29V1718.46C764.222 1718.66 763.715 1719.05 763.357 1719.55C762.998 1720.06 762.806 1720.67 762.806 1721.29C762.806 1721.91 762.998 1722.51 763.357 1723.02C763.715 1723.53 764.222 1723.91 764.807 1724.11V1724.45C764.222 1724.66 763.715 1725.04 763.357 1725.55C762.998 1726.06 762.806 1726.66 762.806 1727.28C762.806 1727.9 762.998 1728.51 763.357 1729.02C763.715 1729.52 764.222 1729.91 764.807 1730.11V1730.28H761.809C761.544 1730.28 761.289 1730.39 761.102 1730.58C760.914 1730.76 760.809 1731.02 760.809 1731.28C760.809 1731.55 760.914 1731.8 761.102 1731.99C761.289 1732.18 761.544 1732.28 761.809 1732.28H777.802C778.067 1732.28 778.321 1732.18 778.509 1731.99C778.696 1731.8 778.802 1731.55 778.802 1731.28C778.802 1731.02 778.696 1730.76 778.509 1730.58C778.321 1730.39 778.067 1730.28 777.802 1730.28H774.803V1730.11C775.389 1729.91 775.895 1729.52 776.254 1729.02C776.612 1728.51 776.805 1727.9 776.805 1727.28C776.805 1726.66 776.612 1726.06 776.254 1725.55C775.895 1725.04 775.389 1724.66 774.803 1724.45V1715.29ZM766.807 1727.28C766.807 1727.55 766.701 1727.8 766.514 1727.99C766.326 1728.18 766.072 1728.28 765.807 1728.28C765.542 1728.28 765.288 1728.18 765.1 1727.99C764.913 1727.8 764.807 1727.55 764.807 1727.28C764.807 1727.02 764.913 1726.76 765.1 1726.58C765.288 1726.39 765.542 1726.28 765.807 1726.28C766.072 1726.28 766.326 1726.39 766.514 1726.58C766.701 1726.76 766.807 1727.02 766.807 1727.28ZM774.803 1727.28C774.803 1727.55 774.698 1727.8 774.51 1727.99C774.323 1728.18 774.069 1728.28 773.804 1728.28C773.539 1728.28 773.284 1728.18 773.097 1727.99C772.909 1727.8 772.804 1727.55 772.804 1727.28C772.804 1727.02 772.909 1726.76 773.097 1726.58C773.284 1726.39 773.539 1726.28 773.804 1726.28C774.069 1726.28 774.323 1726.39 774.51 1726.58C774.698 1726.76 774.803 1727.02 774.803 1727.28ZM766.807 1721.29C766.807 1721.55 766.701 1721.81 766.514 1721.99C766.326 1722.18 766.072 1722.29 765.807 1722.29C765.542 1722.29 765.288 1722.18 765.1 1721.99C764.913 1721.81 764.807 1721.55 764.807 1721.29C764.807 1721.02 764.913 1720.77 765.1 1720.58C765.288 1720.39 765.542 1720.29 765.807 1720.29C766.072 1720.29 766.326 1720.39 766.514 1720.58C766.701 1720.77 766.807 1721.02 766.807 1721.29Z" fill="#515151"/>
<path d="M799.587 1722.5C799.587 1723.28 799.733 1724.05 800.024 1724.81C800.321 1725.56 800.743 1726.24 801.29 1726.85C801.842 1727.44 802.488 1727.9 803.228 1728.21L802.274 1729.58C801.457 1729.23 800.746 1728.71 800.142 1728.01C799.537 1727.31 799.069 1726.5 798.735 1725.58C798.402 1726.57 797.931 1727.45 797.321 1728.21C796.717 1728.97 796.009 1729.54 795.196 1729.92L794.196 1728.56C794.92 1728.23 795.556 1727.74 796.103 1727.1C796.655 1726.45 797.079 1725.73 797.376 1724.92C797.673 1724.12 797.821 1723.31 797.821 1722.5V1721.31H794.712V1719.88H802.681V1721.31H799.587V1722.5ZM806.009 1732.61H804.259V1718.49H806.009V1732.61ZM811.384 1728.16H817.649V1726.53H819.368V1732.44H809.681V1726.53H811.384V1728.16ZM817.649 1731.03V1729.5H811.384V1731.03H817.649ZM819.415 1720.19C819.415 1720.92 819.394 1721.57 819.353 1722.14C819.316 1722.71 819.222 1723.36 819.071 1724.1H820.993V1725.49H808.087V1724.1H817.353C817.488 1723.42 817.576 1722.81 817.618 1722.25C817.66 1721.69 817.681 1721.1 817.681 1720.49H809.681V1719.1H819.415V1720.19ZM832.134 1718.67C833.181 1718.67 834.084 1718.78 834.845 1718.99C835.605 1719.19 836.191 1719.49 836.603 1719.88C837.014 1720.28 837.222 1720.76 837.228 1721.31C837.222 1721.81 837.05 1722.25 836.712 1722.63C836.373 1723 835.886 1723.29 835.251 1723.52C834.616 1723.74 833.858 1723.87 832.978 1723.92V1724.97H838.587V1726.38H825.712V1724.97H831.274V1723.92C830.405 1723.86 829.652 1723.73 829.017 1723.51C828.381 1723.29 827.892 1723 827.548 1722.63C827.209 1722.25 827.04 1721.81 827.04 1721.31C827.04 1720.76 827.246 1720.28 827.657 1719.88C828.074 1719.49 828.665 1719.19 829.431 1718.99C830.196 1718.78 831.097 1718.67 832.134 1718.67ZM832.134 1719.99C831.087 1719.98 830.277 1720.09 829.704 1720.32C829.131 1720.56 828.847 1720.89 828.853 1721.31C828.842 1721.73 829.123 1722.05 829.696 1722.28C830.274 1722.51 831.087 1722.63 832.134 1722.63C833.175 1722.63 833.985 1722.51 834.563 1722.28C835.142 1722.05 835.431 1721.73 835.431 1721.31C835.431 1720.89 835.142 1720.56 834.563 1720.32C833.985 1720.09 833.175 1719.98 832.134 1719.99ZM828.978 1728.35H835.243V1727.06H836.993V1732.44H827.259V1727.06H828.978V1728.35ZM835.243 1731.03V1729.67H828.978V1731.03H835.243ZM844.681 1720.99C844.681 1721.66 844.806 1722.31 845.056 1722.93C845.306 1723.56 845.675 1724.12 846.165 1724.61C846.66 1725.1 847.259 1725.48 847.962 1725.74L846.993 1727.08C846.254 1726.79 845.613 1726.36 845.071 1725.81C844.535 1725.25 844.116 1724.6 843.813 1723.85C843.506 1724.64 843.066 1725.34 842.493 1725.93C841.925 1726.52 841.243 1726.97 840.446 1727.28L839.509 1725.91C840.238 1725.64 840.858 1725.26 841.368 1724.76C841.884 1724.26 842.272 1723.68 842.532 1723.03C842.793 1722.38 842.925 1721.7 842.931 1720.99V1719.3H844.681V1720.99ZM851.368 1728.99H849.634V1724.61H847.056V1723.22H849.634V1721.83H847.056V1720.42H849.634V1718.5H851.368V1728.99ZM851.681 1732.33H842.056V1727.96H843.821V1730.92H851.681V1732.33Z" fill="#515151"/>
<rect x="1372" y="1707.3" width="113.99" height="38" rx="8" fill="#F7F7F7"/>
<path d="M1414.93 1730.64H1403.64V1729.39H1408.52V1726.55H1410.04V1729.39H1414.93V1730.64ZM1413.96 1722.01H1410.07C1410.08 1722.6 1410.28 1723.16 1410.66 1723.69C1411.05 1724.22 1411.57 1724.68 1412.24 1725.05C1412.9 1725.43 1413.65 1725.67 1414.48 1725.8L1413.88 1727C1412.83 1726.81 1411.9 1726.45 1411.08 1725.92C1410.28 1725.39 1409.68 1724.74 1409.28 1723.98C1408.88 1724.76 1408.28 1725.42 1407.48 1725.96C1406.68 1726.5 1405.76 1726.87 1404.73 1727.07L1404.13 1725.87C1404.94 1725.73 1405.67 1725.47 1406.33 1725.09C1406.98 1724.7 1407.5 1724.24 1407.88 1723.71C1408.26 1723.16 1408.45 1722.6 1408.47 1722.01H1404.58V1720.77H1413.96V1722.01ZM1426.09 1728.85H1424.57V1724.69H1422.19V1723.43H1424.57V1719.78H1426.09V1728.85ZM1422.27 1720.71C1422.27 1721.78 1422.05 1722.77 1421.59 1723.66C1421.14 1724.56 1420.48 1725.33 1419.62 1726C1418.76 1726.65 1417.74 1727.17 1416.55 1727.55L1415.9 1726.33C1416.79 1726.05 1417.57 1725.69 1418.24 1725.26C1418.92 1724.82 1419.46 1724.32 1419.86 1723.77C1420.27 1723.21 1420.52 1722.6 1420.62 1721.96H1416.55V1720.71H1422.27ZM1426.4 1731.88H1418.04V1727.93H1419.58V1730.65H1426.4V1731.88ZM1442.43 1728.44H1437.53V1732.14H1436.03V1728.44H1431.16V1727.19H1442.43V1728.44ZM1441.37 1722.43H1437.56C1437.61 1722.85 1437.82 1723.25 1438.18 1723.64C1438.54 1724.04 1439.03 1724.38 1439.65 1724.66C1440.28 1724.95 1440.99 1725.14 1441.78 1725.24L1441.22 1726.44C1440.22 1726.31 1439.33 1726.04 1438.56 1725.63C1437.79 1725.21 1437.2 1724.69 1436.79 1724.09C1436.38 1724.7 1435.78 1725.21 1435.01 1725.63C1434.24 1726.04 1433.34 1726.31 1432.32 1726.44L1431.78 1725.24C1432.57 1725.14 1433.29 1724.95 1433.91 1724.67C1434.53 1724.38 1435.03 1724.04 1435.39 1723.65C1435.76 1723.26 1435.96 1722.85 1436.01 1722.43H1432.2V1721.23H1436.03V1719.78H1437.53V1721.23H1441.37V1722.43ZM1452.94 1724.59H1454.77V1725.87H1452.94V1732.1H1451.42V1719.77H1452.94V1724.59ZM1449.67 1721.05C1449.67 1725.11 1447.8 1728.06 1444.05 1729.9L1443.19 1728.72C1444.7 1727.98 1445.86 1727.07 1446.67 1726.01C1447.49 1724.95 1447.98 1723.71 1448.14 1722.31H1443.86V1721.05H1449.67Z" fill="#404040"/>
<mask id="path-198-inside-1_24_29531" fill="white">
<path d="M250 1840.18H1731.82V1918.18H250V1840.18Z"/>
</mask>
<path d="M250 1840.18H1731.82V1918.18H250V1840.18Z" fill="white" fill-opacity="0.8"/>
<path d="M250 1840.18V1841.09H1731.82V1840.18V1839.27H250V1840.18Z" fill="#EEEEEE" mask="url(#path-198-inside-1_24_29531)"/>
<rect x="1443.82" y="1859.63" width="248" height="40" rx="8" fill="#F36F2F"/>
<path d="M1546.19 1873C1546.19 1873.59 1546.4 1874.17 1546.82 1874.73C1547.24 1875.29 1547.83 1875.77 1548.58 1876.18C1549.34 1876.58 1550.21 1876.84 1551.19 1876.96L1550.51 1878.37C1549.32 1878.19 1548.27 1877.83 1547.35 1877.28C1546.43 1876.72 1545.74 1876.04 1545.28 1875.24C1544.82 1876.04 1544.13 1876.72 1543.22 1877.28C1542.31 1877.83 1541.26 1878.19 1540.08 1878.37L1539.4 1876.96C1540.37 1876.84 1541.23 1876.58 1541.98 1876.18C1542.74 1875.77 1543.32 1875.29 1543.74 1874.73C1544.16 1874.17 1544.37 1873.59 1544.37 1873V1872.28H1546.19V1873ZM1551.71 1881.03H1546.1V1885.95H1544.38V1881.03H1538.83V1879.59H1551.71V1881.03ZM1556.58 1872.45C1557.19 1872.44 1557.74 1872.55 1558.25 1872.77C1558.75 1872.98 1559.18 1873.29 1559.51 1873.68C1559.86 1874.07 1560.09 1874.53 1560.2 1875.04H1562.76V1871.82H1564.49V1879.4H1562.76V1876.45H1560.22C1560.1 1876.98 1559.87 1877.44 1559.53 1877.84C1559.19 1878.24 1558.77 1878.55 1558.26 1878.78C1557.75 1879 1557.19 1879.11 1556.58 1879.11C1555.87 1879.11 1555.23 1878.96 1554.66 1878.68C1554.09 1878.39 1553.65 1877.99 1553.33 1877.49C1553.01 1876.98 1552.85 1876.4 1552.85 1875.76C1552.85 1875.13 1553.01 1874.56 1553.33 1874.05C1553.65 1873.55 1554.09 1873.15 1554.66 1872.87C1555.23 1872.58 1555.87 1872.44 1556.58 1872.45ZM1556.58 1873.9C1556.18 1873.9 1555.82 1873.98 1555.51 1874.13C1555.19 1874.28 1554.95 1874.5 1554.77 1874.78C1554.59 1875.06 1554.51 1875.39 1554.51 1875.76C1554.51 1876.13 1554.59 1876.46 1554.77 1876.75C1554.95 1877.03 1555.19 1877.25 1555.51 1877.4C1555.82 1877.56 1556.18 1877.64 1556.58 1877.64C1556.97 1877.64 1557.32 1877.56 1557.63 1877.4C1557.94 1877.25 1558.19 1877.03 1558.36 1876.75C1558.53 1876.46 1558.63 1876.13 1558.63 1875.76C1558.63 1875.39 1558.53 1875.06 1558.36 1874.78C1558.19 1874.5 1557.95 1874.28 1557.64 1874.13C1557.33 1873.98 1556.98 1873.9 1556.58 1873.9ZM1556.9 1881.56H1562.76V1880.06H1564.49V1885.78H1555.18V1880.06H1556.9V1881.56ZM1562.76 1884.37V1882.9H1556.9V1884.37H1562.76ZM1582.13 1885.96H1580.4V1878.25H1577.68V1876.82H1580.4V1871.82H1582.13V1885.96ZM1575.47 1875.57C1575.47 1876.4 1575.62 1877.21 1575.9 1878.01C1576.19 1878.81 1576.6 1879.53 1577.15 1880.17C1577.69 1880.8 1578.33 1881.27 1579.07 1881.59L1578.04 1882.98C1577.24 1882.6 1576.54 1882.04 1575.96 1881.31C1575.38 1880.57 1574.93 1879.73 1574.61 1878.76C1574.28 1879.78 1573.83 1880.69 1573.23 1881.47C1572.64 1882.26 1571.95 1882.86 1571.15 1883.26L1570.1 1881.9C1570.83 1881.56 1571.47 1881.06 1572.01 1880.39C1572.56 1879.73 1572.98 1878.98 1573.26 1878.14C1573.56 1877.3 1573.7 1876.44 1573.71 1875.57V1874.64H1570.68V1873.21H1578.51V1874.64H1575.47V1875.57ZM1589.18 1874.37C1589.18 1874.96 1589.3 1875.52 1589.55 1876.05C1589.81 1876.58 1590.19 1877.05 1590.69 1877.46C1591.19 1877.87 1591.79 1878.18 1592.51 1878.4L1591.68 1879.76C1590.9 1879.52 1590.23 1879.16 1589.66 1878.68C1589.1 1878.2 1588.66 1877.64 1588.34 1876.99C1588.02 1877.74 1587.57 1878.4 1586.97 1878.96C1586.38 1879.51 1585.67 1879.93 1584.83 1880.21L1583.96 1878.84C1584.7 1878.6 1585.33 1878.25 1585.85 1877.79C1586.37 1877.33 1586.76 1876.81 1587.03 1876.22C1587.29 1875.63 1587.43 1875.02 1587.43 1874.39V1874.21H1584.44V1872.81H1592.12V1874.21H1589.18V1874.37ZM1595.26 1875.21H1597.22V1876.64H1595.26V1880.25H1593.52V1871.82H1595.26V1875.21ZM1590.66 1880.56C1591.63 1880.56 1592.47 1880.67 1593.18 1880.88C1593.89 1881.09 1594.44 1881.39 1594.82 1881.79C1595.2 1882.19 1595.39 1882.67 1595.4 1883.23C1595.39 1883.79 1595.2 1884.28 1594.81 1884.68C1594.43 1885.09 1593.89 1885.4 1593.18 1885.61C1592.47 1885.83 1591.63 1885.93 1590.66 1885.93C1589.68 1885.93 1588.83 1885.83 1588.12 1885.61C1587.4 1885.4 1586.84 1885.09 1586.46 1884.68C1586.07 1884.28 1585.88 1883.79 1585.88 1883.23C1585.88 1882.67 1586.07 1882.19 1586.46 1881.79C1586.84 1881.39 1587.4 1881.09 1588.12 1880.88C1588.83 1880.67 1589.68 1880.56 1590.66 1880.56ZM1590.66 1881.92C1589.69 1881.92 1588.94 1882.03 1588.4 1882.25C1587.88 1882.48 1587.62 1882.8 1587.62 1883.23C1587.62 1883.67 1587.88 1884 1588.4 1884.23C1588.94 1884.46 1589.69 1884.57 1590.66 1884.57C1591.64 1884.57 1592.38 1884.46 1592.9 1884.23C1593.42 1884 1593.68 1883.67 1593.68 1883.23C1593.68 1882.8 1593.42 1882.48 1592.9 1882.25C1592.38 1882.03 1591.64 1881.92 1590.66 1881.92Z" fill="white"/>
<path d="M250 0H1731.82V63.99H250V0Z" fill="white"/>
<path d="M299.785 27.7266C299.785 28.4688 300.046 29.1914 300.566 29.8945C301.094 30.5977 301.829 31.1999 302.773 31.7012C303.724 32.2025 304.811 32.5312 306.035 32.6875L305.176 34.4453C303.691 34.224 302.376 33.7682 301.23 33.0781C300.085 32.3815 299.222 31.5319 298.643 30.5293C298.063 31.5319 297.204 32.3815 296.064 33.0781C294.925 33.7682 293.62 34.224 292.148 34.4453L291.289 32.6875C292.5 32.5312 293.577 32.2025 294.521 31.7012C295.465 31.1999 296.198 30.5977 296.719 29.8945C297.24 29.1914 297.5 28.4688 297.5 27.7266V26.8281H299.785V27.7266ZM306.68 37.7656H299.668V43.918H297.52V37.7656H290.586V35.9688H306.68V37.7656ZM312.773 27.043C313.529 27.0365 314.222 27.1699 314.854 27.4434C315.485 27.7103 316.012 28.0911 316.436 28.5859C316.865 29.0742 317.152 29.6406 317.295 30.2852H320.488V26.2617H322.656V35.7344H320.488V32.043H317.314C317.171 32.7005 316.885 33.2799 316.455 33.7812C316.032 34.2826 315.501 34.6732 314.863 34.9531C314.225 35.2266 313.529 35.3633 312.773 35.3633C311.882 35.3633 311.081 35.1842 310.371 34.8262C309.661 34.4681 309.105 33.9733 308.701 33.3418C308.304 32.7038 308.105 31.9844 308.105 31.1836C308.105 30.3893 308.304 29.6764 308.701 29.0449C309.105 28.4134 309.661 27.9219 310.371 27.5703C311.081 27.2122 311.882 27.0365 312.773 27.043ZM312.773 28.8594C312.266 28.8594 311.816 28.9538 311.426 29.1426C311.035 29.3314 310.729 29.6016 310.508 29.9531C310.286 30.3047 310.176 30.7148 310.176 31.1836C310.176 31.6458 310.286 32.056 310.508 32.4141C310.729 32.7656 311.035 33.0391 311.426 33.2344C311.823 33.4297 312.272 33.5273 312.773 33.5273C313.262 33.5273 313.698 33.4297 314.082 33.2344C314.473 33.0391 314.775 32.7656 314.99 32.4141C315.212 32.056 315.326 31.6458 315.332 31.1836C315.326 30.7148 315.212 30.3047 314.99 29.9531C314.775 29.6016 314.476 29.3314 314.092 29.1426C313.708 28.9538 313.268 28.8594 312.773 28.8594ZM313.164 38.4297H320.488V36.5547H322.656V43.7031H311.016V36.5547H313.164V38.4297ZM320.488 41.9453V40.1094H313.164V41.9453H320.488ZM345.996 38.6445H339.004V43.9375H336.855V38.6445H329.902V36.8672H345.996V38.6445ZM344.492 30.0703H339.043C339.115 30.6628 339.408 31.2389 339.922 31.7988C340.436 32.3587 341.139 32.8438 342.031 33.2539C342.923 33.6641 343.939 33.9375 345.078 34.0742L344.277 35.793C342.845 35.6107 341.576 35.2233 340.469 34.6309C339.368 34.0319 338.525 33.2995 337.939 32.4336C337.354 33.306 336.507 34.0384 335.4 34.6309C334.294 35.2233 333.014 35.6107 331.562 35.793L330.781 34.0742C331.921 33.9375 332.936 33.6673 333.828 33.2637C334.72 32.8535 335.426 32.3685 335.947 31.8086C336.468 31.2487 336.764 30.6693 336.836 30.0703H331.387V28.3516H336.855V26.2812H339.004V28.3516H344.492V30.0703ZM361.016 33.1562H363.633V34.9727H361.016V43.8789H358.848V26.2617H361.016V33.1562ZM356.348 28.0977C356.348 33.8919 353.672 38.1042 348.32 40.7344L347.09 39.0547C349.238 37.987 350.895 36.6947 352.061 35.1777C353.232 33.6608 353.929 31.8997 354.15 29.8945H348.047V28.0977H356.348Z" fill="#1D1D1D"/>
<rect x="387.74" y="15.54" width="179.8" height="31.99" rx="8" fill="#F7F7F7"/>
<path d="M413.98 27.7852C413.98 28.5234 413.971 29.1592 413.953 29.6924C413.939 30.221 413.901 30.8271 413.837 31.5107C413.773 32.1943 413.671 32.9395 413.529 33.7461L411.984 33.6094C412.135 32.8574 412.244 32.1465 412.312 31.4766C412.381 30.8021 412.422 30.2005 412.436 29.6719C412.454 29.1387 412.463 28.5098 412.463 27.7852V27.6211H405.34V26.3906H413.98V27.7852ZM415.416 35.8516H404.15V34.6074H415.416V35.8516ZM427.529 32.4199H422.621V33.6504H421.117V32.4199H416.236V31.2168H427.529V32.4199ZM419.189 34.1699H424.645V33.0488H426.148V37.3965H417.686V33.0488H419.189V34.1699ZM424.645 36.2344V35.3047H419.189V36.2344H424.645ZM426.135 28.4551H419.176V29.3301H426.381V30.4648H417.672V27.375H424.617V26.5547H417.631V25.4062H426.135V28.4551ZM438.111 26.2129C438.111 26.7324 438.294 27.2383 438.658 27.7305C439.027 28.2227 439.542 28.6442 440.203 28.9951C440.868 29.346 441.63 29.5762 442.486 29.6855L441.885 30.916C440.846 30.7611 439.925 30.4421 439.123 29.959C438.321 29.4714 437.717 28.8766 437.312 28.1748C436.906 28.8766 436.304 29.4714 435.507 29.959C434.709 30.4421 433.796 30.7611 432.766 30.916L432.164 29.6855C433.012 29.5762 433.766 29.346 434.427 28.9951C435.088 28.6442 435.6 28.2227 435.965 27.7305C436.329 27.2383 436.512 26.7324 436.512 26.2129V25.584H438.111V26.2129ZM442.938 33.2402H438.029V37.5469H436.525V33.2402H431.672V31.9824H442.938V33.2402ZM447.203 25.7344C447.732 25.7298 448.217 25.8232 448.659 26.0146C449.101 26.2015 449.47 26.4681 449.767 26.8145C450.067 27.1562 450.268 27.5527 450.368 28.0039H452.604V25.1875H454.121V31.8184H452.604V29.2344H450.382C450.282 29.6947 450.081 30.1003 449.78 30.4512C449.484 30.8021 449.113 31.0755 448.666 31.2715C448.219 31.4629 447.732 31.5586 447.203 31.5586C446.579 31.5586 446.018 31.4333 445.521 31.1826C445.025 30.932 444.635 30.5856 444.353 30.1436C444.075 29.6969 443.936 29.1934 443.936 28.6328C443.936 28.0768 444.075 27.5778 444.353 27.1357C444.635 26.6937 445.025 26.3496 445.521 26.1035C446.018 25.8529 446.579 25.7298 447.203 25.7344ZM447.203 27.0059C446.848 27.0059 446.533 27.0719 446.26 27.2041C445.986 27.3363 445.772 27.5254 445.617 27.7715C445.462 28.0176 445.385 28.3047 445.385 28.6328C445.385 28.9564 445.462 29.2435 445.617 29.4941C445.772 29.7402 445.986 29.9316 446.26 30.0684C446.538 30.2051 446.852 30.2734 447.203 30.2734C447.545 30.2734 447.85 30.2051 448.119 30.0684C448.393 29.9316 448.604 29.7402 448.755 29.4941C448.91 29.2435 448.99 28.9564 448.994 28.6328C448.99 28.3047 448.91 28.0176 448.755 27.7715C448.604 27.5254 448.395 27.3363 448.126 27.2041C447.857 27.0719 447.549 27.0059 447.203 27.0059ZM447.477 33.7051H452.604V32.3926H454.121V37.3965H445.973V32.3926H447.477V33.7051ZM452.604 36.166V34.8809H447.477V36.166H452.604Z" fill="#4572B5"/>
<g clip-path="url(#clip20_24_29531)">
<g clip-path="url(#clip21_24_29531)">
<g clip-path="url(#clip22_24_29531)">
<mask id="mask7_24_29531" style="mask-type:luminance" maskUnits="userSpaceOnUse" x="471" y="25" width="13" height="13">
<path d="M483.64 25.54H471.65V37.53H483.64V25.54Z" fill="white"/>
</mask>
<g mask="url(#mask7_24_29531)">
<path d="M474.568 35.5964L475.457 36.4806L480.398 31.5347L475.452 26.5889L474.568 27.4731L478.629 31.5347L474.568 35.5964Z" fill="#E1E1E1"/>
</g>
</g>
</g>
</g>
<path d="M506.48 26.2129C506.48 26.7324 506.662 27.2383 507.027 27.7305C507.396 28.2227 507.911 28.6442 508.572 28.9951C509.237 29.346 509.998 29.5762 510.855 29.6855L510.253 30.916C509.214 30.7611 508.294 30.4421 507.492 29.959C506.69 29.4714 506.086 28.8766 505.68 28.1748C505.275 28.8766 504.673 29.4714 503.875 29.959C503.078 30.4421 502.164 30.7611 501.134 30.916L500.533 29.6855C501.38 29.5762 502.135 29.346 502.795 28.9951C503.456 28.6442 503.969 28.2227 504.333 27.7305C504.698 27.2383 504.88 26.7324 504.88 26.2129V25.584H506.48V26.2129ZM511.306 33.2402H506.398V37.5469H504.894V33.2402H500.041V31.9824H511.306V33.2402ZM515.572 25.7344C516.1 25.7298 516.586 25.8232 517.028 26.0146C517.47 26.2015 517.839 26.4681 518.135 26.8145C518.436 27.1562 518.637 27.5527 518.737 28.0039H520.972V25.1875H522.49V31.8184H520.972V29.2344H518.75C518.65 29.6947 518.45 30.1003 518.149 30.4512C517.853 30.8021 517.481 31.0755 517.035 31.2715C516.588 31.4629 516.1 31.5586 515.572 31.5586C514.947 31.5586 514.387 31.4333 513.89 31.1826C513.393 30.932 513.004 30.5856 512.721 30.1436C512.443 29.6969 512.304 29.1934 512.304 28.6328C512.304 28.0768 512.443 27.5778 512.721 27.1357C513.004 26.6937 513.393 26.3496 513.89 26.1035C514.387 25.8529 514.947 25.7298 515.572 25.7344ZM515.572 27.0059C515.216 27.0059 514.902 27.0719 514.628 27.2041C514.355 27.3363 514.141 27.5254 513.986 27.7715C513.831 28.0176 513.753 28.3047 513.753 28.6328C513.753 28.9564 513.831 29.2435 513.986 29.4941C514.141 29.7402 514.355 29.9316 514.628 30.0684C514.906 30.2051 515.221 30.2734 515.572 30.2734C515.914 30.2734 516.219 30.2051 516.488 30.0684C516.761 29.9316 516.973 29.7402 517.124 29.4941C517.278 29.2435 517.358 28.9564 517.363 28.6328C517.358 28.3047 517.278 28.0176 517.124 27.7715C516.973 27.5254 516.764 27.3363 516.495 27.2041C516.226 27.0719 515.918 27.0059 515.572 27.0059ZM515.845 33.7051H520.972V32.3926H522.49V37.3965H514.341V32.3926H515.845V33.7051ZM520.972 36.166V34.8809H515.845V36.166H520.972ZM538.828 33.8555H533.933V37.5605H532.429V33.8555H527.562V32.6113H538.828V33.8555ZM537.775 27.8535H533.96C534.011 28.2682 534.216 28.6715 534.576 29.0635C534.936 29.4554 535.428 29.7949 536.052 30.082C536.677 30.3691 537.388 30.5605 538.185 30.6562L537.625 31.8594C536.622 31.7318 535.733 31.4606 534.958 31.0459C534.188 30.6266 533.598 30.1139 533.188 29.5078C532.778 30.1185 532.185 30.6312 531.411 31.0459C530.636 31.4606 529.74 31.7318 528.724 31.8594L528.177 30.6562C528.975 30.5605 529.686 30.3714 530.31 30.0889C530.934 29.8018 531.429 29.4622 531.793 29.0703C532.158 28.6784 532.365 28.2728 532.416 27.8535H528.601V26.6504H532.429V25.2012H533.933V26.6504H537.775V27.8535ZM549.341 30.0137H551.173V31.2852H549.341V37.5195H547.824V25.1875H549.341V30.0137ZM546.074 26.4727C546.074 30.5286 544.201 33.4772 540.455 35.3184L539.593 34.1426C541.097 33.3952 542.257 32.4906 543.073 31.4287C543.893 30.3669 544.381 29.1341 544.536 27.7305H540.263V26.4727H546.074Z" fill="#B9B9B9"/>
<rect x="1258.8" y="14.04" width="127" height="34.99" rx="7.5" stroke="#515151"/>
<g clip-path="url(#clip23_24_29531)">
<g clip-path="url(#clip24_24_29531)">
<path fill-rule="evenodd" clip-rule="evenodd" d="M1288.57 31.5251C1288.57 37.0456 1284.09 41.521 1278.57 41.521C1273.05 41.521 1268.58 37.0456 1268.58 31.5251C1268.58 26.0046 1273.05 21.5293 1278.57 21.5293C1284.09 21.5293 1288.57 26.0046 1288.57 31.5251ZM1279.57 27.5268C1279.57 28.0789 1279.13 28.5264 1278.57 28.5264C1278.02 28.5264 1277.57 28.0789 1277.57 27.5268C1277.57 26.9747 1278.02 26.5272 1278.57 26.5272C1279.13 26.5272 1279.57 26.9747 1279.57 27.5268ZM1278.57 29.526C1278.02 29.526 1277.57 29.9735 1277.57 30.5255V35.5235C1277.57 36.0755 1278.02 36.523 1278.57 36.523C1279.13 36.523 1279.57 36.0755 1279.57 35.5235V30.5255C1279.57 29.9735 1279.13 29.526 1278.57 29.526Z" fill="#515151"/>
</g>
</g>
<path d="M1301.89 25.8711C1302.44 25.8711 1302.93 25.9919 1303.35 26.2334C1303.79 26.4704 1304.13 26.8053 1304.37 27.2383C1304.61 27.6712 1304.74 28.1634 1304.74 28.7148C1304.74 29.2617 1304.61 29.7516 1304.37 30.1846C1304.13 30.6175 1303.79 30.9548 1303.35 31.1963C1302.93 31.4378 1302.44 31.5586 1301.89 31.5586C1301.35 31.5586 1300.86 31.4378 1300.43 31.1963C1300 30.9548 1299.67 30.6175 1299.42 30.1846C1299.18 29.7516 1299.06 29.2617 1299.06 28.7148C1299.06 28.1634 1299.18 27.6712 1299.42 27.2383C1299.67 26.8053 1300 26.4704 1300.43 26.2334C1300.86 25.9919 1301.35 25.8711 1301.89 25.8711ZM1301.89 27.1016C1301.6 27.1016 1301.35 27.1676 1301.13 27.2998C1300.9 27.4274 1300.73 27.6143 1300.61 27.8604C1300.48 28.1019 1300.42 28.3867 1300.43 28.7148C1300.42 29.0339 1300.48 29.3141 1300.61 29.5557C1300.73 29.7926 1300.9 29.9772 1301.13 30.1094C1301.35 30.237 1301.6 30.3008 1301.89 30.3008C1302.17 30.3008 1302.43 30.237 1302.64 30.1094C1302.87 29.9772 1303.04 29.7926 1303.16 29.5557C1303.29 29.3141 1303.35 29.0339 1303.35 28.7148C1303.35 28.3867 1303.29 28.1019 1303.16 27.8604C1303.04 27.6143 1302.87 27.4274 1302.64 27.2998C1302.43 27.1676 1302.17 27.1016 1301.89 27.1016ZM1309.55 31.9141H1308.1V29.1113H1306.87V31.832H1305.45V25.4336H1306.87V27.8535H1308.1V25.2012H1309.55V31.9141ZM1302.71 33.6777H1308.04V32.4336H1309.55V37.3965H1301.21V32.4336H1302.71V33.6777ZM1308.04 36.166V34.8809H1302.71V36.166H1308.04ZM1324.68 37.5605H1323.15V25.1875H1324.68V37.5605ZM1318.02 26.0898C1318.64 26.0898 1319.2 26.2699 1319.68 26.6299C1320.17 26.9854 1320.55 27.4935 1320.83 28.1543C1321.11 28.8105 1321.25 29.5762 1321.25 30.4512C1321.25 31.3307 1321.11 32.1009 1320.83 32.7617C1320.55 33.4225 1320.17 33.9329 1319.69 34.293C1319.2 34.6484 1318.64 34.8262 1318.02 34.8262C1317.4 34.8262 1316.84 34.6484 1316.36 34.293C1315.87 33.9329 1315.49 33.4225 1315.21 32.7617C1314.94 32.1009 1314.8 31.3307 1314.8 30.4512C1314.8 29.5762 1314.94 28.8105 1315.21 28.1543C1315.49 27.4935 1315.87 26.9854 1316.36 26.6299C1316.84 26.2699 1317.4 26.0898 1318.02 26.0898ZM1318.02 27.457C1317.67 27.457 1317.36 27.5755 1317.1 27.8125C1316.83 28.0495 1316.63 28.3936 1316.48 28.8447C1316.33 29.2959 1316.26 29.8314 1316.26 30.4512C1316.26 31.0755 1316.33 31.6133 1316.48 32.0645C1316.63 32.5156 1316.83 32.862 1317.1 33.1035C1317.36 33.3405 1317.67 33.459 1318.02 33.459C1318.37 33.459 1318.68 33.3405 1318.94 33.1035C1319.21 32.862 1319.41 32.5156 1319.56 32.0645C1319.7 31.6133 1319.77 31.0755 1319.77 30.4512C1319.77 29.8314 1319.7 29.2982 1319.56 28.8516C1319.41 28.4004 1319.21 28.0563 1318.94 27.8193C1318.68 27.5778 1318.37 27.457 1318.02 27.457ZM1337.77 32.3516H1326.5V31.1348H1329.13V29.5693C1328.66 29.3688 1328.29 29.1136 1328.04 28.8037C1327.79 28.4938 1327.66 28.1406 1327.66 27.7441C1327.66 27.2565 1327.84 26.8372 1328.2 26.4863C1328.57 26.1309 1329.09 25.8597 1329.76 25.6729C1330.43 25.486 1331.22 25.3926 1332.12 25.3926C1333.02 25.3926 1333.81 25.486 1334.48 25.6729C1335.15 25.8597 1335.66 26.1309 1336.02 26.4863C1336.39 26.8372 1336.57 27.2565 1336.58 27.7441C1336.57 28.1452 1336.44 28.5007 1336.19 28.8105C1335.94 29.1204 1335.58 29.3734 1335.1 29.5693V31.1348H1337.77V32.3516ZM1332.12 33.1035C1333.01 33.099 1333.77 33.1833 1334.41 33.3564C1335.05 33.5251 1335.54 33.7757 1335.88 34.1084C1336.22 34.4365 1336.4 34.8353 1336.4 35.3047C1336.4 35.7786 1336.22 36.1797 1335.88 36.5078C1335.54 36.8405 1335.05 37.0911 1334.41 37.2598C1333.77 37.4329 1333.01 37.5195 1332.12 37.5195C1331.22 37.5195 1330.45 37.4329 1329.8 37.2598C1329.16 37.0911 1328.67 36.8405 1328.33 36.5078C1327.98 36.1797 1327.81 35.7786 1327.81 35.3047C1327.81 34.8353 1327.98 34.4365 1328.33 34.1084C1328.67 33.7757 1329.16 33.5251 1329.8 33.3564C1330.45 33.1833 1331.22 33.099 1332.12 33.1035ZM1332.12 34.252C1331.21 34.252 1330.53 34.3408 1330.06 34.5186C1329.59 34.6963 1329.35 34.9583 1329.36 35.3047C1329.35 35.651 1329.59 35.9154 1330.06 36.0977C1330.53 36.2799 1331.22 36.3711 1332.12 36.3711C1333 36.3711 1333.68 36.2799 1334.16 36.0977C1334.64 35.9154 1334.88 35.651 1334.88 35.3047C1334.88 34.9583 1334.64 34.6963 1334.16 34.5186C1333.69 34.3408 1333.01 34.252 1332.12 34.252ZM1332.12 26.5684C1331.2 26.5684 1330.49 26.6709 1329.99 26.876C1329.49 27.0765 1329.24 27.3659 1329.25 27.7441C1329.24 28.1178 1329.49 28.4027 1329.99 28.5986C1330.48 28.7946 1331.2 28.8926 1332.12 28.8926C1333.04 28.8926 1333.75 28.7946 1334.25 28.5986C1334.75 28.4027 1335.01 28.1178 1335.01 27.7441C1335.01 27.3659 1334.75 27.0765 1334.25 26.876C1333.75 26.6709 1333.04 26.5684 1332.12 26.5684ZM1333.58 31.1348V29.959C1333.12 30.0228 1332.64 30.0547 1332.12 30.0547C1331.61 30.0547 1331.12 30.0228 1330.66 29.959V31.1348H1333.58ZM1351.6 30.0137H1353.44V31.2852H1351.6V37.5195H1350.09V25.1875H1351.6V30.0137ZM1348.34 26.4727C1348.34 30.5286 1346.46 33.4772 1342.72 35.3184L1341.85 34.1426C1343.36 33.3952 1344.52 32.4906 1345.33 31.4287C1346.15 30.3669 1346.64 29.1341 1346.8 27.7305H1342.52V26.4727H1348.34ZM1364.3 37.5605H1362.77V25.1875H1364.3V37.5605ZM1357.65 26.0898C1358.27 26.0898 1358.82 26.2699 1359.3 26.6299C1359.79 26.9854 1360.17 27.4935 1360.45 28.1543C1360.73 28.8105 1360.87 29.5762 1360.87 30.4512C1360.87 31.3307 1360.73 32.1009 1360.45 32.7617C1360.18 33.4225 1359.79 33.9329 1359.31 34.293C1358.82 34.6484 1358.27 34.8262 1357.65 34.8262C1357.02 34.8262 1356.47 34.6484 1355.98 34.293C1355.49 33.9329 1355.11 33.4225 1354.83 32.7617C1354.56 32.1009 1354.42 31.3307 1354.42 30.4512C1354.42 29.5762 1354.56 28.8105 1354.83 28.1543C1355.11 27.4935 1355.49 26.9854 1355.98 26.6299C1356.47 26.2699 1357.02 26.0898 1357.65 26.0898ZM1357.65 27.457C1357.3 27.457 1356.99 27.5755 1356.72 27.8125C1356.45 28.0495 1356.25 28.3936 1356.1 28.8447C1355.96 29.2959 1355.88 29.8314 1355.88 30.4512C1355.88 31.0755 1355.96 31.6133 1356.1 32.0645C1356.25 32.5156 1356.45 32.862 1356.72 33.1035C1356.99 33.3405 1357.3 33.459 1357.65 33.459C1357.99 33.459 1358.3 33.3405 1358.56 33.1035C1358.83 32.862 1359.03 32.5156 1359.18 32.0645C1359.32 31.6133 1359.4 31.0755 1359.4 30.4512C1359.4 29.8314 1359.32 29.2982 1359.18 28.8516C1359.03 28.4004 1358.83 28.0563 1358.56 27.8193C1358.3 27.5778 1357.99 27.457 1357.65 27.457ZM1376.16 32.2012H1367.49V26.2676H1376.06V27.498H1368.99V30.9844H1376.16V32.2012ZM1377.42 35.9746H1366.12V34.7168H1377.42V35.9746Z" fill="#404040"/>
<rect x="1418.28" y="13.54" width="35.99" height="35.99" rx="17.995" fill="#F7C8B0"/>
<g clip-path="url(#clip25_24_29531)">
<g clip-path="url(#clip26_24_29531)">
<mask id="mask8_24_29531" style="mask-type:luminance" maskUnits="userSpaceOnUse" x="1422" y="17" width="29" height="29">
<path d="M1450.27 17.5303H1422.27V45.5303H1450.27V17.5303Z" fill="white"/>
</mask>
<g mask="url(#mask8_24_29531)">
<path d="M1436.27 31.5306C1438.85 31.5306 1440.94 29.4423 1440.94 26.8639C1440.94 24.2856 1438.85 22.1973 1436.27 22.1973C1433.69 22.1973 1431.6 24.2856 1431.6 26.8639C1431.6 29.4423 1433.69 31.5306 1436.27 31.5306ZM1436.27 33.8639C1433.16 33.8639 1426.94 35.4273 1426.94 38.5306V40.8639H1445.6V38.5306C1445.6 35.4273 1439.39 33.8639 1436.27 33.8639Z" fill="white"/>
</g>
</g>
</g>
<path d="M1476.95 37.5605H1475.42V25.1875H1476.95V37.5605ZM1470.29 26.0898C1470.91 26.0898 1471.46 26.2699 1471.95 26.6299C1472.43 26.9854 1472.82 27.4935 1473.1 28.1543C1473.37 28.8105 1473.51 29.5762 1473.52 30.4512C1473.51 31.3307 1473.37 32.1009 1473.1 32.7617C1472.82 33.4225 1472.44 33.9329 1471.95 34.293C1471.47 34.6484 1470.91 34.8262 1470.29 34.8262C1469.67 34.8262 1469.11 34.6484 1468.62 34.293C1468.14 33.9329 1467.75 33.4225 1467.48 32.7617C1467.2 32.1009 1467.07 31.3307 1467.07 30.4512C1467.07 29.5762 1467.2 28.8105 1467.48 28.1543C1467.75 27.4935 1468.14 26.9854 1468.62 26.6299C1469.11 26.2699 1469.67 26.0898 1470.29 26.0898ZM1470.29 27.457C1469.94 27.457 1469.63 27.5755 1469.36 27.8125C1469.1 28.0495 1468.89 28.3936 1468.75 28.8447C1468.6 29.2959 1468.53 29.8314 1468.53 30.4512C1468.53 31.0755 1468.6 31.6133 1468.75 32.0645C1468.89 32.5156 1469.1 32.862 1469.36 33.1035C1469.63 33.3405 1469.94 33.459 1470.29 33.459C1470.64 33.459 1470.94 33.3405 1471.21 33.1035C1471.47 32.862 1471.68 32.5156 1471.82 32.0645C1471.97 31.6133 1472.04 31.0755 1472.04 30.4512C1472.04 29.8314 1471.97 29.2982 1471.82 28.8516C1471.68 28.4004 1471.47 28.0563 1471.21 27.8193C1470.94 27.5778 1470.64 27.457 1470.29 27.457ZM1489.12 32.5293H1487.6V29.5078H1485.5V28.2637H1487.6V25.1875H1489.12V32.5293ZM1484.94 32.8438C1485.81 32.8438 1486.56 32.9372 1487.19 33.124C1487.83 33.3063 1488.32 33.5752 1488.65 33.9307C1488.99 34.2816 1489.16 34.7031 1489.16 35.1953C1489.16 35.6875 1488.99 36.109 1488.65 36.46C1488.32 36.8154 1487.83 37.0843 1487.19 37.2666C1486.56 37.4535 1485.81 37.5469 1484.94 37.5469C1484.07 37.5469 1483.32 37.4535 1482.69 37.2666C1482.05 37.0843 1481.57 36.8154 1481.23 36.46C1480.9 36.109 1480.73 35.6875 1480.74 35.1953C1480.73 34.7031 1480.9 34.2816 1481.23 33.9307C1481.57 33.5752 1482.05 33.3063 1482.69 33.124C1483.32 32.9372 1484.07 32.8438 1484.94 32.8438ZM1484.94 34.0059C1484.07 34.0059 1483.4 34.1084 1482.94 34.3135C1482.47 34.514 1482.24 34.8079 1482.24 35.1953C1482.24 35.5781 1482.47 35.8698 1482.94 36.0703C1483.4 36.2708 1484.07 36.3711 1484.94 36.3711C1485.8 36.3711 1486.47 36.2708 1486.94 36.0703C1487.41 35.8698 1487.64 35.5781 1487.64 35.1953C1487.64 34.8079 1487.41 34.514 1486.94 34.3135C1486.47 34.1084 1485.8 34.0059 1484.94 34.0059ZM1483.31 27.3066C1483.31 27.8171 1483.42 28.3138 1483.64 28.7969C1483.87 29.2754 1484.2 29.7061 1484.63 30.0889C1485.07 30.4671 1485.6 30.7611 1486.22 30.9707L1485.46 32.1738C1484.79 31.946 1484.2 31.611 1483.71 31.1689C1483.22 30.7223 1482.84 30.2028 1482.56 29.6104C1482.29 30.2803 1481.89 30.8659 1481.37 31.3672C1480.86 31.8639 1480.24 32.2422 1479.52 32.502L1478.73 31.2988C1479.37 31.0801 1479.92 30.7633 1480.38 30.3486C1480.83 29.9294 1481.18 29.4577 1481.41 28.9336C1481.65 28.4095 1481.76 27.8717 1481.76 27.3203V27.2246H1479.19V25.9941H1485.87V27.2246H1483.31V27.3066ZM1500.66 29.3301H1502.33V30.5879H1500.66V34.8398H1499.14V25.1875H1500.66V29.3301ZM1501.1 37.3008H1492.54V34.1973H1494.05V36.0703H1501.1V37.3008ZM1490.76 32.3652C1491.97 32.3652 1493.01 32.3493 1493.88 32.3174V31.5381C1493.18 31.4515 1492.64 31.2464 1492.24 30.9229C1491.84 30.5993 1491.63 30.1914 1491.63 29.6992C1491.63 29.2982 1491.76 28.9541 1492 28.667C1492.25 28.3753 1492.6 28.1543 1493.04 28.0039C1493.49 27.8535 1494.02 27.7806 1494.62 27.7852C1495.22 27.7806 1495.74 27.8535 1496.19 28.0039C1496.64 28.1543 1496.99 28.3753 1497.23 28.667C1497.47 28.9541 1497.6 29.2982 1497.6 29.6992C1497.6 30.1868 1497.4 30.5924 1497.01 30.916C1496.62 31.2396 1496.08 31.4469 1495.39 31.5381V32.249C1496.56 32.1807 1497.6 32.0781 1498.5 31.9414L1498.62 33.0078C1497.5 33.2174 1496.34 33.3564 1495.14 33.4248C1493.95 33.4932 1492.59 33.5365 1491.06 33.5547H1490.92L1490.76 32.3652ZM1498.17 27.375H1491.07V26.2676H1493.88V25.1465H1495.39V26.2676H1498.17V27.375ZM1494.62 28.8105C1494.13 28.8105 1493.76 28.888 1493.49 29.043C1493.22 29.1979 1493.09 29.4167 1493.1 29.6992C1493.09 29.9635 1493.23 30.1709 1493.49 30.3213C1493.76 30.4717 1494.14 30.5469 1494.62 30.5469C1495.09 30.5469 1495.47 30.4717 1495.74 30.3213C1496.01 30.1709 1496.15 29.9635 1496.15 29.6992C1496.15 29.4121 1496.01 29.1934 1495.74 29.043C1495.47 28.888 1495.1 28.8105 1494.62 28.8105Z" fill="#515151"/>
<path d="M1513.87 26.8418V27.0059C1513.87 27.6348 1513.84 28.209 1513.81 28.7285C1513.77 29.248 1513.69 29.8314 1513.57 30.4785L1512.07 30.3418C1512.18 29.7676 1512.25 29.248 1512.3 28.7832C1512.34 28.3138 1512.36 27.8398 1512.38 27.3613H1507.57V26.1035H1513.87V26.8418ZM1510.76 31.3877C1512.22 31.3239 1513.48 31.2168 1514.54 31.0664L1514.63 32.1602C1513.49 32.3652 1512.3 32.502 1511.06 32.5703C1509.82 32.6341 1508.46 32.6706 1506.97 32.6797L1506.83 31.4629H1507.08C1507.44 31.4583 1507.8 31.4538 1508.16 31.4492C1508.52 31.4447 1508.89 31.4401 1509.25 31.4355V28.9199H1510.76V31.3877ZM1516.83 29.043H1518.43V30.3145H1516.83V34.4434H1515.27V25.1875H1516.83V29.043ZM1517.22 37.3008H1508.68V33.623H1510.21V36.0703H1517.22V37.3008ZM1529.36 37.5605H1527.86V25.1875H1529.36V37.5605ZM1525.56 30.9023H1521.31V33.3906C1522.36 33.3815 1523.31 33.3451 1524.18 33.2812C1525.06 33.2174 1525.95 33.1081 1526.86 32.9531L1527 34.1973C1526.02 34.3704 1525.06 34.4867 1524.11 34.5459C1523.16 34.6051 1522.07 34.6348 1520.83 34.6348H1519.75V29.6992H1524.02V27.498H1519.74V26.2676H1525.56V30.9023ZM1535.6 28.7012C1535.6 29.3483 1535.72 30 1535.97 30.6562C1536.22 31.3125 1536.58 31.9095 1537.04 32.4473C1537.51 32.985 1538.06 33.3997 1538.69 33.6914L1537.84 34.8945C1537.16 34.5755 1536.57 34.1084 1536.06 33.4932C1535.55 32.8734 1535.15 32.1647 1534.86 31.3672C1534.57 32.2376 1534.17 33.0101 1533.64 33.6846C1533.11 34.359 1532.5 34.8626 1531.8 35.1953L1530.91 34.0059C1531.54 33.7051 1532.1 33.2699 1532.58 32.7002C1533.06 32.1305 1533.43 31.4948 1533.69 30.793C1533.94 30.0911 1534.08 29.3939 1534.08 28.7012V27.6621H1531.39V26.4043H1538.18V27.6621H1535.6V28.7012ZM1540.85 30H1542.75V31.2715H1540.85V37.5469H1539.33V25.1875H1540.85V30Z" fill="#969696"/>
<rect x="1574.86" y="19.5303" width="0.99" height="23.99" fill="#EEEEEE"/>
<g clip-path="url(#clip27_24_29531)">
<g clip-path="url(#clip28_24_29531)">
<g clip-path="url(#clip29_24_29531)">
<mask id="mask9_24_29531" style="mask-type:luminance" maskUnits="userSpaceOnUse" x="1611" y="19" width="25" height="25">
<path d="M1635.82 19.5303H1611.83V43.5203H1635.82V19.5303Z" fill="white"/>
</mask>
<g mask="url(#mask9_24_29531)">
<path d="M1623.83 25.5275C1624.92 25.5275 1625.82 26.4271 1625.82 27.5267C1625.82 28.6262 1624.92 29.5258 1623.83 29.5258C1622.73 29.5258 1621.83 28.6262 1621.83 27.5267C1621.83 26.4271 1622.73 25.5275 1623.83 25.5275ZM1623.83 35.5233C1626.52 35.5233 1629.62 36.8128 1629.82 37.5225H1617.83C1618.06 36.8028 1621.14 35.5233 1623.83 35.5233ZM1623.83 23.5283C1621.62 23.5283 1619.83 25.3176 1619.83 27.5267C1619.83 29.7357 1621.62 31.525 1623.83 31.525C1626.03 31.525 1627.82 29.7357 1627.82 27.5267C1627.82 25.3176 1626.03 23.5283 1623.83 23.5283ZM1623.83 33.5242C1621.16 33.5242 1615.83 34.8636 1615.83 37.5225V39.5217H1631.82V37.5225C1631.82 34.8636 1626.49 33.5242 1623.83 33.5242Z" fill="#1D1D1D"/>
</g>
</g>
</g>
</g>
<g clip-path="url(#clip30_24_29531)">
<g clip-path="url(#clip31_24_29531)">
<g clip-path="url(#clip32_24_29531)">
<mask id="mask10_24_29531" style="mask-type:luminance" maskUnits="userSpaceOnUse" x="1663" y="19" width="25" height="25">
<path d="M1687.81 19.5303H1663.82V43.5203H1687.81V19.5303Z" fill="white"/>
</mask>
<g mask="url(#mask10_24_29531)">
<path d="M1680.81 26.5276L1679.4 27.937L1681.98 30.526H1671.82V32.5251H1681.98L1679.4 35.1041L1680.81 36.5235L1685.81 31.5255L1680.81 26.5276ZM1667.82 24.5285H1675.82V22.5293H1667.82C1666.72 22.5293 1665.82 23.4289 1665.82 24.5285V38.5226C1665.82 39.6222 1666.72 40.5218 1667.82 40.5218H1675.82V38.5226H1667.82V24.5285Z" fill="#1D1D1D"/>
</g>
</g>
</g>
</g>
<g clip-path="url(#clip33_24_29531)">
<g clip-path="url(#clip34_24_29531)">
<g clip-path="url(#clip35_24_29531)">
<mask id="mask11_24_29531" style="mask-type:luminance" maskUnits="userSpaceOnUse" x="23" y="23" width="121" height="29">
<path d="M143.99 23.9902H23.9902V51.9902H143.99V23.9902Z" fill="white"/>
</mask>
<g mask="url(#mask11_24_29531)">
<path d="M56.3092 33.0432C56.9203 33.0432 57.4966 33.1245 58.0341 33.2949C58.5756 33.4614 59.4187 33.6666 59.4187 33.6666L59.7629 30.7625C58.5988 30.3753 57.3921 30.1816 56.1468 30.1816C54.5418 30.1816 53.2578 30.5495 52.3025 31.2852C51.3434 32.0171 50.7865 32.9967 50.6202 34.2126C50.4539 35.4323 50.7594 36.5011 51.5368 37.4149C51.8694 37.8292 52.2407 38.1971 52.6583 38.5185C53.076 38.836 53.4512 39.1458 53.7992 39.4517C54.1473 39.7576 54.4296 40.0674 54.6501 40.3849C54.8744 40.7024 54.9479 41.0896 54.8783 41.5466C54.8087 42.0035 54.6153 42.321 54.2943 42.503C53.9771 42.685 53.5517 42.7741 53.0258 42.7741C52.4998 42.7741 51.85 42.6501 51.0727 42.3985C50.7671 42.2862 49.1196 41.6046 49.1196 41.6046L48.7793 44.4856C48.7793 44.4856 49.8351 44.9696 50.655 45.2639C52.7125 46.0035 55.6247 45.8409 57.3032 44.3075C58.243 43.4517 58.7728 42.4139 58.885 41.1942C59.0783 39.9744 58.7612 38.9251 57.9258 38.0383C57.5662 37.6511 57.1639 37.2987 56.7192 36.9773C56.2783 36.6598 55.8722 36.3539 55.5125 36.0635C55.1529 35.7731 54.8551 35.4827 54.6191 35.1884C54.3832 34.898 54.2943 34.5727 54.3484 34.2087C54.4877 33.4343 55.1374 33.0471 56.3015 33.0471L56.3092 33.0393V33.0432Z" fill="black"/>
<path d="M45.6055 33.043C46.2166 33.043 46.7928 33.1243 47.3304 33.2947C47.8719 33.4573 48.715 33.6664 48.715 33.6664L49.0592 30.7623C47.8951 30.375 46.6884 30.1814 45.4431 30.1814C43.8381 30.1814 42.5541 30.5493 41.5988 31.285C40.6397 32.0168 40.0828 32.9965 39.9165 34.2124C39.7502 35.4321 40.0557 36.5008 40.8331 37.4147C41.1657 37.829 41.5369 38.1969 41.9546 38.5183C42.3723 38.8358 42.7475 39.1456 43.0955 39.4515C43.4436 39.7574 43.7259 40.0672 43.9464 40.3847C44.1707 40.7022 44.2442 41.0894 44.1745 41.5463C44.1049 42.0033 43.9116 42.3208 43.5906 42.5028C43.2734 42.6848 42.848 42.7738 42.322 42.7738C41.7961 42.7738 41.1463 42.6499 40.369 42.3982C40.1408 42.3169 39.17 41.9181 38.6905 41.7167L36.749 27.0449H31.8025L23.9902 45.6857H27.9815L29.3506 42.3092H34.6296L35.0125 45.6857H39.2126L39.1159 44.9307C39.3905 45.043 39.6844 45.163 39.9551 45.2598C42.0126 45.9994 44.9248 45.8368 46.6033 44.3034C47.5431 43.4476 48.073 42.4098 48.1851 41.1901C48.3785 39.9703 48.0614 38.921 47.226 38.0342C46.8663 37.647 46.4641 37.2946 46.0193 36.9733C45.5784 36.6557 45.1724 36.3498 44.8127 36.0594C44.453 35.769 44.1552 35.4786 43.9193 35.1843C43.6834 34.8939 43.5944 34.5686 43.6486 34.2046C43.7878 33.4302 44.4375 33.043 45.6016 33.043H45.6055ZM30.3058 39.6102L33.6744 30.7623L34.1655 37.0546L34.3705 39.6102H30.2981H30.302H30.3058Z" fill="black"/>
<path d="M73.0827 33.0432C73.6938 33.0432 74.27 33.1245 74.8076 33.2949C75.349 33.4614 76.1922 33.6666 76.1922 33.6666L76.5364 30.7625C75.3723 30.3753 74.1656 30.1816 72.9203 30.1816C71.3153 30.1816 70.0313 30.5495 69.076 31.2852C68.1169 32.0171 67.56 32.9967 67.3937 34.2126C67.2274 35.4323 67.5329 36.5011 68.3102 37.4149C68.6467 37.8292 69.0141 38.1971 69.4357 38.5185C69.8534 38.836 70.2285 39.1458 70.5766 39.4517C70.9247 39.7576 71.207 40.0674 71.4274 40.3849C71.6517 40.7024 71.7252 41.0896 71.6556 41.5466C71.586 42.0035 71.3926 42.321 71.0716 42.503C70.7545 42.685 70.3291 42.7741 69.8031 42.7741C69.2771 42.7741 68.6274 42.6501 67.85 42.3985C67.5445 42.2862 65.8969 41.6046 65.8969 41.6046L65.5566 44.4856C65.5566 44.4856 66.6124 44.9696 67.4323 45.2639C69.4898 46.0035 72.402 45.8409 74.0805 44.3075C75.0203 43.4517 75.5502 42.4139 75.6623 41.1942C75.8557 39.9744 75.5386 38.9251 74.707 38.0383C74.3474 37.6511 73.9413 37.2987 73.5004 36.9773C73.0595 36.6598 72.6534 36.3539 72.2937 36.0635C71.9341 35.7731 71.6363 35.4827 71.4004 35.1884C71.1644 34.898 71.0755 34.5727 71.1296 34.2087C71.2689 33.4343 71.9186 33.0471 73.0827 33.0471V33.0393V33.0432Z" fill="black"/>
<path d="M85.9746 33.6664L86.3188 30.7623H83.3563C83.6155 28.6093 83.8011 27.0488 83.8011 27.0488L79.8834 27.4554L79.485 30.7623H77.7524L77.4082 33.6664H79.1253L78.2319 41.0352C78.0076 42.7197 78.1391 43.92 78.6071 44.6287C79.0789 45.3334 79.98 45.6896 81.3105 45.6896C83.6619 45.6896 84.6674 44.7642 84.6674 44.7642L85.0078 41.8794C85.0078 41.8794 84.3426 42.135 84.3 42.1466C83.7392 42.3518 82.4784 42.6887 82.1845 41.9065C82.1342 41.7671 82.111 41.5967 82.1072 41.3992C82.1033 41.2676 82.5635 37.3721 83.0044 33.6664H85.9785H85.9746Z" fill="black"/>
<path d="M61.5038 30.7621L59.7441 45.6894H63.6116L65.4177 30.3594L61.5038 30.766V30.7621Z" fill="black"/>
<path d="M63.502 28.6403C64.0551 28.6403 64.5462 28.4506 64.9678 28.0673C65.3893 27.6839 65.6407 27.1921 65.7297 26.5842C65.8148 25.9801 65.7026 25.4806 65.3971 25.0856C65.0877 24.6907 64.6545 24.4971 64.1015 24.4971C63.5484 24.4971 63.0572 24.6946 62.6357 25.0856C62.2141 25.4806 61.9434 25.9879 61.8197 26.6036C61.7462 27.1921 61.8661 27.6839 62.1909 28.0634C62.5081 28.4467 62.9528 28.6365 63.5059 28.6365L63.502 28.6403Z" fill="black"/>
<path d="M111.443 33.6664L111.788 30.7623H108.825C109.084 28.6093 109.27 27.0488 109.27 27.0488L105.352 27.4554L104.954 30.7623H103.221L102.877 33.6664H104.594L103.701 41.0352C103.476 42.7197 103.608 43.92 104.076 44.6287C104.548 45.3334 105.449 45.6896 106.779 45.6896C109.131 45.6896 110.136 44.7642 110.136 44.7642L110.477 41.8794C110.477 41.8794 109.811 42.135 109.769 42.1466C109.208 42.3518 107.947 42.6887 107.653 41.9065C107.603 41.7671 107.58 41.5967 107.576 41.3992C107.572 41.2676 108.032 37.3721 108.473 33.6664H111.447H111.443Z" fill="#F25200"/>
<path d="M98.1249 30.7621L96.3652 45.6894H100.233L102.039 30.3594L98.1249 30.766V30.7621Z" fill="#F25200"/>
<path d="M100.119 28.6403C100.672 28.6403 101.163 28.4506 101.585 28.0673C102.007 27.6839 102.258 27.1921 102.347 26.5842C102.432 25.9801 102.32 25.4806 102.014 25.0856C101.705 24.6907 101.272 24.4971 100.719 24.4971C100.166 24.4971 99.6744 24.6946 99.2529 25.0856C98.8313 25.4806 98.5606 25.9879 98.4368 26.6036C98.3634 27.1921 98.4833 27.6839 98.8081 28.0634C99.1253 28.4467 99.57 28.6365 100.123 28.6365L100.119 28.6403Z" fill="#F25200"/>
<path d="M93.7018 29.5972C93.841 28.6524 94.0189 27.9979 94.2432 27.6223C94.4676 27.2467 94.8891 27.0609 95.5118 27.0609C96.1344 27.0609 96.6063 27.1383 96.935 27.3048L97.256 24.4858C96.4903 24.149 95.4576 23.9863 94.1195 23.9863C93.0095 23.9863 92.0891 24.3813 91.3581 25.1712C90.6233 25.9612 90.1283 27.2545 89.8846 29.0551L89.6371 30.755H88.0514L87.7072 33.6591H89.2967L87.1348 51.9824H91.0642L93.1913 33.6591H96.1847L96.5251 30.755H93.5626L93.7134 29.5933H93.7018V29.5972Z" fill="#F25200"/>
<path d="M143.99 30.7549L142.075 45.69H114.346L116.26 30.7549H143.99Z" fill="#F25200"/>
<path d="M120.387 38.3478C120.233 39.4088 120.26 40.1755 120.465 40.6479C120.693 41.1591 121.165 41.4146 121.88 41.4146C122.197 41.4146 122.495 41.3682 122.77 41.2791C123.044 41.1901 123.253 41.1242 123.392 41.0855C123.404 41.314 123.412 41.5463 123.412 41.7748C123.412 42.0032 123.423 42.2355 123.45 42.464C123.129 42.5918 122.774 42.6925 122.379 42.7699C121.985 42.8474 121.644 42.8861 121.366 42.8861C120.178 42.8861 119.347 42.5143 118.867 41.7748C118.388 41.0352 118.256 39.8851 118.477 38.3324C118.693 36.7796 119.146 35.6373 119.834 34.9093C120.523 34.1813 121.462 33.8174 122.65 33.8174C123.044 33.8174 123.404 33.8561 123.721 33.9336C124.038 34.011 124.254 34.0729 124.363 34.1271C124.471 34.1775 124.552 34.2123 124.603 34.2239L124.162 35.6024C124.022 35.5637 123.825 35.5018 123.578 35.4088C123.33 35.3198 123.056 35.2733 122.766 35.2733C122 35.2733 121.443 35.525 121.099 36.0323C120.755 36.5356 120.519 37.3062 120.391 38.344L120.387 38.3478Z" fill="white"/>
<path d="M127.442 39.3816L126.773 39.3623L126.312 42.6769H124.572L125.798 33.9761L128.134 33.918C129.244 33.918 130.01 34.127 130.431 34.5491C130.876 34.9712 131.038 35.6992 130.911 36.733C130.81 37.4223 130.586 37.9644 130.242 38.3516C129.898 38.7427 129.522 39.0022 129.112 39.1261L130.319 42.673H128.366L127.446 39.3778L127.442 39.3816ZM126.962 38.0225L127.767 38.0612C128.494 38.0612 128.927 37.6082 129.07 36.7021C129.225 35.7689 128.892 35.3042 128.076 35.3042C127.883 35.3042 127.635 35.3158 127.33 35.3429L126.966 38.0264L126.962 38.0225Z" fill="white"/>
<path d="M137.924 37.1402L135.855 41.9495H134.59C134.563 41.7442 134.482 41.2254 134.343 40.389C134.203 39.5526 134.107 38.9756 134.056 38.6542C133.956 37.8604 133.882 37.357 133.848 37.1402L132.718 42.6813H130.939L132.97 33.9805H134.768C134.78 34.1082 134.814 34.3096 134.865 34.5845C134.915 34.8594 134.969 35.1653 135.027 35.5061C135.085 35.843 135.143 36.2108 135.209 36.6097C135.271 37.0046 135.329 37.3841 135.383 37.752C135.433 38.116 135.48 38.4528 135.518 38.7587C135.557 39.0647 135.588 39.3086 135.615 39.4867C135.665 39.3202 135.758 39.084 135.893 38.7781C136.029 38.4722 136.172 38.1315 136.323 37.7636C136.477 37.3919 136.64 37.0124 136.822 36.6213C137 36.2302 137.17 35.8623 137.328 35.5177C137.487 35.1731 137.63 34.8633 137.75 34.5884C137.87 34.3134 137.963 34.1121 138.028 33.9843H139.827L139.405 42.6852H137.549C137.56 42.5458 137.576 42.3328 137.587 42.054C137.599 41.7713 137.622 41.4577 137.653 41.1053C137.684 40.7529 137.711 40.3851 137.731 40.0017C137.75 39.6184 137.773 39.2466 137.796 38.8904C137.823 38.5342 137.847 38.1973 137.874 37.8836C137.901 37.57 137.92 37.326 137.932 37.144L137.924 37.1402Z" fill="white"/>
</g>
</g>
</g>
</g>
<g clip-path="url(#clip36_24_29531)">
<g clip-path="url(#clip37_24_29531)">
<g clip-path="url(#clip38_24_29531)">
<mask id="mask12_24_29531" style="mask-type:alpha" maskUnits="userSpaceOnUse" x="31" y="76" width="24" height="24">
<path d="M54.4502 76.7305H31.9902V99.1905H54.4502V76.7305Z" fill="#D9D9D9"/>
</mask>
<g mask="url(#mask12_24_29531)">
<path d="M40.4141 84.217H46.0291V82.3453H40.4141V84.217ZM33.8633 95.4469V90.7678H37.6066V91.7036H39.4783V90.7678H46.9649V91.7036H48.8366V90.7678H52.5799V95.4469H33.8633ZM33.8633 89.8319V86.0886C33.8633 85.5739 34.0465 85.1333 34.4131 84.7668C34.7796 84.4002 35.2202 84.217 35.735 84.217H38.5425V82.3453C38.5425 81.8306 38.7257 81.39 39.0923 81.0234C39.4588 80.6569 39.8994 80.4736 40.4141 80.4736H46.0291C46.5438 80.4736 46.9844 80.6569 47.351 81.0234C47.7175 81.39 47.9008 81.8306 47.9008 82.3453V84.217H50.7083C51.223 84.217 51.6637 84.4002 52.0302 84.7668C52.3966 85.1333 52.5799 85.5739 52.5799 86.0886V89.8319H48.8366V87.9603H46.9649V89.8319H39.4783V87.9603H37.6066V89.8319H33.8633Z" fill="#404040"/>
</g>
</g>
</g>
</g>
<path d="M65.0131 80.7869C65.0131 78.7489 65.5899 76.907 66.7435 75.2613H68.1277C67.8547 75.6497 67.5952 76.1495 67.3491 76.7609C67.1068 77.3685 66.9107 78.026 66.7608 78.7335C66.6108 79.441 66.5358 80.1255 66.5358 80.7869C66.5358 81.4482 66.6108 82.1327 66.7608 82.8402C66.9107 83.5477 67.1068 84.2053 67.3491 84.8128C67.5952 85.4242 67.8547 85.9279 68.1277 86.324H66.7435C66.1821 85.5165 65.7533 84.6571 65.4572 83.7458C65.1612 82.8306 65.0131 81.8443 65.0131 80.7869ZM78.3137 81.4213H74.1724V84.9858H72.9035V81.4213H68.8083V80.3831H78.3137V81.4213ZM77.437 76.1726H74.3051C74.332 76.5533 74.4954 76.9205 74.7953 77.2743C75.0953 77.6242 75.5067 77.9241 76.0297 78.174C76.5526 78.424 77.1486 78.5912 77.8177 78.6758L77.3563 79.6794C76.4719 79.5564 75.697 79.3026 75.0318 78.9181C74.3704 78.5336 73.8802 78.0568 73.561 77.4877C73.2419 78.0529 72.7516 78.5297 72.0902 78.9181C71.4289 79.3026 70.6617 79.5564 69.7889 79.6794L69.3044 78.6758C69.9696 78.5912 70.5618 78.424 71.0809 78.174C71.6038 77.9241 72.0153 77.6242 72.3152 77.2743C72.6189 76.9205 72.7862 76.5533 72.817 76.1726H69.6851V75.1575H77.437V76.1726ZM82.1205 80.7869C82.1205 81.8443 81.9724 82.8306 81.6764 83.7458C81.3803 84.6571 80.9515 85.5165 80.3901 86.324H79.0059C79.2789 85.9279 79.5365 85.4242 79.7787 84.8128C80.0248 84.2053 80.2229 83.5477 80.3728 82.8402C80.5228 82.1327 80.5978 81.4482 80.5978 80.7869C80.5978 80.1255 80.5228 79.441 80.3728 78.7335C80.2229 78.026 80.0248 77.3685 79.7787 76.7609C79.5365 76.1495 79.2789 75.6497 79.0059 75.2613H80.3901C81.5437 76.907 82.1205 78.7489 82.1205 80.7869ZM86.2848 75.3305C86.754 75.3305 87.1769 75.4555 87.5538 75.7054C87.9306 75.9554 88.2382 76.313 88.4766 76.7782C88.715 77.2397 88.8631 77.7838 88.9207 78.4105H90.9106V74.5692H92.1796V85.0089H90.9106V79.4487H88.938C88.8919 80.1101 88.7515 80.6869 88.517 81.1791C88.2824 81.6674 87.9729 82.0443 87.5884 82.3096C87.2038 82.571 86.7693 82.7018 86.2848 82.7018C85.7619 82.7018 85.2985 82.5518 84.8948 82.2519C84.4911 81.952 84.1757 81.5232 83.9489 80.9657C83.722 80.4081 83.6086 79.7563 83.6086 79.0104C83.6086 78.2721 83.722 77.6261 83.9489 77.0724C84.1757 76.5148 84.4911 76.0861 84.8948 75.7862C85.3024 75.4824 85.7657 75.3305 86.2848 75.3305ZM86.2848 76.4841C85.9965 76.4841 85.7427 76.586 85.5235 76.7898C85.3043 76.9897 85.1351 77.28 85.0159 77.6607C84.8967 78.0375 84.839 78.4874 84.8429 79.0104C84.839 79.5372 84.8967 79.9909 85.0159 80.3716C85.1351 80.7523 85.3043 81.0445 85.5235 81.2483C85.7427 81.4482 85.9965 81.5482 86.2848 81.5482C86.5732 81.5482 86.8251 81.4482 87.0404 81.2483C87.2596 81.0445 87.4288 80.7523 87.548 80.3716C87.671 79.9909 87.7345 79.5372 87.7383 79.0104C87.7345 78.4874 87.671 78.0356 87.548 77.6549C87.4288 77.2743 87.2596 76.9839 87.0404 76.784C86.8251 76.584 86.5732 76.4841 86.2848 76.4841ZM97.5898 77.0724C97.5859 77.7145 97.6917 78.3394 97.907 78.9469C98.1223 79.5545 98.4338 80.0947 98.8414 80.5677C99.249 81.0406 99.7277 81.3944 100.278 81.629L99.5162 82.6556C98.9279 82.3826 98.4146 81.9846 97.9762 81.4617C97.5417 80.9388 97.2014 80.3293 96.9553 79.6333C96.7092 80.387 96.3612 81.0483 95.9113 81.6174C95.4653 82.1827 94.9327 82.6095 94.3137 82.8979L93.5292 81.8251C94.0945 81.5828 94.5847 81.2175 95 80.7292C95.4192 80.237 95.7383 79.6737 95.9575 79.0392C96.1767 78.4009 96.2862 77.7453 96.2862 77.0724V75.4113H97.5898V77.0724ZM102.319 85.0089H101.027V74.5692H102.319V85.0089ZM109.241 75.9996C109.241 76.5341 109.402 77.0551 109.725 77.5627C110.052 78.0702 110.502 78.5086 111.075 78.8777C111.648 79.243 112.29 79.4872 113.001 79.6102L112.425 80.683C111.552 80.4985 110.775 80.1582 110.094 79.6621C109.418 79.1623 108.91 78.5605 108.572 77.8568C108.226 78.5566 107.712 79.1565 107.032 79.6564C106.351 80.1524 105.576 80.4946 104.707 80.683L104.142 79.6102C104.846 79.4833 105.48 79.2372 106.045 78.8719C106.614 78.5028 107.061 78.0645 107.384 77.5569C107.71 77.0493 107.876 76.5302 107.88 75.9996V75.2267H109.241V75.9996ZM113.382 83.6708H103.854V82.6095H113.382V83.6708ZM122.541 81.0522H115.228V75.3882H122.449V76.4264H116.531V77.6838H122.207V78.6874H116.531V80.037H122.541V81.0522ZM123.591 83.7285H114.063V82.6787H123.591V83.7285ZM130.386 76.461H129.451V79.2238C129.974 79.1776 130.432 79.1296 130.824 79.0796L130.905 80.014C129.966 80.187 128.98 80.3004 127.946 80.3543C126.911 80.4043 125.791 80.4293 124.583 80.4293L124.445 79.3795C124.956 79.3795 125.352 79.3776 125.633 79.3737V76.461H124.722V75.4228H130.386V76.461ZM132.958 81.6059H131.666V74.5692H132.958V81.6059ZM130.132 81.2252C130.128 81.6559 130.261 82.0596 130.53 82.4365C130.803 82.8094 131.193 83.1286 131.701 83.3939C132.212 83.6554 132.812 83.84 133.5 83.9476L133.016 84.9397C132.189 84.809 131.466 84.559 130.847 84.1899C130.232 83.8246 129.768 83.3708 129.457 82.8287C129.142 83.3708 128.676 83.8246 128.061 84.1899C127.45 84.559 126.737 84.809 125.921 84.9397L125.414 83.9476C126.098 83.84 126.694 83.6554 127.202 83.3939C127.709 83.1286 128.1 82.8094 128.373 82.4365C128.646 82.0596 128.782 81.6559 128.782 81.2252V81.0522H130.132V81.2252ZM126.867 79.3507C127.475 79.3353 127.929 79.3199 128.228 79.3045V76.461H126.867V79.3507ZM145.982 79.9448H144.701V74.5692H145.982V79.9448ZM145.982 83.0709H140.283V83.89H146.316V84.9051H139.014V82.1365H144.713V81.3867H138.991V80.3831H145.982V83.0709ZM143.398 76.2303H142.463V78.5028C142.952 78.4605 143.409 78.4144 143.836 78.3644L143.894 79.2872C142.213 79.5487 140.114 79.6794 137.595 79.6794L137.457 78.6643C137.695 78.6643 138.091 78.6605 138.645 78.6528V76.2303H137.734V75.2382H143.398V76.2303ZM139.879 78.6297C140.333 78.6182 140.787 78.6009 141.241 78.5778V76.2303H139.879V78.6297ZM155.66 78.572H157.264V79.6448H155.66V85.0089H154.391V74.5692H155.66V78.572ZM152.707 79.4141H149.2V81.4905C150.085 81.4828 150.865 81.4559 151.542 81.4098C152.219 81.3598 152.903 81.2752 153.595 81.156L153.711 82.1942C152.949 82.3326 152.19 82.4268 151.432 82.4768C150.679 82.5268 149.796 82.5518 148.785 82.5518H147.931V78.3875H151.427V76.5187H147.908V75.4805H152.707V79.4141ZM161.947 76.784H159.271V78.572H161.509V79.5641H159.271V81.5886C159.913 81.5809 160.469 81.5598 160.938 81.5251C161.407 81.4867 161.889 81.4252 162.385 81.3406L162.501 82.3672C161.943 82.4749 161.397 82.5441 160.863 82.5749C160.328 82.6057 159.617 82.621 158.729 82.621H158.048V75.7689H161.947V76.784ZM166.7 84.9974H165.454V74.5692H166.7V84.9974ZM164.508 84.4898H163.308V79.4603H162.016V78.4221H163.308V74.7768H164.508V84.4898ZM173.298 75.9996C173.298 76.5341 173.46 77.0551 173.783 77.5627C174.11 78.0702 174.559 78.5086 175.132 78.8777C175.705 79.243 176.347 79.4872 177.059 79.6102L176.482 80.683C175.609 80.4985 174.832 80.1582 174.152 79.6621C173.475 79.1623 172.968 78.5605 172.629 77.8568C172.283 78.5566 171.77 79.1565 171.089 79.6564C170.409 80.1524 169.634 80.4946 168.765 80.683L168.199 79.6102C168.903 79.4833 169.538 79.2372 170.103 78.8719C170.672 78.5028 171.118 78.0645 171.441 77.5569C171.768 77.0493 171.933 76.5302 171.937 75.9996V75.2267H173.298V75.9996ZM177.44 83.6708H167.911V82.6095H177.44V83.6708ZM179.193 85.2281H177.901L180.6 75.2267H181.881L179.193 85.2281ZM191.882 83.7285H182.354V82.6787H184.557V80.0428C184.134 79.7967 183.805 79.491 183.571 79.1257C183.34 78.7604 183.227 78.349 183.23 77.8914C183.227 77.3492 183.39 76.8686 183.721 76.4495C184.051 76.0303 184.511 75.7073 185.099 75.4805C185.687 75.2498 186.353 75.1344 187.095 75.1344C187.841 75.1344 188.508 75.2498 189.096 75.4805C189.688 75.7073 190.15 76.0303 190.481 76.4495C190.815 76.8647 190.982 77.3454 190.982 77.8914C190.982 78.3375 190.869 78.7431 190.642 79.1084C190.419 79.4699 190.102 79.7717 189.69 80.014V82.6787H191.882V83.7285ZM187.095 76.1495C186.576 76.1495 186.118 76.2207 185.722 76.3629C185.33 76.5014 185.024 76.7013 184.805 76.9628C184.59 77.2243 184.484 77.5338 184.488 77.8914C184.484 78.2452 184.59 78.5528 184.805 78.8143C185.024 79.0757 185.332 79.2776 185.728 79.4199C186.124 79.5622 186.58 79.6333 187.095 79.6333C187.61 79.6333 188.066 79.5622 188.462 79.4199C188.862 79.2776 189.171 79.0757 189.39 78.8143C189.613 78.5528 189.725 78.2452 189.725 77.8914C189.725 77.5377 189.613 77.23 189.39 76.9686C189.171 76.7032 188.864 76.5014 188.468 76.3629C188.072 76.2207 187.614 76.1495 187.095 76.1495ZM188.387 82.6787V80.5042C187.979 80.5927 187.549 80.6369 187.095 80.6369C186.66 80.6369 186.237 80.5946 185.826 80.51V82.6787H188.387ZM131.539 94.6412H133.085V95.7141H131.539V100.974H130.259V90.5692H131.539V94.6412ZM128.782 91.6535C128.782 95.0757 127.202 97.5636 124.041 99.1171L123.314 98.125C124.583 97.4944 125.562 96.7311 126.25 95.8352C126.942 94.9392 127.354 93.8991 127.484 92.7148H123.88V91.6535H128.782Z" fill="#404040"/>
<path d="M211.487 82.248H210.186V79.5879H208.054V80.5254H203.097V75.123H204.397V76.834H206.765V75.123H208.054V76.2598H210.186V74.4316H211.487V82.248ZM211.722 84.8027H204.503V81.4746H205.827V83.748H211.722V84.8027ZM206.765 79.4941V77.8418H204.397V79.4941H206.765ZM210.186 78.5332V77.3145H208.054V78.5332H210.186ZM211.487 96.6191H210.186V95.4473H207.667V94.3926H210.186V93.2559H207.767C207.435 94.0957 206.888 94.8105 206.126 95.4004C205.368 95.9863 204.409 96.4395 203.249 96.7598L202.722 95.7285C203.94 95.3965 204.886 94.9297 205.558 94.3281C206.229 93.7266 206.618 93.0254 206.724 92.2246H203.284V91.1699H208.147C208.147 91.5488 208.116 91.9004 208.054 92.2246H210.186V90.4316H211.487V96.6191ZM207.983 96.7363C208.694 96.7363 209.319 96.8223 209.858 96.9941C210.397 97.166 210.815 97.4102 211.112 97.7266C211.409 98.043 211.558 98.416 211.558 98.8457C211.558 99.2754 211.409 99.6484 211.112 99.9648C210.815 100.281 210.397 100.525 209.858 100.697C209.319 100.869 208.694 100.955 207.983 100.955C207.265 100.955 206.634 100.869 206.091 100.697C205.548 100.525 205.128 100.281 204.831 99.9648C204.534 99.6484 204.386 99.2754 204.386 98.8457C204.386 98.416 204.534 98.043 204.831 97.7266C205.128 97.4102 205.548 97.166 206.091 96.9941C206.634 96.8223 207.265 96.7363 207.983 96.7363ZM207.983 97.7559C207.261 97.7559 206.696 97.8516 206.29 98.043C205.888 98.2305 205.686 98.498 205.686 98.8457C205.686 99.1895 205.89 99.4551 206.296 99.6426C206.702 99.8301 207.265 99.9238 207.983 99.9238C208.686 99.9238 209.241 99.8301 209.647 99.6426C210.054 99.4551 210.257 99.1895 210.257 98.8457C210.257 98.498 210.054 98.2305 209.647 98.043C209.245 97.8516 208.69 97.7559 207.983 97.7559Z" fill="#F36F2F"/>
<path d="M202.265 85.8105H212.636V86.8184H202.265V85.8105ZM202.265 101.811H212.636V102.818H202.265V101.811Z" fill="#F36F2F"/>
<rect x="23.9902" y="119.96" width="187.47" height="33.98" rx="8" fill="#EEEEEE"/>
<rect x="27.9805" y="123.95" width="85.74" height="25.99" rx="8" fill="white"/>
<path d="M55.8498 139.845H54.3323V135.319H52.1448V134.089H54.3323V130.821H55.8498V139.845ZM56.1643 142.921H47.7424V139.052H49.26V141.69H56.1643V142.921ZM50.0393 133.282C50.0393 133.788 50.151 134.283 50.3743 134.766C50.5976 135.244 50.928 135.675 51.3655 136.058C51.803 136.436 52.3316 136.728 52.9514 136.933L52.1858 138.149C51.5113 137.917 50.928 137.58 50.4358 137.138C49.9482 136.691 49.5653 136.169 49.2873 135.572C49.0093 136.238 48.6129 136.816 48.0979 137.309C47.5829 137.796 46.9677 138.163 46.2522 138.409L45.4729 137.179C46.1109 136.969 46.6555 136.664 47.1067 136.263C47.5624 135.857 47.9065 135.397 48.1389 134.882C48.3759 134.362 48.4944 133.825 48.4944 133.269V132.94H45.9241V131.71H52.5959V132.94H50.0393V133.282ZM61.3733 134.581C61.3733 135.237 61.4644 135.873 61.6467 136.488C61.8336 137.099 62.1138 137.655 62.4875 138.156C62.8658 138.653 63.3329 139.052 63.8889 139.353L63.0413 140.474C62.4853 140.177 62.009 139.772 61.6125 139.257C61.2161 138.742 60.9039 138.149 60.676 137.479C60.4482 138.209 60.1337 138.856 59.7327 139.421C59.3362 139.981 58.8577 140.428 58.2971 140.761L57.4084 139.612C57.969 139.289 58.4384 138.86 58.8166 138.327C59.1995 137.789 59.482 137.199 59.6643 136.557C59.8466 135.914 59.9377 135.256 59.9377 134.581V134.198H57.8323V132.968H59.9377V131.245H61.3733V132.968H63.4377V134.198H61.3733V134.581ZM68.2366 143.167H66.7873V130.808H68.2366V143.167ZM65.7209 142.565H64.2854V136.81H62.6721V135.552H64.2854V131.04H65.7209V142.565ZM78.258 135.36H79.6936V131.026H81.1428V142.565H79.6936V136.591H78.258V139.981H73.4045V132.147H78.258V135.36ZM74.8264 138.778H76.8362V133.351H74.8264V138.778ZM83.6858 143.167H82.2229V130.808H83.6858V143.167ZM95.1018 136.03H86.5159V131.396H88.0334V134.8H95.1018V136.03ZM96.387 138.778H93.6799V143.167H92.1487V138.778H89.3596V143.167H87.842V138.778H85.1213V137.548H96.387V138.778Z" fill="#F36F2F"/>
<path d="M152.162 137.124H140.896V135.907H152.162V137.124ZM150.754 140.993H143.726V141.896H151.096V143.058H142.236V139.913H149.263V139.079H142.222V137.958H150.754V140.993ZM151.15 132.435H147.472C147.577 132.744 147.812 133.032 148.177 133.296C148.541 133.56 149.02 133.784 149.612 133.966C150.205 134.144 150.877 134.257 151.629 134.308L151.15 135.483C150.047 135.397 149.093 135.176 148.286 134.82C147.479 134.465 146.889 134.011 146.515 133.46C146.142 134.011 145.554 134.465 144.752 134.82C143.954 135.176 143.011 135.397 141.922 135.483L141.443 134.308C142.191 134.257 142.856 134.144 143.439 133.966C144.027 133.784 144.501 133.56 144.861 133.296C145.226 133.032 145.46 132.744 145.565 132.435H141.922V131.231H151.15V132.435ZM159.299 132.12C159.299 132.772 159.246 133.419 159.141 134.062H161.828V130.808H163.346V143.153H161.828V138.628H158.683V137.397H161.828V135.278H158.861C158.118 137.744 156.4 139.635 153.707 140.952L152.914 139.749C154.427 138.988 155.578 138.079 156.366 137.021C157.154 135.964 157.619 134.731 157.761 133.323H153.488V132.12H159.299ZM169.539 133.337C169.539 133.788 169.651 134.221 169.874 134.636C170.097 135.05 170.43 135.42 170.872 135.743C171.314 136.067 171.849 136.313 172.478 136.481L171.795 137.644C171.093 137.461 170.487 137.176 169.976 136.789C169.471 136.397 169.076 135.932 168.794 135.395C168.516 135.982 168.117 136.491 167.597 136.919C167.083 137.347 166.467 137.666 165.752 137.876L165.027 136.673C165.661 136.504 166.203 136.251 166.654 135.914C167.105 135.577 167.445 135.185 167.673 134.738C167.905 134.292 168.021 133.825 168.021 133.337V133.296H165.437V132.093H168.021V130.753H169.553V132.093H172.123V133.296H169.539V133.337ZM174.844 133.679H176.566V134.937H174.844V137.89H173.326V130.808H174.844V133.679ZM175.021 139.681H171.754C171.849 140.027 172.064 140.355 172.396 140.665C172.734 140.975 173.171 141.246 173.709 141.479C174.247 141.706 174.857 141.868 175.541 141.964L174.994 143.126C174.037 142.989 173.203 142.727 172.492 142.34C171.781 141.952 171.243 141.474 170.879 140.904C170.519 141.465 169.986 141.937 169.279 142.319C168.577 142.702 167.752 142.962 166.805 143.099L166.244 141.95C166.937 141.854 167.55 141.695 168.083 141.472C168.621 141.248 169.054 140.984 169.382 140.679C169.714 140.369 169.929 140.036 170.024 139.681H166.75V138.464H175.021V139.681ZM187.517 143.167H185.986V130.808H187.517V143.167ZM183.826 132.12C183.826 134.084 183.382 135.809 182.493 137.295C181.604 138.776 180.13 140.004 178.07 140.979L177.277 139.763C178.868 139.006 180.064 138.102 180.866 137.049C181.673 135.992 182.144 134.75 182.281 133.323H177.906V132.12H183.826Z" fill="#B9B9B9"/>
<path d="M41.2129 184.115H39.9121V180.236H38.0371V179.182H39.9121V176.381H41.2129V184.115ZM41.4824 186.752H34.2637V183.436H35.5645V185.697H41.4824V186.752ZM36.2324 178.49C36.2324 178.924 36.3281 179.348 36.5195 179.762C36.7109 180.172 36.9941 180.541 37.3691 180.869C37.7441 181.193 38.1973 181.443 38.7285 181.619L38.0723 182.662C37.4941 182.463 36.9941 182.174 36.5723 181.795C36.1543 181.412 35.8262 180.965 35.5879 180.453C35.3496 181.023 35.0098 181.52 34.5684 181.941C34.127 182.359 33.5996 182.674 32.9863 182.885L32.3184 181.83C32.8652 181.65 33.332 181.389 33.7188 181.045C34.1094 180.697 34.4043 180.303 34.6035 179.861C34.8066 179.416 34.9082 178.955 34.9082 178.479V178.197H32.7051V177.143H38.4238V178.197H36.2324V178.49ZM45.9473 179.604C45.9473 180.166 46.0254 180.711 46.1816 181.238C46.3418 181.762 46.582 182.238 46.9023 182.668C47.2266 183.094 47.627 183.436 48.1035 183.693L47.377 184.654C46.9004 184.4 46.4922 184.053 46.1523 183.611C45.8125 183.17 45.5449 182.662 45.3496 182.088C45.1543 182.713 44.8848 183.268 44.541 183.752C44.2012 184.232 43.791 184.615 43.3105 184.9L42.5488 183.916C43.0293 183.639 43.4316 183.271 43.7559 182.814C44.084 182.354 44.3262 181.848 44.4824 181.297C44.6387 180.746 44.7168 180.182 44.7168 179.604V179.275H42.9121V178.221H44.7168V176.744H45.9473V178.221H47.7168V179.275H45.9473V179.604ZM51.8301 186.963H50.5879V176.369H51.8301V186.963ZM49.6738 186.447H48.4434V181.514H47.0605V180.436H48.4434V176.568H49.6738V186.447ZM60.4199 180.271H61.6504V176.557H62.8926V186.447H61.6504V181.326H60.4199V184.232H56.2598V177.518H60.4199V180.271ZM57.4785 183.201H59.2012V178.549H57.4785V183.201ZM65.0723 186.963H63.8184V176.369H65.0723V186.963ZM74.8574 180.846H67.498V176.873H68.7988V179.791H74.8574V180.846ZM75.959 183.201H73.6387V186.963H72.3262V183.201H69.9355V186.963H68.6348V183.201H66.3027V182.146H75.959V183.201Z" fill="#969696"/>
<g clip-path="url(#clip39_24_29531)">
<g clip-path="url(#clip40_24_29531)">
<mask id="mask13_24_29531" style="mask-type:luminance" maskUnits="userSpaceOnUse" x="189" y="176" width="13" height="12">
<path d="M201.062 176.318H189.869V187.511H201.062V176.318Z" fill="white"/>
</mask>
<g mask="url(#mask13_24_29531)">
<path d="M199.105 184.636L199.931 183.806L195.314 179.193L190.697 183.81L191.522 184.636L195.314 180.844L199.105 184.636Z" fill="#969696"/>
</g>
</g>
</g>
<g clip-path="url(#clip41_24_29531)">
<g clip-path="url(#clip42_24_29531)">
<g clip-path="url(#clip43_24_29531)">
<mask id="mask14_24_29531" style="mask-type:luminance" maskUnits="userSpaceOnUse" x="31" y="215" width="25" height="25">
<path d="M55.9802 215.891H31.9902V239.881H55.9802V215.891Z" fill="white"/>
</mask>
<g mask="url(#mask14_24_29531)">
<path d="M44.9861 217.939V220.968C48.3747 221.458 50.9836 224.357 50.9836 227.885C50.9836 228.785 50.8037 229.635 50.5038 230.424L53.1028 231.954C53.6626 230.714 53.9823 229.335 53.9823 227.885C53.9823 222.707 50.0341 218.439 44.9861 217.939ZM43.9866 234.882C40.1182 234.882 36.9895 231.754 36.9895 227.885C36.9895 224.357 39.5984 221.458 42.987 220.968V217.939C37.9291 218.439 33.9907 222.697 33.9907 227.885C33.9907 233.403 38.4589 237.881 43.9766 237.881C47.2852 237.881 50.214 236.272 52.0332 233.793L49.4343 232.264C48.1548 233.863 46.1957 234.882 43.9866 234.882Z" fill="#969696"/>
</g>
</g>
</g>
</g>
<path d="M75.0371 233.907H73.5879V227.604H72.1934V233.278H70.7988V221.78H72.1934V226.388H73.5879V221.548H75.0371V233.907ZM69.4043 224.241H66.3145V229.737C67.0345 229.728 67.6839 229.701 68.2627 229.655C68.8415 229.61 69.4271 229.532 70.0195 229.423L70.1289 230.667C69.4453 230.804 68.7708 230.895 68.1055 230.94C67.4401 230.986 66.6107 231.013 65.6172 231.022H64.7832V223.011H69.4043V224.241ZM81.1758 224.515C81.1712 225.276 81.2965 226.016 81.5518 226.736C81.807 227.456 82.1761 228.097 82.6592 228.657C83.1423 229.218 83.7096 229.637 84.3613 229.915L83.459 231.132C82.7617 230.808 82.1533 230.337 81.6338 229.717C81.1188 229.097 80.7155 228.375 80.4238 227.55C80.1322 228.443 79.7197 229.227 79.1865 229.901C78.6579 230.571 78.0267 231.077 77.293 231.419L76.3633 230.147C77.0332 229.86 77.6143 229.427 78.1064 228.849C78.6032 228.265 78.9814 227.598 79.2412 226.846C79.501 226.089 79.6309 225.312 79.6309 224.515V222.546H81.1758V224.515ZM86.7812 233.921H85.25V221.548H86.7812V233.921ZM99.8926 232.417H88.5996V231.173H93.4668V228.767H89.8438V222.368H91.3613V224.392H97.0898V222.368H98.6074V228.767H94.9707V231.173H99.8926V232.417ZM97.0898 227.536V225.608H91.3613V227.536H97.0898ZM110.734 228.562H102.066V222.628H110.639V223.858H103.57V227.345H110.734V228.562ZM111.992 232.335H100.699V231.077H111.992V232.335Z" fill="#404040"/>
<mask id="mask15_24_29531" style="mask-type:luminance" maskUnits="userSpaceOnUse" x="152" y="216" width="23" height="23">
<path d="M152.581 216.981H174.39V238.791H152.581V216.981Z" fill="white"/>
</mask>
<g mask="url(#mask15_24_29531)">
<path d="M163.484 223.342C165.992 223.342 168.027 225.378 168.027 227.886C168.027 228.477 167.909 229.031 167.7 229.549L170.354 232.202C171.738 231.048 172.81 229.564 173.47 227.886C171.898 223.898 168.018 221.071 163.474 221.071C162.241 221.071 161.017 221.286 159.858 221.707L161.821 223.67C162.339 223.461 162.893 223.342 163.484 223.342ZM154.396 220.862L156.468 222.934L156.887 223.352C155.368 224.532 154.194 226.098 153.488 227.886C155.06 231.875 158.94 234.702 163.484 234.702C164.892 234.702 166.237 234.429 167.464 233.938L167.846 234.32L170.508 236.973L171.662 235.819L155.551 219.708L154.396 220.862ZM159.422 225.888L160.83 227.295C160.783 227.489 160.76 227.687 160.759 227.886C160.759 229.395 161.976 230.613 163.485 230.613C163.685 230.613 163.884 230.585 164.075 230.539L165.484 231.948C164.864 232.261 164.18 232.426 163.485 232.43C162.28 232.43 161.124 231.952 160.272 231.1C159.419 230.247 158.94 229.092 158.94 227.886C158.94 227.169 159.122 226.496 159.422 225.888ZM163.338 225.179L166.2 228.041L166.219 227.895C166.219 226.387 165.001 225.169 163.493 225.169L163.338 225.179Z" fill="#EEEEEE"/>
</g>
<path d="M189.501 222.797L192.047 219.503C192.228 219.261 192.444 219.082 192.695 218.969C192.941 218.856 193.208 218.797 193.479 218.797C193.75 218.797 194.017 218.856 194.263 218.969C194.512 219.082 194.728 219.261 194.91 219.503L197.454 222.796L201.316 224.092C201.709 224.213 202.02 224.436 202.247 224.762C202.474 225.087 202.589 225.447 202.589 225.842C202.589 226.023 202.561 226.205 202.509 226.387C202.453 226.575 202.364 226.752 202.247 226.91L199.748 230.453L199.84 234.178C199.855 234.708 199.68 235.156 199.316 235.52C198.953 235.883 198.529 236.065 198.045 236.065C198.014 236.065 197.848 236.042 197.544 235.996L193.478 234.86L189.412 235.996C189.332 236.028 189.247 236.047 189.162 236.053C189.071 236.061 188.987 236.064 188.911 236.064C188.427 236.064 188.003 235.883 187.64 235.519C187.462 235.345 187.324 235.136 187.234 234.905C187.144 234.674 187.104 234.426 187.117 234.178L187.208 230.431L184.732 226.908C184.616 226.751 184.527 226.574 184.471 226.386C184.418 226.209 184.392 226.025 184.391 225.841C184.391 225.462 184.5 225.11 184.72 224.785C184.94 224.459 185.247 224.229 185.641 224.092L189.502 222.797" fill="#EEEEEE"/>
<g clip-path="url(#clip44_24_29531)">
<g clip-path="url(#clip45_24_29531)">
<g clip-path="url(#clip46_24_29531)">
<mask id="mask16_24_29531" style="mask-type:alpha" maskUnits="userSpaceOnUse" x="31" y="257" width="25" height="25">
<path d="M55.9802 257.881H31.9902V281.871H55.9802V257.881Z" fill="#D9D9D9"/>
</mask>
<g mask="url(#mask16_24_29531)">
<path d="M33.9907 278.872V260.88H43.9866V264.878H53.9823V278.872H33.9907ZM35.9899 276.873H41.9874V274.874H35.9899V276.873ZM35.9899 272.875H41.9874V270.876H35.9899V272.875ZM35.9899 268.877H41.9874V266.877H35.9899V268.877ZM35.9899 264.878H41.9874V262.879H35.9899V264.878ZM43.9866 276.873H51.9833V266.877H43.9866V276.873ZM45.9858 270.876V268.877H49.9841V270.876H45.9858ZM45.9858 274.874V272.875H49.9841V274.874H45.9858Z" fill="#969696"/>
</g>
</g>
</g>
</g>
<path d="M74.9688 272.794H73.5195V263.538H74.9688V272.794ZM72.4941 272.425H71.0449V267.722H69.3906V266.478H71.0449V263.757H72.4941V272.425ZM75.3105 275.651H66.6973V271.687H68.2148V274.421H75.3105V275.651ZM68.2148 266.067C68.2148 266.56 68.2969 267.036 68.4609 267.496C68.6296 267.956 68.8848 268.376 69.2266 268.754C69.5684 269.128 69.9922 269.426 70.498 269.649L69.6504 270.825C69.1445 270.593 68.7093 270.278 68.3447 269.882C67.9847 269.481 67.6999 269.021 67.4902 268.501C67.2624 269.089 66.9525 269.608 66.5605 270.06C66.1686 270.511 65.6992 270.866 65.1523 271.126L64.3184 269.978C64.8424 269.722 65.2868 269.385 65.6514 268.966C66.016 268.542 66.2871 268.079 66.4648 267.578C66.6471 267.072 66.7383 266.569 66.7383 266.067V264.386H68.2148V266.067ZM86.8633 275.911H85.3594V269.239H83.0352V268.009H85.3594V263.538H86.8633V275.911ZM82.8438 265.849H78.5918V268.063H82.3516V269.267H78.5918V271.81C79.6035 271.805 80.4808 271.78 81.2236 271.734C81.971 271.689 82.7207 271.604 83.4727 271.481L83.623 272.712C82.7663 272.844 81.9163 272.935 81.0732 272.985C80.2301 273.031 79.2161 273.058 78.0312 273.067H77.0605V264.604H82.8438V265.849ZM102.271 270.88H100.754V267.858H98.6484V266.614H100.754V263.538H102.271V270.88ZM98.0879 271.194C98.9583 271.194 99.7103 271.288 100.344 271.475C100.982 271.657 101.469 271.926 101.807 272.281C102.144 272.632 102.312 273.054 102.312 273.546C102.312 274.038 102.144 274.46 101.807 274.811C101.469 275.166 100.982 275.435 100.344 275.617C99.7103 275.804 98.9583 275.897 98.0879 275.897C97.222 275.897 96.4723 275.804 95.8389 275.617C95.2054 275.435 94.7201 275.166 94.3828 274.811C94.0501 274.46 93.8861 274.038 93.8906 273.546C93.8861 273.054 94.0501 272.632 94.3828 272.281C94.7201 271.926 95.2054 271.657 95.8389 271.475C96.4723 271.288 97.222 271.194 98.0879 271.194ZM98.0879 272.356C97.222 272.356 96.5566 272.459 96.0918 272.664C95.627 272.865 95.3945 273.159 95.3945 273.546C95.3945 273.929 95.627 274.22 96.0918 274.421C96.5566 274.621 97.222 274.722 98.0879 274.722C98.9538 274.722 99.6214 274.621 100.091 274.421C100.56 274.22 100.795 273.929 100.795 273.546C100.795 273.159 100.56 272.865 100.091 272.664C99.6214 272.459 98.9538 272.356 98.0879 272.356ZM96.4609 265.657C96.4609 266.168 96.5726 266.664 96.7959 267.147C97.0192 267.626 97.3496 268.057 97.7871 268.439C98.2246 268.818 98.7533 269.112 99.373 269.321L98.6074 270.524C97.9375 270.297 97.3564 269.962 96.8643 269.52C96.3766 269.073 95.9938 268.553 95.7158 267.961C95.4378 268.631 95.0413 269.216 94.5264 269.718C94.0114 270.215 93.3939 270.593 92.6738 270.853L91.8809 269.649C92.5234 269.431 93.0726 269.114 93.5283 268.699C93.984 268.28 94.3281 267.808 94.5605 267.284C94.7975 266.76 94.916 266.222 94.916 265.671V265.575H92.3457V264.345H99.0176V265.575H96.4609V265.657ZM115.314 274.407H104.021V273.163H108.889V270.757H105.266V264.358H106.783V266.382H112.512V264.358H114.029V270.757H110.393V273.163H115.314V274.407ZM112.512 269.526V267.599H106.783V269.526H112.512Z" fill="#404040"/>
<mask id="mask17_24_29531" style="mask-type:luminance" maskUnits="userSpaceOnUse" x="152" y="258" width="23" height="23">
<path d="M152.581 258.972H174.39V280.781H152.581V258.972Z" fill="white"/>
</mask>
<g mask="url(#mask17_24_29531)">
<path d="M163.484 265.333C165.992 265.333 168.027 267.369 168.027 269.877C168.027 270.468 167.909 271.022 167.7 271.54L170.354 274.193C171.738 273.038 172.81 271.554 173.47 269.877C171.898 265.888 168.018 263.061 163.474 263.061C162.241 263.061 161.017 263.276 159.858 263.697L161.821 265.66C162.339 265.452 162.893 265.333 163.484 265.333ZM154.396 262.852L156.468 264.924L156.887 265.343C155.368 266.522 154.194 268.088 153.488 269.877C155.06 273.866 158.94 276.692 163.484 276.692C164.892 276.692 166.237 276.419 167.464 275.929L167.846 276.31L170.508 278.963L171.662 277.81L155.551 261.698L154.396 262.852ZM159.422 267.878L160.83 269.286C160.783 269.479 160.76 269.678 160.759 269.877C160.759 271.385 161.976 272.603 163.485 272.603C163.685 272.603 163.884 272.576 164.075 272.53L165.484 273.939C164.864 274.251 164.18 274.416 163.485 274.421C162.28 274.421 161.124 273.942 160.272 273.09C159.419 272.238 158.94 271.082 158.94 269.877C158.94 269.159 159.122 268.486 159.422 267.878ZM163.338 267.169L166.2 270.031L166.219 269.885C166.219 268.377 165.001 267.159 163.493 267.159L163.338 267.169Z" fill="#EEEEEE"/>
</g>
<path d="M189.501 264.788L192.047 261.493C192.228 261.251 192.444 261.072 192.695 260.959C192.941 260.846 193.208 260.787 193.479 260.787C193.75 260.787 194.017 260.846 194.263 260.959C194.512 261.072 194.728 261.251 194.91 261.493L197.454 264.787L201.316 266.082C201.709 266.203 202.02 266.427 202.247 266.753C202.474 267.078 202.589 267.437 202.589 267.832C202.589 268.013 202.561 268.195 202.509 268.377C202.453 268.565 202.364 268.742 202.247 268.9L199.748 272.444L199.84 276.169C199.855 276.699 199.68 277.146 199.316 277.51C198.953 277.873 198.529 278.055 198.045 278.055C198.014 278.055 197.848 278.032 197.544 277.987L193.478 276.85L189.412 277.987C189.332 278.018 189.247 278.037 189.162 278.043C189.071 278.051 188.987 278.054 188.911 278.054C188.427 278.054 188.003 277.873 187.64 277.509C187.462 277.335 187.324 277.126 187.234 276.895C187.144 276.664 187.104 276.416 187.117 276.169L187.208 272.421L184.732 268.899C184.616 268.741 184.527 268.564 184.471 268.376C184.418 268.199 184.392 268.016 184.391 267.831C184.391 267.453 184.5 267.101 184.72 266.776C184.94 266.45 185.247 266.219 185.641 266.082L189.502 264.788" fill="#EEEEEE"/>
<g clip-path="url(#clip47_24_29531)">
<g clip-path="url(#clip48_24_29531)">
<g clip-path="url(#clip49_24_29531)">
<path d="M35.9886 312.875C37.0881 312.875 37.9877 311.975 37.9877 310.876C37.9877 309.776 37.0881 308.877 35.9886 308.877C34.889 308.877 33.9894 309.776 33.9894 310.876C33.9894 311.975 34.889 312.875 35.9886 312.875ZM37.1181 313.975C36.7483 313.915 36.3784 313.875 35.9886 313.875C34.999 313.875 34.0594 314.085 33.2097 314.454C32.47 314.774 31.9902 315.494 31.9902 316.304V317.873H36.4884V316.264C36.4884 315.434 36.7183 314.654 37.1181 313.975ZM51.9819 312.875C53.0814 312.875 53.981 311.975 53.981 310.876C53.981 309.776 53.0814 308.877 51.9819 308.877C50.8824 308.877 49.9827 309.776 49.9827 310.876C49.9827 311.975 50.8824 312.875 51.9819 312.875ZM55.9802 316.304C55.9802 315.494 55.5004 314.774 54.7607 314.454C53.9111 314.085 52.9715 313.875 51.9819 313.875C51.5921 313.875 51.2222 313.915 50.8524 313.975C51.2522 314.654 51.4821 315.434 51.4821 316.264V317.873H55.9802V316.304ZM48.2234 313.525C47.0539 313.005 45.6145 312.625 43.9852 312.625C42.3559 312.625 40.9165 313.015 39.747 313.525C38.6675 314.005 37.9877 315.084 37.9877 316.264V317.873H49.9827V316.264C49.9827 315.084 49.303 314.005 48.2234 313.525ZM40.0569 315.874C40.1468 315.644 40.1868 315.484 40.9665 315.184C41.9361 314.804 42.9557 314.624 43.9852 314.624C45.0148 314.624 46.0343 314.804 47.004 315.184C47.7736 315.484 47.8137 315.644 47.9136 315.874H40.0569ZM43.9852 307.877C44.535 307.877 44.9848 308.327 44.9848 308.877C44.9848 309.426 44.535 309.876 43.9852 309.876C43.4355 309.876 42.9857 309.426 42.9857 308.877C42.9857 308.327 43.4355 307.877 43.9852 307.877ZM43.9852 305.878C42.3259 305.878 40.9865 307.217 40.9865 308.877C40.9865 310.536 42.3259 311.875 43.9852 311.875C45.6445 311.875 46.984 310.536 46.984 308.877C46.984 307.217 45.6445 305.878 43.9852 305.878Z" fill="#969696"/>
</g>
</g>
</g>
<path d="M74.6953 317.888H73.1777V305.528H74.6953V317.888ZM65.002 314.456C65.3027 314.451 65.7266 314.447 66.2734 314.442C66.8249 314.438 67.3079 314.429 67.7227 314.415V313.28C67.2578 313.207 66.8522 313.068 66.5059 312.863C66.1641 312.658 65.8975 312.401 65.7061 312.091C65.5192 311.776 65.4258 311.425 65.4258 311.038C65.4258 310.578 65.5534 310.172 65.8086 309.821C66.0638 309.47 66.4193 309.199 66.875 309.008C67.3353 308.812 67.8639 308.714 68.4609 308.714C69.0625 308.714 69.5957 308.812 70.0605 309.008C70.5254 309.199 70.8877 309.47 71.1475 309.821C71.4072 310.172 71.5371 310.578 71.5371 311.038C71.5371 311.421 71.4414 311.767 71.25 312.077C71.0632 312.387 70.7965 312.647 70.4502 312.856C70.1038 313.062 69.7005 313.201 69.2402 313.273V314.36C70.3887 314.31 71.4596 314.219 72.4531 314.087L72.5625 315.222C71.3548 315.427 70.1152 315.561 68.8438 315.625C67.5723 315.684 66.1823 315.714 64.6738 315.714L64.4551 314.456H65.002ZM72.2344 308.153H64.7148V306.95H67.7227V305.569H69.2402V306.95H72.2344V308.153ZM68.4609 309.876C67.9824 309.885 67.5973 309.992 67.3057 310.197C67.014 310.402 66.8704 310.683 66.875 311.038C66.8704 311.271 66.9342 311.473 67.0664 311.646C67.2031 311.815 67.3923 311.945 67.6338 312.036C67.8753 312.123 68.151 312.164 68.4609 312.159C68.9486 312.168 69.3382 312.073 69.6299 311.872C69.9261 311.667 70.0742 311.389 70.0742 311.038C70.0742 310.683 69.9284 310.402 69.6367 310.197C69.3451 309.992 68.9531 309.885 68.4609 309.876ZM86.8633 314.894H85.332V313.813H82.9121V312.747H85.332V305.542H86.8633V314.894ZM87.1504 317.642H78.0859V313.991H79.6035V316.411H87.1504V317.642ZM76.4453 311.093C78.0495 311.084 79.4896 311.056 80.7656 311.011C82.0417 310.965 83.2585 310.869 84.416 310.724L84.498 311.817C83.5091 311.981 82.4701 312.1 81.3809 312.173V314.552H79.8633V312.255C78.9837 312.291 77.9082 312.31 76.6367 312.31L76.4453 311.093ZM80.4785 305.993C81.0755 305.993 81.6042 306.087 82.0645 306.273C82.5293 306.456 82.8916 306.713 83.1514 307.046C83.4157 307.374 83.5501 307.752 83.5547 308.181C83.5501 308.618 83.418 309.001 83.1582 309.329C82.8984 309.657 82.5361 309.91 82.0713 310.088C81.6064 310.266 81.0755 310.354 80.4785 310.354C79.8724 310.354 79.3346 310.266 78.8652 310.088C78.4004 309.91 78.0381 309.657 77.7783 309.329C77.5186 309.001 77.3887 308.618 77.3887 308.181C77.3887 307.752 77.5186 307.374 77.7783 307.046C78.0381 306.713 78.4004 306.456 78.8652 306.273C79.3346 306.087 79.8724 305.993 80.4785 305.993ZM80.4785 307.114C79.9818 307.114 79.5807 307.21 79.2754 307.401C78.9746 307.588 78.8242 307.848 78.8242 308.181C78.8242 308.513 78.9746 308.775 79.2754 308.967C79.5807 309.154 79.9818 309.247 80.4785 309.247C80.957 309.247 81.3467 309.151 81.6475 308.96C81.9482 308.769 82.1009 308.509 82.1055 308.181C82.1009 307.853 81.9482 307.593 81.6475 307.401C81.3467 307.21 80.957 307.114 80.4785 307.114Z" fill="#404040"/>
<mask id="mask18_24_29531" style="mask-type:luminance" maskUnits="userSpaceOnUse" x="152" y="300" width="23" height="23">
<path d="M152.581 300.962H174.39V322.771H152.581V300.962Z" fill="white"/>
</mask>
<g mask="url(#mask18_24_29531)">
<path d="M163.484 307.323C165.992 307.323 168.027 309.359 168.027 311.867C168.027 312.458 167.909 313.012 167.7 313.53L170.354 316.183C171.738 315.029 172.81 313.544 173.47 311.867C171.898 307.878 168.018 305.052 163.474 305.052C162.241 305.051 161.017 305.266 159.858 305.687L161.821 307.65C162.339 307.442 162.893 307.323 163.484 307.323ZM154.396 304.842L156.468 306.914L156.887 307.333C155.368 308.512 154.194 310.078 153.488 311.867C155.06 315.856 158.94 318.682 163.484 318.682C164.892 318.682 166.237 318.41 167.464 317.919L167.846 318.301L170.508 320.954L171.662 319.8L155.551 303.688L154.396 304.842ZM159.422 309.868L160.83 311.276C160.783 311.469 160.76 311.668 160.759 311.867C160.759 313.375 161.976 314.593 163.485 314.593C163.685 314.593 163.884 314.566 164.075 314.52L165.484 315.929C164.864 316.241 164.18 316.406 163.485 316.411C162.28 316.411 161.124 315.932 160.272 315.08C159.419 314.228 158.94 313.072 158.94 311.867C158.94 311.149 159.122 310.477 159.422 309.868ZM163.338 309.159L166.2 312.022L166.219 311.876C166.219 310.368 165.001 309.149 163.493 309.149L163.338 309.159Z" fill="#EEEEEE"/>
</g>
<path d="M189.501 306.778L192.047 303.484C192.228 303.242 192.444 303.063 192.695 302.949C192.941 302.836 193.208 302.777 193.479 302.777C193.75 302.777 194.017 302.836 194.263 302.949C194.512 303.063 194.728 303.242 194.91 303.484L197.454 306.777L201.316 308.072C201.709 308.193 202.02 308.417 202.247 308.743C202.474 309.068 202.589 309.428 202.589 309.822C202.589 310.003 202.561 310.186 202.509 310.368C202.453 310.556 202.364 310.732 202.247 310.89L199.748 314.434L199.84 318.159C199.855 318.689 199.68 319.136 199.316 319.5C198.953 319.863 198.529 320.045 198.045 320.045C198.014 320.045 197.848 320.023 197.544 319.977L193.478 318.84L189.412 319.977C189.332 320.008 189.247 320.027 189.162 320.033C189.071 320.041 188.987 320.044 188.911 320.044C188.427 320.044 188.003 319.863 187.64 319.499C187.462 319.326 187.324 319.116 187.234 318.885C187.144 318.654 187.104 318.407 187.117 318.159L187.208 314.411L184.732 310.889C184.616 310.731 184.527 310.555 184.471 310.367C184.418 310.19 184.392 310.006 184.391 309.821C184.391 309.443 184.5 309.091 184.72 308.766C184.94 308.44 185.247 308.21 185.641 308.072L189.502 306.778" fill="#EEEEEE"/>
<g clip-path="url(#clip50_24_29531)">
<g clip-path="url(#clip51_24_29531)">
<g clip-path="url(#clip52_24_29531)">
<mask id="mask19_24_29531" style="mask-type:alpha" maskUnits="userSpaceOnUse" x="31" y="341" width="25" height="25">
<path d="M55.9802 341.86H31.9902V365.85H55.9802V341.86Z" fill="#D9D9D9"/>
</mask>
<g mask="url(#mask19_24_29531)">
<path d="M35.9899 363.852C35.4401 363.852 34.9695 363.656 34.578 363.265C34.1865 362.873 33.9907 362.403 33.9907 361.853V350.857C33.9907 350.308 34.1865 349.837 34.578 349.446C34.9695 349.054 35.4401 348.858 35.9899 348.858H40.9878V345.86C40.9878 345.31 41.1836 344.839 41.5751 344.448C41.9666 344.056 42.4372 343.86 42.987 343.86H44.9861C45.5359 343.86 46.0065 344.056 46.398 344.448C46.7895 344.839 46.9853 345.31 46.9853 345.86V348.858H51.9833C52.533 348.858 53.0037 349.054 53.3952 349.446C53.7866 349.837 53.9823 350.308 53.9823 350.857V361.853C53.9823 362.403 53.7866 362.873 53.3952 363.265C53.0037 363.656 52.533 363.852 51.9833 363.852H35.9899ZM35.9899 361.853H51.9833V350.857H46.9853C46.9853 351.407 46.7895 351.878 46.398 352.269C46.0065 352.661 45.5359 352.857 44.9861 352.857H42.987C42.4372 352.857 41.9666 352.661 41.5751 352.269C41.1836 351.878 40.9878 351.407 40.9878 350.857H35.9899V361.853ZM37.9891 359.854H43.9866V359.404C43.9866 359.121 43.9074 358.858 43.7492 358.617C43.5909 358.375 43.3701 358.188 43.0869 358.054C42.7537 357.904 42.4164 357.792 42.0749 357.717C41.7333 357.642 41.371 357.605 40.9878 357.605C40.6046 357.605 40.2423 357.642 39.9008 357.717C39.5592 357.792 39.2219 357.904 38.8887 358.054C38.6055 358.188 38.3847 358.375 38.2265 358.617C38.0682 358.858 37.9891 359.121 37.9891 359.404V359.854ZM45.9858 358.354H49.9841V356.855H45.9858V358.354ZM40.9878 356.855C41.4043 356.855 41.7583 356.709 42.0499 356.418C42.3414 356.126 42.4872 355.772 42.4872 355.356C42.4872 354.939 42.3414 354.585 42.0499 354.293C41.7583 354.002 41.4043 353.856 40.9878 353.856C40.5713 353.856 40.2173 354.002 39.9258 354.293C39.6342 354.585 39.4884 354.939 39.4884 355.356C39.4884 355.772 39.6342 356.126 39.9258 356.418C40.2173 356.709 40.5713 356.855 40.9878 356.855ZM45.9858 355.356H49.9841V353.856H45.9858V355.356ZM42.987 350.857H44.9861V345.86H42.987V350.857Z" fill="#969696"/>
</g>
</g>
</g>
</g>
<path d="M69.0898 349.664C69.0898 350.184 69.2061 350.685 69.4385 351.168C69.6755 351.651 70.0195 352.082 70.4707 352.46C70.9264 352.838 71.4733 353.128 72.1113 353.328L71.332 354.504C70.6439 354.285 70.0469 353.955 69.541 353.513C69.0352 353.071 68.6387 352.549 68.3516 351.947C68.0645 352.599 67.6589 353.166 67.1348 353.649C66.6152 354.132 65.9954 354.495 65.2754 354.736L64.4961 353.561C65.1387 353.342 65.6878 353.032 66.1436 352.631C66.6038 352.225 66.9525 351.767 67.1895 351.257C67.431 350.742 67.554 350.211 67.5586 349.664V349.514H64.8926V348.297H71.6875V349.514H69.0898V349.664ZM74.6953 354.969H73.1641V347.518H74.6953V354.969ZM74.6953 359.877H73.1641V356.773H66.2598V355.543H74.6953V359.877ZM86.8633 356.883H85.332V355.803H82.9121V354.736H85.332V347.531H86.8633V356.883ZM87.1504 359.631H78.0859V355.98H79.6035V358.4H87.1504V359.631ZM76.4453 353.082C78.0495 353.073 79.4896 353.046 80.7656 353C82.0417 352.954 83.2585 352.859 84.416 352.713L84.498 353.807C83.5091 353.971 82.4701 354.089 81.3809 354.162V356.541H79.8633V354.244C78.9837 354.281 77.9082 354.299 76.6367 354.299L76.4453 353.082ZM80.4785 347.982C81.0755 347.982 81.6042 348.076 82.0645 348.263C82.5293 348.445 82.8916 348.702 83.1514 349.035C83.4157 349.363 83.5501 349.742 83.5547 350.17C83.5501 350.607 83.418 350.99 83.1582 351.318C82.8984 351.646 82.5361 351.899 82.0713 352.077C81.6064 352.255 81.0755 352.344 80.4785 352.344C79.8724 352.344 79.3346 352.255 78.8652 352.077C78.4004 351.899 78.0381 351.646 77.7783 351.318C77.5186 350.99 77.3887 350.607 77.3887 350.17C77.3887 349.742 77.5186 349.363 77.7783 349.035C78.0381 348.702 78.4004 348.445 78.8652 348.263C79.3346 348.076 79.8724 347.982 80.4785 347.982ZM80.4785 349.104C79.9818 349.104 79.5807 349.199 79.2754 349.391C78.9746 349.577 78.8242 349.837 78.8242 350.17C78.8242 350.503 78.9746 350.765 79.2754 350.956C79.5807 351.143 79.9818 351.236 80.4785 351.236C80.957 351.236 81.3467 351.141 81.6475 350.949C81.9482 350.758 82.1009 350.498 82.1055 350.17C82.1009 349.842 81.9482 349.582 81.6475 349.391C81.3467 349.199 80.957 349.104 80.4785 349.104Z" fill="#404040"/>
<mask id="mask20_24_29531" style="mask-type:luminance" maskUnits="userSpaceOnUse" x="152" y="342" width="23" height="23">
<path d="M152.581 342.951H174.39V364.76H152.581V342.951Z" fill="white"/>
</mask>
<g mask="url(#mask20_24_29531)">
<path d="M163.484 349.312C165.992 349.312 168.027 351.348 168.027 353.856C168.027 354.447 167.909 355.001 167.7 355.519L170.354 358.172C171.738 357.018 172.81 355.534 173.47 353.856C171.898 349.867 168.018 347.041 163.474 347.041C162.241 347.04 161.017 347.256 159.858 347.677L161.821 349.639C162.339 349.431 162.893 349.312 163.484 349.312ZM154.396 346.831L156.468 348.903L156.887 349.322C155.368 350.501 154.194 352.067 153.488 353.856C155.06 357.845 158.94 360.671 163.484 360.671C164.892 360.671 166.237 360.399 167.464 359.908L167.846 360.29L170.508 362.943L171.662 361.789L155.551 345.678L154.396 346.831ZM159.422 351.857L160.83 353.265C160.783 353.459 160.76 353.657 160.759 353.856C160.759 355.364 161.976 356.582 163.485 356.582C163.685 356.582 163.884 356.555 164.075 356.509L165.484 357.918C164.864 358.231 164.18 358.396 163.485 358.4C162.28 358.4 161.124 357.921 160.272 357.069C159.419 356.217 158.94 355.061 158.94 353.856C158.94 353.139 159.122 352.466 159.422 351.857ZM163.338 351.149L166.2 354.011L166.219 353.865C166.219 352.357 165.001 351.139 163.493 351.139L163.338 351.149Z" fill="#EEEEEE"/>
</g>
<path d="M189.501 348.767L192.047 345.473C192.228 345.231 192.444 345.052 192.695 344.939C192.941 344.825 193.208 344.767 193.479 344.767C193.75 344.767 194.017 344.825 194.263 344.939C194.512 345.052 194.728 345.231 194.91 345.473L197.454 348.766L201.316 350.062C201.709 350.183 202.02 350.406 202.247 350.732C202.474 351.057 202.589 351.417 202.589 351.812C202.589 351.993 202.561 352.175 202.509 352.357C202.453 352.545 202.364 352.722 202.247 352.879L199.748 356.423L199.84 360.148C199.855 360.678 199.68 361.125 199.316 361.489C198.953 361.853 198.529 362.035 198.045 362.035C198.014 362.035 197.848 362.012 197.544 361.966L193.478 360.83L189.412 361.966C189.332 361.997 189.247 362.016 189.162 362.023C189.071 362.03 188.987 362.034 188.911 362.034C188.427 362.034 188.003 361.853 187.64 361.488C187.462 361.315 187.324 361.106 187.234 360.875C187.144 360.644 187.104 360.396 187.117 360.148L187.208 356.4L184.732 352.878C184.616 352.721 184.527 352.544 184.471 352.356C184.418 352.179 184.392 351.995 184.391 351.811C184.391 351.432 184.5 351.08 184.72 350.755C184.94 350.429 185.247 350.199 185.641 350.062L189.502 348.767" fill="#EEEEEE"/>
<g clip-path="url(#clip53_24_29531)">
<g clip-path="url(#clip54_24_29531)">
<g clip-path="url(#clip55_24_29531)">
<mask id="mask21_24_29531" style="mask-type:alpha" maskUnits="userSpaceOnUse" x="31" y="383" width="25" height="25">
<path d="M55.9802 383.852H31.9902V407.842H55.9802V383.852Z" fill="#D9D9D9"/>
</mask>
<g mask="url(#mask21_24_29531)">
<path d="M33.9907 403.843V393.847C33.9907 393.297 34.1865 392.827 34.578 392.435C34.9695 392.044 35.4401 391.848 35.9899 391.848H38.9886V389.849C38.9886 389.299 39.1844 388.828 39.5759 388.437C39.9674 388.045 40.438 387.85 40.9878 387.85H46.9853C47.535 387.85 48.0057 388.045 48.3972 388.437C48.7888 388.828 48.9845 389.299 48.9845 389.849V391.848H51.9833C52.533 391.848 53.0037 392.044 53.3952 392.435C53.7866 392.827 53.9823 393.297 53.9823 393.847V403.843H33.9907ZM39.9882 398.845V399.845H37.9891V398.845H35.9899V401.844H51.9833V398.845H49.9841V399.845H47.9848V398.845H39.9882ZM35.9899 393.847V396.846H37.9891V395.846H39.9882V396.846H47.9848V395.846H49.9841V396.846H51.9833V393.847H35.9899ZM40.9878 391.848H46.9853V389.849H40.9878V391.848Z" fill="#969696"/>
</g>
</g>
</g>
</g>
<path d="M68.7754 391.467C68.7754 391.991 68.887 392.492 69.1104 392.971C69.3337 393.449 69.6641 393.873 70.1016 394.242C70.5391 394.611 71.0677 394.894 71.6875 395.09L70.8672 396.279C70.2155 396.056 69.6504 395.73 69.1719 395.302C68.6934 394.873 68.3174 394.368 68.0439 393.784C67.766 394.454 67.3763 395.033 66.875 395.521C66.3783 396.008 65.7812 396.375 65.084 396.621L64.2637 395.432C64.9108 395.204 65.4577 394.882 65.9043 394.468C66.3509 394.053 66.6859 393.577 66.9092 393.039C67.137 392.501 67.2533 391.932 67.2578 391.33V390.154H68.7754V391.467ZM74.1484 392.506H75.8711V393.764H74.1484V396.895H72.6309V389.498H74.1484V392.506ZM70.1289 397.168C70.9766 397.163 71.7103 397.255 72.3301 397.441C72.9499 397.624 73.4261 397.89 73.7588 398.241C74.096 398.592 74.2669 399.009 74.2715 399.492C74.2669 399.984 74.0983 400.406 73.7656 400.757C73.4329 401.112 72.9544 401.381 72.3301 401.563C71.7103 401.75 70.9766 401.844 70.1289 401.844C69.2676 401.844 68.5225 401.75 67.8936 401.563C67.2692 401.381 66.7884 401.112 66.4512 400.757C66.1139 400.406 65.9453 399.984 65.9453 399.492C65.9453 399.009 66.1139 398.592 66.4512 398.241C66.7884 397.89 67.2715 397.624 67.9004 397.441C68.5293 397.255 69.2721 397.163 70.1289 397.168ZM70.1289 398.357C69.2812 398.357 68.625 398.458 68.1602 398.658C67.6953 398.854 67.4629 399.132 67.4629 399.492C67.4629 399.87 67.693 400.158 68.1533 400.354C68.6136 400.545 69.2721 400.641 70.1289 400.641C70.9857 400.641 71.6396 400.545 72.0908 400.354C72.542 400.158 72.7676 399.87 72.7676 399.492C72.7676 399.128 72.5397 398.847 72.084 398.651C71.6283 398.455 70.9766 398.357 70.1289 398.357ZM87.7656 396.566H82.8711V397.756H86.3984V401.707H77.8262V397.756H81.3672V396.566H76.5V395.35H87.7656V396.566ZM86.7266 391.084H85.0312V393.203H86.6582V394.434H77.5801V393.203H79.207V391.084H77.5117V389.867H86.7266V391.084ZM79.3301 400.477H84.9219V398.932H79.3301V400.477ZM83.5 393.203V391.084H80.7246V393.203H83.5Z" fill="#404040"/>
<mask id="mask22_24_29531" style="mask-type:luminance" maskUnits="userSpaceOnUse" x="152" y="384" width="23" height="23">
<path d="M152.581 384.941H174.39V406.75H152.581V384.941Z" fill="white"/>
</mask>
<g mask="url(#mask22_24_29531)">
<path d="M163.484 391.302C165.992 391.302 168.027 393.338 168.027 395.846C168.027 396.437 167.909 396.991 167.7 397.509L170.354 400.162C171.738 399.008 172.81 397.524 173.47 395.846C171.898 391.857 168.018 389.031 163.474 389.031C162.241 389.031 161.017 389.246 159.858 389.667L161.821 391.63C162.339 391.421 162.893 391.302 163.484 391.302ZM154.396 388.822L156.468 390.894L156.887 391.312C155.368 392.492 154.194 394.058 153.488 395.846C155.06 399.835 158.94 402.662 163.484 402.662C164.892 402.662 166.237 402.389 167.464 401.898L167.846 402.28L170.508 404.933L171.662 403.779L155.551 387.668L154.396 388.822ZM159.422 393.848L160.83 395.255C160.783 395.449 160.76 395.647 160.759 395.846C160.759 397.354 161.976 398.573 163.485 398.573C163.685 398.573 163.884 398.545 164.075 398.499L165.484 399.908C164.864 400.221 164.18 400.386 163.485 400.39C162.28 400.39 161.124 399.912 160.272 399.059C159.419 398.207 158.94 397.052 158.94 395.846C158.94 395.129 159.122 394.456 159.422 393.848ZM163.338 393.139L166.2 396.001L166.219 395.855C166.219 394.347 165.001 393.129 163.493 393.129L163.338 393.139Z" fill="#EEEEEE"/>
</g>
<path d="M189.501 390.758L192.047 387.464C192.228 387.222 192.444 387.043 192.695 386.93C192.941 386.816 193.208 386.758 193.479 386.758C193.75 386.758 194.017 386.816 194.263 386.93C194.512 387.043 194.728 387.222 194.91 387.464L197.454 390.757L201.316 392.053C201.709 392.174 202.02 392.397 202.247 392.723C202.474 393.048 202.589 393.408 202.589 393.803C202.589 393.984 202.561 394.166 202.509 394.348C202.453 394.536 202.364 394.713 202.247 394.87L199.748 398.414L199.84 402.139C199.855 402.669 199.68 403.116 199.316 403.481C198.953 403.844 198.529 404.026 198.045 404.026C198.014 404.026 197.848 404.003 197.544 403.957L193.478 402.821L189.412 403.957C189.332 403.988 189.247 404.008 189.162 404.014C189.071 404.022 188.987 404.025 188.911 404.025C188.427 404.025 188.003 403.844 187.64 403.48C187.462 403.306 187.324 403.097 187.234 402.866C187.144 402.635 187.104 402.387 187.117 402.139L187.208 398.392L184.732 394.869C184.616 394.712 184.527 394.535 184.471 394.347C184.418 394.17 184.392 393.986 184.391 393.802C184.391 393.423 184.5 393.071 184.72 392.746C184.94 392.42 185.247 392.19 185.641 392.053L189.502 390.758" fill="#EEEEEE"/>
<g clip-path="url(#clip56_24_29531)">
<g clip-path="url(#clip57_24_29531)">
<g clip-path="url(#clip58_24_29531)">
<mask id="mask23_24_29531" style="mask-type:luminance" maskUnits="userSpaceOnUse" x="31" y="425" width="25" height="25">
<path d="M55.9802 425.84H31.9902V449.83H55.9802V425.84Z" fill="white"/>
</mask>
<g mask="url(#mask23_24_29531)">
<path d="M50.9821 428.838H36.9779C35.8684 428.838 34.9988 429.728 34.9988 430.837L34.9888 444.831C34.9888 445.931 35.8684 446.83 36.9779 446.83H50.9821C52.0816 446.83 52.9813 445.931 52.9813 444.831V430.837C52.9813 429.728 52.0816 428.838 50.9821 428.838ZM50.9821 440.833H46.9838C46.9838 442.492 45.6343 443.832 43.985 443.832C42.3357 443.832 40.9863 442.492 40.9863 440.833H36.9779V430.837H50.9821V440.833Z" fill="#969696"/>
</g>
</g>
</g>
</g>
<path d="M70.5117 435.861H66.3965V437.242C67.513 437.238 68.4609 437.21 69.2402 437.16C70.0241 437.11 70.8171 437.014 71.6191 436.873L71.7832 438.09C70.89 438.24 70.0036 438.345 69.124 438.404C68.2445 438.459 67.1667 438.486 65.8906 438.486H64.8789V434.686H69.0215V433.428H64.8652V432.197H70.5117V435.861ZM74.1484 434.521H75.8848V435.779H74.1484V439.006H72.6309V431.5H74.1484V434.521ZM74.1484 443.832H72.6309V440.811H65.918V439.594H74.1484V443.832ZM82.8164 432.703C82.8118 434.048 82.6478 435.267 82.3242 436.36C82.0007 437.45 81.4333 438.466 80.6221 439.409C79.8109 440.348 78.6966 441.184 77.2793 441.918L76.4453 440.756C77.457 440.232 78.2933 439.662 78.9541 439.047C79.6195 438.427 80.1367 437.743 80.5059 436.996L76.7188 437.352L76.5 436.053L80.9775 435.779C81.1416 435.219 81.2487 434.604 81.2988 433.934H77.1426V432.703H82.8164ZM86.8496 443.846H85.332V437.557H82.7891V436.312H85.332V431.486H86.8496V443.846Z" fill="#404040"/>
<mask id="mask24_24_29531" style="mask-type:luminance" maskUnits="userSpaceOnUse" x="152" y="426" width="23" height="23">
<path d="M152.581 426.93H174.39V448.739H152.581V426.93Z" fill="white"/>
</mask>
<g mask="url(#mask24_24_29531)">
<path d="M163.484 433.291C165.992 433.291 168.027 435.327 168.027 437.835C168.027 438.426 167.909 438.98 167.7 439.498L170.354 442.151C171.738 440.996 172.81 439.512 173.47 437.835C171.898 433.846 168.018 431.019 163.474 431.019C162.241 431.019 161.017 431.234 159.858 431.655L161.821 433.618C162.339 433.41 162.893 433.291 163.484 433.291ZM154.396 430.81L156.468 432.882L156.887 433.301C155.368 434.48 154.194 436.046 153.488 437.835C155.06 441.824 158.94 444.65 163.484 444.65C164.892 444.65 166.237 444.377 167.464 443.887L167.846 444.268L170.508 446.921L171.662 445.768L155.551 429.656L154.396 430.81ZM159.422 435.836L160.83 437.244C160.783 437.437 160.76 437.636 160.759 437.835C160.759 439.343 161.976 440.561 163.485 440.561C163.685 440.561 163.884 440.534 164.075 440.488L165.484 441.897C164.864 442.209 164.18 442.374 163.485 442.379C162.28 442.379 161.124 441.9 160.272 441.048C159.419 440.196 158.94 439.04 158.94 437.835C158.94 437.117 159.122 436.444 159.422 435.836ZM163.338 435.127L166.2 437.99L166.219 437.843C166.219 436.335 165.001 435.117 163.493 435.117L163.338 435.127Z" fill="#EEEEEE"/>
</g>
<path d="M189.501 432.747L192.047 429.452C192.228 429.21 192.444 429.031 192.695 428.918C192.941 428.805 193.208 428.746 193.479 428.746C193.75 428.746 194.017 428.805 194.263 428.918C194.512 429.031 194.728 429.21 194.91 429.452L197.454 432.746L201.316 434.041C201.709 434.162 202.02 434.386 202.247 434.712C202.474 435.037 202.589 435.396 202.589 435.791C202.589 435.972 202.561 436.154 202.509 436.336C202.453 436.524 202.364 436.701 202.247 436.859L199.748 440.403L199.84 444.128C199.855 444.658 199.68 445.105 199.316 445.469C198.953 445.832 198.529 446.014 198.045 446.014C198.014 446.014 197.848 445.991 197.544 445.945L193.478 444.809L189.412 445.945C189.332 445.977 189.247 445.996 189.162 446.002C189.071 446.01 188.987 446.013 188.911 446.013C188.427 446.013 188.003 445.832 187.64 445.468C187.462 445.294 187.324 445.085 187.234 444.854C187.144 444.623 187.104 444.375 187.117 444.128L187.208 440.38L184.732 436.858C184.616 436.7 184.527 436.523 184.471 436.335C184.418 436.158 184.392 435.975 184.391 435.79C184.391 435.412 184.5 435.059 184.72 434.735C184.94 434.408 185.247 434.178 185.641 434.041L189.502 432.747" fill="#EEEEEE"/>
<g clip-path="url(#clip59_24_29531)">
<g clip-path="url(#clip60_24_29531)">
<g clip-path="url(#clip61_24_29531)">
<mask id="mask25_24_29531" style="mask-type:luminance" maskUnits="userSpaceOnUse" x="31" y="467" width="25" height="25">
<path d="M55.9802 467.83H31.9902V491.82H55.9802V467.83Z" fill="white"/>
</mask>
<g mask="url(#mask25_24_29531)">
<path d="M42.9854 479.825C45.1945 479.825 46.9838 478.036 46.9838 475.826C46.9838 473.617 45.1945 471.828 42.9854 471.828C40.7764 471.828 38.9871 473.617 38.9871 475.826C38.9871 478.036 40.7764 479.825 42.9854 479.825ZM42.9854 473.827C44.0849 473.827 44.9846 474.727 44.9846 475.826C44.9846 476.926 44.0849 477.826 42.9854 477.826C41.8859 477.826 40.9863 476.926 40.9863 475.826C40.9863 474.727 41.8859 473.827 42.9854 473.827ZM36.9879 485.822C37.1878 485.193 39.5569 484.143 41.9459 483.883L43.985 481.884C43.5952 481.844 43.3053 481.824 42.9854 481.824C40.3166 481.824 34.9888 483.163 34.9888 485.822V487.821H43.985L41.9858 485.822H36.9879ZM52.5815 480.325L47.4536 485.492L45.3845 483.413L43.985 484.823L47.4536 488.321L53.9808 481.734L52.5815 480.325Z" fill="#969696"/>
</g>
</g>
</g>
</g>
<path d="M75.6387 479.943H70.7715V480.846H74.2578V483.744H67.2305V484.592H74.5996V485.727H65.7402V482.705H72.7676V481.939H65.7266V480.846H69.2676V479.943H64.4277V478.822H75.6387V479.943ZM70.7715 474.488H74.5586V475.623H70.9287C71.029 475.919 71.2546 476.186 71.6055 476.423C71.9609 476.655 72.4349 476.847 73.0273 476.997C73.6243 477.143 74.3262 477.236 75.1328 477.277L74.6816 478.412C73.5651 478.344 72.6058 478.161 71.8037 477.865C71.0016 477.569 70.4069 477.173 70.0195 476.676C69.6322 477.173 69.0374 477.569 68.2354 477.865C67.4333 478.161 66.4694 478.344 65.3438 478.412L64.9199 477.277C65.7174 477.236 66.4102 477.143 66.998 476.997C67.5905 476.847 68.0645 476.655 68.4199 476.423C68.7754 476.186 69.0055 475.919 69.1104 475.623H65.5078V474.488H69.2676V473.449H70.7715V474.488ZM80.9844 475.432C80.9844 475.969 81.096 476.484 81.3193 476.977C81.5426 477.464 81.8708 477.899 82.3037 478.282C82.7412 478.66 83.2676 478.95 83.8828 479.15L83.0625 480.367C82.4062 480.135 81.8389 479.795 81.3604 479.349C80.8818 478.902 80.5081 478.376 80.2393 477.77C79.9613 478.43 79.5693 479.005 79.0635 479.492C78.5622 479.98 77.9629 480.349 77.2656 480.6L76.4453 479.383C77.097 479.164 77.6484 478.852 78.0996 478.446C78.5508 478.036 78.888 477.564 79.1113 477.031C79.3392 476.498 79.4531 475.933 79.4531 475.336V474.119H80.9844V475.432ZM86.8496 485.836H85.332V482.623H78.4277V481.42H86.8496V485.836ZM86.8496 480.818H85.332V477.127H82.8711V475.883H85.332V473.477H86.8496V480.818Z" fill="#404040"/>
<mask id="mask26_24_29531" style="mask-type:luminance" maskUnits="userSpaceOnUse" x="152" y="468" width="23" height="23">
<path d="M152.581 468.92H174.39V490.729H152.581V468.92Z" fill="white"/>
</mask>
<g mask="url(#mask26_24_29531)">
<path d="M163.484 475.281C165.992 475.281 168.027 477.317 168.027 479.825C168.027 480.416 167.909 480.97 167.7 481.488L170.354 484.141C171.738 482.987 172.81 481.502 173.47 479.825C171.898 475.836 168.018 473.01 163.474 473.01C162.241 473.009 161.017 473.224 159.858 473.645L161.821 475.608C162.339 475.4 162.893 475.281 163.484 475.281ZM154.396 472.8L156.468 474.872L156.887 475.291C155.368 476.47 154.194 478.036 153.488 479.825C155.06 483.814 158.94 486.64 163.484 486.64C164.892 486.64 166.237 486.368 167.464 485.877L167.846 486.259L170.508 488.912L171.662 487.758L155.551 471.646L154.396 472.8ZM159.422 477.826L160.83 479.234C160.783 479.427 160.76 479.626 160.759 479.825C160.759 481.333 161.976 482.551 163.485 482.551C163.685 482.551 163.884 482.524 164.075 482.478L165.484 483.887C164.864 484.199 164.18 484.364 163.485 484.369C162.28 484.369 161.124 483.89 160.272 483.038C159.419 482.186 158.94 481.03 158.94 479.825C158.94 479.107 159.122 478.435 159.422 477.826ZM163.338 477.117L166.2 479.98L166.219 479.834C166.219 478.326 165.001 477.107 163.493 477.107L163.338 477.117Z" fill="#EEEEEE"/>
</g>
<path d="M189.501 474.737L192.047 471.443C192.228 471.201 192.444 471.022 192.695 470.908C192.941 470.795 193.208 470.736 193.479 470.736C193.75 470.736 194.017 470.795 194.263 470.908C194.512 471.022 194.728 471.201 194.91 471.443L197.454 474.736L201.316 476.031C201.709 476.152 202.02 476.376 202.247 476.702C202.474 477.027 202.589 477.387 202.589 477.781C202.589 477.962 202.561 478.145 202.509 478.327C202.453 478.515 202.364 478.691 202.247 478.849L199.748 482.393L199.84 486.118C199.855 486.648 199.68 487.095 199.316 487.459C198.953 487.822 198.529 488.004 198.045 488.004C198.014 488.004 197.848 487.982 197.544 487.936L193.478 486.799L189.412 487.936C189.332 487.967 189.247 487.986 189.162 487.992C189.071 488 188.987 488.003 188.911 488.003C188.427 488.003 188.003 487.822 187.64 487.458C187.462 487.285 187.324 487.075 187.234 486.844C187.144 486.613 187.104 486.366 187.117 486.118L187.208 482.37L184.732 478.848C184.616 478.69 184.527 478.514 184.471 478.326C184.418 478.149 184.392 477.965 184.391 477.78C184.391 477.402 184.5 477.05 184.72 476.725C184.94 476.399 185.247 476.169 185.641 476.031L189.502 474.737" fill="#EEEEEE"/>
<g clip-path="url(#clip62_24_29531)">
<g clip-path="url(#clip63_24_29531)">
<g clip-path="url(#clip64_24_29531)">
<mask id="mask27_24_29531" style="mask-type:luminance" maskUnits="userSpaceOnUse" x="31" y="509" width="25" height="25">
<path d="M55.9802 509.82H31.9902V533.81H55.9802V509.82Z" fill="white"/>
</mask>
<g mask="url(#mask27_24_29531)">
<path d="M50.9821 512.819H49.9825V510.82H47.9833V512.819H39.9867V510.82H37.9875V512.819H36.9879C35.8784 512.819 34.9988 513.719 34.9988 514.819L34.9888 528.813C34.9888 529.912 35.8784 530.812 36.9879 530.812H50.9821C52.0816 530.812 52.9813 529.912 52.9813 528.813V514.819C52.9813 513.719 52.0816 512.819 50.9821 512.819ZM50.9821 528.813H36.9879V517.817H50.9821V528.813ZM38.9871 519.817H43.985V524.815H38.9871V519.817Z" fill="#969696"/>
</g>
</g>
</g>
</g>
<path d="M70.7852 517.162C70.7852 517.796 70.9766 518.413 71.3594 519.015C71.7467 519.616 72.2799 520.136 72.959 520.573C73.638 521.006 74.3991 521.296 75.2422 521.441L74.5586 522.713C73.5241 522.494 72.6035 522.091 71.7969 521.503C70.9948 520.91 70.3932 520.197 69.9922 519.363C69.582 520.193 68.9736 520.904 68.167 521.496C67.3604 522.084 66.4421 522.49 65.4121 522.713L64.7422 521.441C65.5762 521.291 66.3281 520.999 66.998 520.566C67.6725 520.129 68.2012 519.609 68.584 519.008C68.9714 518.406 69.1673 517.791 69.1719 517.162V516.246H70.7852V517.162ZM75.6934 526.254H64.4004V524.996H75.6934V526.254ZM81.9824 516.889C81.9733 518.151 81.8389 519.258 81.5791 520.211H83.1035V515.768H84.5391V527.238H83.1035V521.441H81.1279C80.7725 522.212 80.2871 522.92 79.6719 523.567C79.0612 524.215 78.291 524.8 77.3613 525.324L76.5 524.285C77.3203 523.82 77.9993 523.31 78.5371 522.754C79.0749 522.198 79.4987 521.592 79.8086 520.936L76.7188 521.25L76.541 519.938L80.2393 519.732C80.3669 519.231 80.4512 518.693 80.4922 518.119H77.1426V516.889H81.9824ZM87.1641 527.826H85.7148V515.467H87.1641V527.826ZM99.8652 521.674H94.9707V522.617H98.457V525.652H91.4297V526.555H98.7988V527.717H89.9395V524.586H96.9668V523.752H89.9258V522.617H93.4668V521.674H88.5996V520.471H99.8652V521.674ZM98.8535 517.025H95.1895C95.3034 517.331 95.5426 517.616 95.9072 517.88C96.2718 518.144 96.7458 518.365 97.3291 518.543C97.917 518.716 98.5846 518.83 99.332 518.885L98.8535 520.033C97.7507 519.947 96.7959 519.726 95.9893 519.37C95.1826 519.015 94.5924 518.561 94.2188 518.01C93.8451 518.561 93.2572 519.015 92.4551 519.37C91.6576 519.726 90.7142 519.947 89.625 520.033L89.1465 518.885C89.8848 518.83 90.5433 518.714 91.1221 518.536C91.7054 518.358 92.1771 518.14 92.5371 517.88C92.9017 517.62 93.141 517.335 93.2549 517.025H89.625V515.85H98.8535V517.025Z" fill="#404040"/>
<mask id="mask28_24_29531" style="mask-type:luminance" maskUnits="userSpaceOnUse" x="152" y="510" width="23" height="23">
<path d="M152.581 510.91H174.39V532.719H152.581V510.91Z" fill="white"/>
</mask>
<g mask="url(#mask28_24_29531)">
<path d="M163.484 517.271C165.992 517.271 168.027 519.307 168.027 521.815C168.027 522.406 167.909 522.96 167.7 523.478L170.354 526.131C171.738 524.977 172.81 523.493 173.47 521.815C171.898 517.826 168.018 515 163.474 515C162.241 514.999 161.017 515.215 159.858 515.636L161.821 517.598C162.339 517.39 162.893 517.271 163.484 517.271ZM154.396 514.79L156.468 516.862L156.887 517.281C155.368 518.46 154.194 520.026 153.488 521.815C155.06 525.804 158.94 528.63 163.484 528.63C164.892 528.63 166.237 528.358 167.464 527.867L167.846 528.249L170.508 530.902L171.662 529.748L155.551 513.637L154.396 514.79ZM159.422 519.816L160.83 521.224C160.783 521.418 160.76 521.616 160.759 521.815C160.759 523.323 161.976 524.541 163.485 524.541C163.685 524.541 163.884 524.514 164.075 524.468L165.484 525.877C164.864 526.19 164.18 526.355 163.485 526.359C162.28 526.359 161.124 525.88 160.272 525.028C159.419 524.176 158.94 523.02 158.94 521.815C158.94 521.098 159.122 520.425 159.422 519.816ZM163.338 519.108L166.2 521.97L166.219 521.824C166.219 520.316 165.001 519.098 163.493 519.098L163.338 519.108Z" fill="#EEEEEE"/>
</g>
<path d="M189.501 516.727L192.047 513.433C192.228 513.191 192.444 513.012 192.695 512.899C192.941 512.785 193.208 512.727 193.479 512.727C193.75 512.727 194.017 512.785 194.263 512.899C194.512 513.012 194.728 513.191 194.91 513.433L197.454 516.726L201.316 518.021C201.709 518.143 202.02 518.366 202.247 518.692C202.474 519.017 202.589 519.377 202.589 519.772C202.589 519.953 202.561 520.135 202.509 520.317C202.453 520.505 202.364 520.682 202.247 520.839L199.748 524.383L199.84 528.108C199.855 528.638 199.68 529.085 199.316 529.449C198.953 529.813 198.529 529.995 198.045 529.995C198.014 529.995 197.848 529.972 197.544 529.926L193.478 528.79L189.412 529.926C189.332 529.957 189.247 529.976 189.162 529.983C189.071 529.99 188.987 529.994 188.911 529.994C188.427 529.994 188.003 529.813 187.64 529.448C187.462 529.275 187.324 529.066 187.234 528.835C187.144 528.603 187.104 528.356 187.117 528.108L187.208 524.36L184.732 520.838C184.616 520.681 184.527 520.504 184.471 520.316C184.418 520.139 184.392 519.955 184.391 519.771C184.391 519.392 184.5 519.04 184.72 518.715C184.94 518.389 185.247 518.159 185.641 518.021L189.502 516.727" fill="#EEEEEE"/>
<g clip-path="url(#clip65_24_29531)">
<g clip-path="url(#clip66_24_29531)">
<g clip-path="url(#clip67_24_29531)">
<mask id="mask29_24_29531" style="mask-type:alpha" maskUnits="userSpaceOnUse" x="31" y="551" width="25" height="25">
<path d="M55.9802 551.801H31.9902V575.791H55.9802V551.801Z" fill="#D9D9D9"/>
</mask>
<g mask="url(#mask29_24_29531)">
<path d="M46.3856 571.793L44.9861 570.394L47.5851 567.795L44.9861 565.196L46.3856 563.796L48.9845 566.395L51.5833 563.796L52.9828 565.196L50.3838 567.795L52.9828 570.394L51.5833 571.793L48.9845 569.194L46.3856 571.793ZM48.3597 562.797L44.8112 559.248L46.2107 557.849L48.3347 559.973L52.583 555.725L53.9823 557.149L48.3597 562.797ZM33.9907 568.794V566.795H42.987V568.794H33.9907ZM33.9907 560.797V558.798H42.987V560.797H33.9907Z" fill="#969696"/>
</g>
</g>
</g>
</g>
<path d="M73.586 563.728C73.586 564.755 73.3931 565.646 73.0073 566.399C72.6215 567.153 72.0899 567.732 71.4125 568.135C70.7395 568.535 69.9747 568.734 69.1178 568.734C68.261 568.734 67.4939 568.535 66.8165 568.135C66.1436 567.732 65.6142 567.153 65.2284 566.399C64.8426 565.641 64.6497 564.751 64.6497 563.728C64.6497 562.7 64.8426 561.81 65.2284 561.056C65.6142 560.303 66.1436 559.726 66.8165 559.327C67.4939 558.923 68.261 558.721 69.1178 558.721C69.9747 558.721 70.7395 558.923 71.4125 559.327C72.0899 559.726 72.6215 560.303 73.0073 561.056C73.3931 561.81 73.586 562.7 73.586 563.728ZM71.8229 563.728C71.8229 563.001 71.7085 562.382 71.4798 561.87C71.2554 561.355 70.9392 560.964 70.5309 560.7C70.1227 560.43 69.6517 560.296 69.1178 560.296C68.584 560.296 68.1129 560.43 67.7047 560.7C67.2965 560.964 66.978 561.355 66.7492 561.87C66.5249 562.382 66.4127 563.001 66.4127 563.728C66.4127 564.454 66.5249 565.076 66.7492 565.592C66.978 566.103 67.2965 566.493 67.7047 566.763C68.1129 567.027 68.584 567.16 69.1178 567.16C69.6517 567.16 70.1227 567.027 70.5309 566.763C70.9392 566.493 71.2554 566.103 71.4798 565.592C71.7085 565.076 71.8229 564.454 71.8229 563.728ZM74.7165 558.856H82.4819V560.323H79.4807V568.6H77.7311V560.323H74.7165V558.856ZM96.7611 566.527H95.2538V557.645H96.7611V566.527ZM97.0975 569.555H88.713V565.679H90.2204V568.344H97.0975V569.555ZM91.1624 559.502C91.1624 560.076 91.2724 560.623 91.4922 561.144C91.7165 561.664 92.0484 562.126 92.4881 562.53C92.9277 562.929 93.4593 563.234 94.0829 563.445L93.3158 564.629C92.6339 564.392 92.0462 564.042 91.5527 563.58C91.0593 563.118 90.6757 562.57 90.4021 561.938C90.1239 562.62 89.7314 563.212 89.2245 563.714C88.722 564.217 88.1209 564.594 87.4211 564.845L86.6405 563.66C87.282 563.436 87.8248 563.111 88.2689 562.685C88.7175 562.254 89.054 561.765 89.2783 561.218C89.5026 560.67 89.6147 560.098 89.6147 559.502V558.318H91.1624V559.502ZM102.911 560.229C102.911 560.677 103.026 561.112 103.255 561.534C103.483 561.956 103.82 562.33 104.264 562.658C104.708 562.981 105.24 563.225 105.859 563.391L105.159 564.549C104.468 564.36 103.872 564.073 103.369 563.687C102.867 563.297 102.472 562.833 102.185 562.294C101.916 562.905 101.528 563.432 101.021 563.876C100.514 564.32 99.9058 564.647 99.197 564.858L98.4972 563.701C99.1118 563.512 99.6389 563.241 100.079 562.887C100.518 562.528 100.85 562.119 101.074 561.662C101.303 561.2 101.418 560.722 101.418 560.229V560.161H98.874V558.977H101.418V557.577H102.925V558.977H105.455V560.161H102.911V560.229ZM108.725 564.993H107.232V562.18H105.092V560.969H107.232V557.631H108.725V564.993ZM104.607 565.235C105.464 565.235 106.204 565.325 106.828 565.504C107.451 565.679 107.929 565.937 108.261 566.278C108.598 566.615 108.766 567.021 108.766 567.496C108.766 567.976 108.598 568.387 108.261 568.727C107.929 569.073 107.451 569.335 106.828 569.515C106.204 569.694 105.464 569.784 104.607 569.784C103.755 569.784 103.017 569.694 102.393 569.515C101.774 569.335 101.299 569.073 100.967 568.727C100.635 568.387 100.471 567.976 100.476 567.496C100.471 567.021 100.635 566.615 100.967 566.278C101.299 565.937 101.774 565.679 102.393 565.504C103.017 565.325 103.755 565.235 104.607 565.235ZM104.607 566.379C103.75 566.388 103.093 566.487 102.636 566.675C102.183 566.863 101.956 567.137 101.956 567.496C101.956 567.859 102.185 568.14 102.642 568.337C103.104 568.53 103.759 568.627 104.607 568.627C105.469 568.627 106.128 568.53 106.586 568.337C107.043 568.14 107.272 567.859 107.272 567.496C107.272 567.133 107.043 566.859 106.586 566.675C106.133 566.487 105.473 566.388 104.607 566.379Z" fill="#404040"/>
<mask id="mask30_24_29531" style="mask-type:luminance" maskUnits="userSpaceOnUse" x="152" y="552" width="23" height="23">
<path d="M152.581 552.891H174.39V574.7H152.581V552.891Z" fill="white"/>
</mask>
<g mask="url(#mask30_24_29531)">
<path d="M163.484 559.252C165.992 559.252 168.027 561.288 168.027 563.796C168.027 564.387 167.909 564.941 167.7 565.459L170.354 568.112C171.738 566.957 172.81 565.473 173.47 563.796C171.898 559.807 168.018 556.98 163.474 556.98C162.241 556.98 161.017 557.195 159.858 557.616L161.821 559.579C162.339 559.371 162.893 559.252 163.484 559.252ZM154.396 556.771L156.468 558.843L156.887 559.261C155.368 560.441 154.194 562.007 153.488 563.796C155.06 567.784 158.94 570.611 163.484 570.611C164.892 570.611 166.237 570.338 167.464 569.848L167.846 570.229L170.508 572.882L171.662 571.729L155.551 555.617L154.396 556.771ZM159.422 561.797L160.83 563.205C160.783 563.398 160.76 563.597 160.759 563.796C160.759 565.304 161.976 566.522 163.485 566.522C163.685 566.522 163.884 566.494 164.075 566.449L165.484 567.858C164.864 568.17 164.18 568.335 163.485 568.34C162.28 568.34 161.124 567.861 160.272 567.009C159.419 566.157 158.94 565.001 158.94 563.796C158.94 563.078 159.122 562.405 159.422 561.797ZM163.338 561.088L166.2 563.95L166.219 563.804C166.219 562.296 165.001 561.078 163.493 561.078L163.338 561.088Z" fill="#EEEEEE"/>
</g>
<path d="M189.501 558.708L192.047 555.413C192.228 555.171 192.444 554.992 192.695 554.879C192.941 554.766 193.208 554.707 193.479 554.707C193.75 554.707 194.017 554.766 194.263 554.879C194.512 554.992 194.728 555.171 194.91 555.413L197.454 558.706L201.316 560.002C201.709 560.123 202.02 560.347 202.247 560.673C202.474 560.998 202.589 561.357 202.589 561.752C202.589 561.933 202.561 562.115 202.509 562.297C202.453 562.485 202.364 562.662 202.247 562.82L199.748 566.364L199.84 570.089C199.855 570.619 199.68 571.066 199.316 571.43C198.953 571.793 198.529 571.975 198.045 571.975C198.014 571.975 197.848 571.952 197.544 571.906L193.478 570.77L189.412 571.906C189.332 571.938 189.247 571.957 189.162 571.963C189.071 571.971 188.987 571.974 188.911 571.974C188.427 571.974 188.003 571.793 187.64 571.429C187.462 571.255 187.324 571.046 187.234 570.815C187.144 570.584 187.104 570.336 187.117 570.089L187.208 566.341L184.732 562.819C184.616 562.661 184.527 562.484 184.471 562.296C184.418 562.119 184.392 561.936 184.391 561.751C184.391 561.373 184.5 561.02 184.72 560.695C184.94 560.369 185.247 560.139 185.641 560.002L189.502 558.708" fill="#EEEEEE"/>
<g clip-path="url(#clip68_24_29531)">
<g clip-path="url(#clip69_24_29531)">
<g clip-path="url(#clip70_24_29531)">
<mask id="mask31_24_29531" style="mask-type:alpha" maskUnits="userSpaceOnUse" x="31" y="593" width="25" height="25">
<path d="M55.9802 593.791H31.9902V617.781H55.9802V593.791Z" fill="#D9D9D9"/>
</mask>
<g mask="url(#mask31_24_29531)">
<path d="M43.9837 602.788L40.4852 599.29L43.9837 595.791L47.4823 599.29L43.9837 602.788ZM32.9883 613.784V609.785C32.9883 609.219 33.184 608.744 33.5755 608.361C33.967 607.978 34.4377 607.786 34.9875 607.786H38.2611C38.5943 607.786 38.9108 607.869 39.2107 608.036C39.5106 608.202 39.7521 608.427 39.9354 608.711C40.4185 609.36 41.0141 609.868 41.7221 610.235C42.4302 610.601 43.184 610.785 43.9837 610.785C44.8001 610.785 45.5622 610.601 46.2702 610.235C46.9783 609.868 47.5655 609.36 48.032 608.711C48.2486 608.427 48.5027 608.202 48.7942 608.036C49.0858 607.869 49.3897 607.786 49.7063 607.786H52.9799C53.5464 607.786 54.0212 607.978 54.4044 608.361C54.7875 608.744 54.9792 609.219 54.9792 609.785V613.784H47.982V611.51C47.3989 611.926 46.77 612.243 46.0953 612.459C45.4206 612.676 44.7167 612.784 43.9837 612.784C43.2673 612.784 42.5676 612.671 41.8846 612.447C41.2015 612.222 40.5684 611.901 39.9854 611.484V613.784H32.9883ZM35.987 606.786C35.154 606.786 34.446 606.495 33.8629 605.912C33.2798 605.329 32.9883 604.621 32.9883 603.788C32.9883 602.938 33.2798 602.226 33.8629 601.651C34.446 601.076 35.154 600.789 35.987 600.789C36.8367 600.789 37.5489 601.076 38.1236 601.651C38.6984 602.226 38.9858 602.938 38.9858 603.788C38.9858 604.621 38.6984 605.329 38.1236 605.912C37.5489 606.495 36.8367 606.786 35.987 606.786ZM51.9804 606.786C51.1474 606.786 50.4393 606.495 49.8562 605.912C49.2731 605.329 48.9817 604.621 48.9817 603.788C48.9817 602.938 49.2731 602.226 49.8562 601.651C50.4393 601.076 51.1474 600.789 51.9804 600.789C52.83 600.789 53.5422 601.076 54.117 601.651C54.6918 602.226 54.9792 602.938 54.9792 603.788C54.9792 604.621 54.6918 605.329 54.117 605.912C53.5422 606.495 52.83 606.786 51.9804 606.786Z" fill="#969696"/>
</g>
</g>
</g>
</g>
<path d="M75.0098 611.807H73.5469V605.463H72.2207V611.232H70.7988V599.775H72.2207V604.232H73.5469V599.447H75.0098V611.807ZM69.7461 601.006C69.7461 602.182 69.6048 603.262 69.3223 604.246C69.0397 605.23 68.5612 606.144 67.8867 606.987C67.2122 607.83 66.3099 608.576 65.1797 609.223L64.3047 608.17C65.5807 607.432 66.5309 606.575 67.1553 605.6C67.7842 604.624 68.1556 603.499 68.2695 602.223H64.8789V601.006H69.7461ZM86.7949 608.389H85.2637V599.461H86.7949V608.389ZM87.1367 611.561H78.6191V607.486H80.1504V610.33H87.1367V611.561ZM80.0547 600.268C80.6745 600.268 81.2373 600.402 81.7432 600.671C82.249 600.935 82.6478 601.302 82.9395 601.771C83.2311 602.241 83.377 602.77 83.377 603.357C83.377 603.954 83.2311 604.49 82.9395 604.964C82.6478 605.433 82.249 605.8 81.7432 606.064C81.2373 606.329 80.6745 606.461 80.0547 606.461C79.4303 606.461 78.863 606.329 78.3525 606.064C77.8467 605.8 77.4479 605.433 77.1562 604.964C76.8646 604.49 76.7188 603.954 76.7188 603.357C76.7188 602.77 76.8646 602.241 77.1562 601.771C77.4479 601.302 77.8467 600.935 78.3525 600.671C78.863 600.402 79.4303 600.268 80.0547 600.268ZM80.0547 601.594C79.7038 601.594 79.387 601.667 79.1045 601.812C78.8219 601.958 78.6009 602.166 78.4414 602.435C78.2819 602.703 78.2044 603.011 78.209 603.357C78.2044 603.713 78.2819 604.025 78.4414 604.294C78.6009 604.563 78.8219 604.77 79.1045 604.916C79.387 605.062 79.7038 605.135 80.0547 605.135C80.3965 605.135 80.7064 605.062 80.9844 604.916C81.2624 604.77 81.4811 604.563 81.6406 604.294C81.8047 604.025 81.8867 603.713 81.8867 603.357C81.8867 603.011 81.8047 602.703 81.6406 602.435C81.4811 602.166 81.2624 601.958 80.9844 601.812C80.7064 601.667 80.3965 601.594 80.0547 601.594ZM96.6797 605.271H93.7539V607.596C94.4876 607.587 95.1576 607.559 95.7637 607.514C96.3698 607.468 96.9941 607.386 97.6367 607.268L97.7598 608.512C96.9987 608.648 96.265 608.74 95.5586 608.785C94.8568 608.831 94.0547 608.854 93.1523 608.854H92.291V604.068H95.2168V601.949H92.2773V600.732H96.6797V605.271ZM102.559 611.807H101.109V599.447H102.559V611.807ZM100.016 611.178H98.5801V604.984H97.2266V603.74H98.5801V599.707H100.016V611.178ZM115.287 606.967H104.021V605.75H115.287V606.967ZM114.016 611.561H105.416V607.965H106.934V610.33H114.016V611.561ZM110.434 600.268C110.434 600.769 110.611 601.259 110.967 601.737C111.327 602.216 111.828 602.631 112.471 602.981C113.118 603.332 113.852 603.572 114.672 603.699L114.057 604.902C113.063 604.734 112.181 604.41 111.411 603.932C110.641 603.453 110.055 602.872 109.654 602.188C109.253 602.872 108.665 603.455 107.891 603.938C107.12 604.417 106.236 604.738 105.238 604.902L104.637 603.699C105.457 603.572 106.188 603.335 106.831 602.988C107.474 602.637 107.973 602.223 108.328 601.744C108.688 601.266 108.87 600.773 108.875 600.268V599.789H110.434V600.268Z" fill="#404040"/>
<mask id="mask32_24_29531" style="mask-type:luminance" maskUnits="userSpaceOnUse" x="152" y="594" width="23" height="23">
<path d="M152.581 594.881H174.39V616.69H152.581V594.881Z" fill="white"/>
</mask>
<g mask="url(#mask32_24_29531)">
<path d="M163.484 601.242C165.992 601.242 168.027 603.278 168.027 605.786C168.027 606.377 167.909 606.931 167.7 607.449L170.354 610.102C171.738 608.948 172.81 607.463 173.47 605.786C171.898 601.797 168.018 598.97 163.474 598.97C162.241 598.97 161.017 599.185 159.858 599.606L161.821 601.569C162.339 601.361 162.893 601.242 163.484 601.242ZM154.396 598.761L156.468 600.833L156.887 601.252C155.368 602.431 154.194 603.997 153.488 605.786C155.06 609.775 158.94 612.601 163.484 612.601C164.892 612.601 166.237 612.329 167.464 611.838L167.846 612.22L170.508 614.873L171.662 613.719L155.551 597.607L154.396 598.761ZM159.422 603.787L160.83 605.195C160.783 605.388 160.76 605.587 160.759 605.786C160.759 607.294 161.976 608.512 163.485 608.512C163.685 608.512 163.884 608.485 164.075 608.439L165.484 609.848C164.864 610.16 164.18 610.325 163.485 610.33C162.28 610.33 161.124 609.851 160.272 608.999C159.419 608.147 158.94 606.991 158.94 605.786C158.94 605.068 159.122 604.396 159.422 603.787ZM163.338 603.078L166.2 605.941L166.219 605.795C166.219 604.286 165.001 603.068 163.493 603.068L163.338 603.078Z" fill="#EEEEEE"/>
</g>
<path d="M189.501 600.698L192.047 597.404C192.228 597.161 192.444 596.983 192.695 596.869C192.941 596.756 193.208 596.697 193.479 596.697C193.75 596.697 194.017 596.756 194.263 596.869C194.512 596.983 194.728 597.161 194.91 597.404L197.454 600.697L201.316 601.992C201.709 602.113 202.02 602.337 202.247 602.663C202.474 602.988 202.589 603.348 202.589 603.742C202.589 603.923 202.561 604.105 202.509 604.288C202.453 604.476 202.364 604.652 202.247 604.81L199.748 608.354L199.84 612.079C199.855 612.609 199.68 613.056 199.316 613.42C198.953 613.783 198.529 613.965 198.045 613.965C198.014 613.965 197.848 613.942 197.544 613.897L193.478 612.76L189.412 613.897C189.332 613.928 189.247 613.947 189.162 613.953C189.071 613.961 188.987 613.964 188.911 613.964C188.427 613.964 188.003 613.783 187.64 613.419C187.462 613.246 187.324 613.036 187.234 612.805C187.144 612.574 187.104 612.327 187.117 612.079L187.208 608.331L184.732 604.809C184.616 604.651 184.527 604.474 184.471 604.286C184.418 604.109 184.392 603.926 184.391 603.741C184.391 603.363 184.5 603.011 184.72 602.686C184.94 602.36 185.247 602.13 185.641 601.992L189.502 600.698" fill="#EEEEEE"/>
<rect x="23.9902" y="629.791" width="187.47" height="35.99" rx="8" fill="#1D1D1D"/>
<g clip-path="url(#clip71_24_29531)">
<g clip-path="url(#clip72_24_29531)">
<g clip-path="url(#clip73_24_29531)">
<mask id="mask33_24_29531" style="mask-type:alpha" maskUnits="userSpaceOnUse" x="31" y="635" width="25" height="25">
<path d="M55.9802 635.781H31.9902V659.771H55.9802V635.781Z" fill="#D9D9D9"/>
</mask>
<g mask="url(#mask33_24_29531)">
<path d="M32.9883 655.773V651.774C32.9883 651.208 33.184 650.733 33.5755 650.35C33.967 649.967 34.4377 649.775 34.9875 649.775H38.2611C38.5943 649.775 38.9108 649.858 39.2107 650.025C39.5106 650.192 39.7521 650.417 39.9354 650.7C40.4185 651.349 41.0141 651.858 41.7221 652.224C42.4302 652.591 43.184 652.774 43.9837 652.774C44.8001 652.774 45.5622 652.591 46.2702 652.224C46.9783 651.858 47.5655 651.349 48.032 650.7C48.2486 650.417 48.5027 650.192 48.7942 650.025C49.0858 649.858 49.3897 649.775 49.7063 649.775H52.9799C53.5464 649.775 54.0212 649.967 54.4044 650.35C54.7875 650.733 54.9792 651.208 54.9792 651.774V655.773H47.982V653.499C47.3989 653.915 46.77 654.232 46.0953 654.448C45.4206 654.665 44.7167 654.773 43.9837 654.773C43.2673 654.773 42.5676 654.661 41.8846 654.436C41.2015 654.211 40.5684 653.89 39.9854 653.474V655.773H32.9883ZM43.9837 651.774C43.3506 651.774 42.7509 651.629 42.1845 651.337C41.618 651.045 41.1432 650.641 40.76 650.125C40.4768 649.709 40.1228 649.379 39.698 649.138C39.2732 648.896 38.8109 648.776 38.3111 648.776C38.6776 648.159 39.4523 647.672 40.6351 647.314C41.8179 646.955 42.9341 646.776 43.9837 646.776C45.0333 646.776 46.1495 646.955 47.3323 647.314C48.5152 647.672 49.2898 648.159 49.6564 648.776C49.1732 648.776 48.715 648.896 48.2819 649.138C47.8487 649.379 47.4906 649.709 47.2074 650.125C46.8408 650.658 46.3744 651.066 45.8079 651.349C45.2415 651.633 44.6335 651.774 43.9837 651.774ZM35.987 648.776C35.154 648.776 34.446 648.484 33.8629 647.901C33.2798 647.318 32.9883 646.61 32.9883 645.777C32.9883 644.927 33.2798 644.215 33.8629 643.64C34.446 643.065 35.154 642.778 35.987 642.778C36.8367 642.778 37.5489 643.065 38.1236 643.64C38.6984 644.215 38.9858 644.927 38.9858 645.777C38.9858 646.61 38.6984 647.318 38.1236 647.901C37.5489 648.484 36.8367 648.776 35.987 648.776ZM51.9804 648.776C51.1474 648.776 50.4393 648.484 49.8562 647.901C49.2731 647.318 48.9817 646.61 48.9817 645.777C48.9817 644.927 49.2731 644.215 49.8562 643.64C50.4393 643.065 51.1474 642.778 51.9804 642.778C52.83 642.778 53.5422 643.065 54.117 643.64C54.6918 644.215 54.9792 644.927 54.9792 645.777C54.9792 646.61 54.6918 647.318 54.117 647.901C53.5422 648.484 52.83 648.776 51.9804 648.776ZM43.9837 645.777C43.1507 645.777 42.4427 645.485 41.8596 644.902C41.2765 644.319 40.985 643.611 40.985 642.778C40.985 641.928 41.2765 641.216 41.8596 640.641C42.4427 640.067 43.1507 639.779 43.9837 639.779C44.8333 639.779 45.5456 640.067 46.1202 640.641C46.695 641.216 46.9825 641.928 46.9825 642.778C46.9825 643.611 46.695 644.319 46.1202 644.902C45.5456 645.485 44.8333 645.777 43.9837 645.777Z" fill="#969696"/>
</g>
</g>
</g>
</g>
<path d="M74.2305 644.035C74.2305 644.773 74.2214 645.409 74.2031 645.942C74.1895 646.471 74.1507 647.077 74.0869 647.761C74.0231 648.444 73.9206 649.189 73.7793 649.996L72.2344 649.859C72.3848 649.107 72.4941 648.396 72.5625 647.727C72.6309 647.052 72.6719 646.451 72.6855 645.922C72.7038 645.389 72.7129 644.76 72.7129 644.035V643.871H65.5898V642.641H74.2305V644.035ZM75.666 652.102H64.4004V650.857H75.666V652.102ZM87.7793 648.67H82.8711V649.9H81.3672V648.67H76.4863V647.467H87.7793V648.67ZM79.4395 650.42H84.8945V649.299H86.3984V653.646H77.9355V649.299H79.4395V650.42ZM84.8945 652.484V651.555H79.4395V652.484H84.8945ZM86.3848 644.705H79.4258V645.58H86.6309V646.715H77.9219V643.625H84.8672V642.805H77.8809V641.656H86.3848V644.705ZM98.3613 642.463C98.3613 642.982 98.5436 643.488 98.9082 643.98C99.2773 644.473 99.7923 644.894 100.453 645.245C101.118 645.596 101.88 645.826 102.736 645.936L102.135 647.166C101.096 647.011 100.175 646.692 99.373 646.209C98.571 645.721 97.9671 645.127 97.5615 644.425C97.1559 645.127 96.5544 645.721 95.7568 646.209C94.9593 646.692 94.0456 647.011 93.0156 647.166L92.4141 645.936C93.2617 645.826 94.016 645.596 94.6768 645.245C95.3376 644.894 95.8503 644.473 96.2148 643.98C96.5794 643.488 96.7617 642.982 96.7617 642.463V641.834H98.3613V642.463ZM103.188 649.49H98.2793V653.797H96.7754V649.49H91.9219V648.232H103.188V649.49ZM107.453 641.984C107.982 641.98 108.467 642.073 108.909 642.265C109.351 642.451 109.72 642.718 110.017 643.064C110.317 643.406 110.518 643.803 110.618 644.254H112.854V641.438H114.371V648.068H112.854V645.484H110.632C110.532 645.945 110.331 646.35 110.03 646.701C109.734 647.052 109.363 647.326 108.916 647.521C108.469 647.713 107.982 647.809 107.453 647.809C106.829 647.809 106.268 647.683 105.771 647.433C105.275 647.182 104.885 646.836 104.603 646.394C104.325 645.947 104.186 645.443 104.186 644.883C104.186 644.327 104.325 643.828 104.603 643.386C104.885 642.944 105.275 642.6 105.771 642.354C106.268 642.103 106.829 641.98 107.453 641.984ZM107.453 643.256C107.098 643.256 106.783 643.322 106.51 643.454C106.236 643.586 106.022 643.775 105.867 644.021C105.712 644.268 105.635 644.555 105.635 644.883C105.635 645.206 105.712 645.493 105.867 645.744C106.022 645.99 106.236 646.182 106.51 646.318C106.788 646.455 107.102 646.523 107.453 646.523C107.795 646.523 108.1 646.455 108.369 646.318C108.643 646.182 108.854 645.99 109.005 645.744C109.16 645.493 109.24 645.206 109.244 644.883C109.24 644.555 109.16 644.268 109.005 644.021C108.854 643.775 108.645 643.586 108.376 643.454C108.107 643.322 107.799 643.256 107.453 643.256ZM107.727 649.955H112.854V648.643H114.371V653.646H106.223V648.643H107.727V649.955ZM112.854 652.416V651.131H107.727V652.416H112.854Z" fill="white"/>
<mask id="mask34_24_29531" style="mask-type:luminance" maskUnits="userSpaceOnUse" x="152" y="636" width="23" height="23">
<path d="M152.581 636.871H174.39V658.68H152.581V636.871Z" fill="white"/>
</mask>
<g mask="url(#mask34_24_29531)">
<path d="M163.484 643.232C165.992 643.232 168.027 645.268 168.027 647.776C168.027 648.367 167.909 648.921 167.7 649.439L170.354 652.092C171.738 650.938 172.81 649.454 173.47 647.776C171.898 643.787 168.018 640.961 163.474 640.961C162.241 640.96 161.017 641.175 159.858 641.596L161.821 643.559C162.339 643.351 162.893 643.232 163.484 643.232ZM154.396 640.751L156.468 642.823L156.887 643.242C155.368 644.421 154.194 645.987 153.488 647.776C155.06 651.765 158.94 654.591 163.484 654.591C164.892 654.591 166.237 654.319 167.464 653.828L167.846 654.21L170.508 656.863L171.662 655.709L155.551 639.598L154.396 640.751ZM159.422 645.777L160.83 647.185C160.783 647.379 160.76 647.577 160.759 647.776C160.759 649.284 161.976 650.502 163.485 650.502C163.685 650.502 163.884 650.475 164.075 650.429L165.484 651.838C164.864 652.151 164.18 652.316 163.485 652.32C162.28 652.32 161.124 651.841 160.272 650.989C159.419 650.137 158.94 648.981 158.94 647.776C158.94 647.059 159.122 646.386 159.422 645.777ZM163.338 645.068L166.2 647.931L166.219 647.785C166.219 646.277 165.001 645.059 163.493 645.059L163.338 645.068Z" fill="#515151"/>
</g>
<path d="M189.501 642.688L192.047 639.394C192.228 639.152 192.444 638.973 192.695 638.859C192.941 638.746 193.208 638.688 193.479 638.688C193.75 638.688 194.017 638.746 194.263 638.859C194.512 638.973 194.728 639.152 194.91 639.394L197.454 642.687L201.316 643.982C201.709 644.103 202.02 644.327 202.247 644.653C202.474 644.978 202.589 645.338 202.589 645.733C202.589 645.914 202.561 646.096 202.509 646.278C202.453 646.466 202.364 646.642 202.247 646.8L199.748 650.344L199.84 654.069C199.855 654.599 199.68 655.046 199.316 655.41C198.953 655.773 198.529 655.956 198.045 655.956C198.014 655.956 197.848 655.933 197.544 655.887L193.478 654.751L189.412 655.887C189.332 655.918 189.247 655.937 189.162 655.944C189.071 655.951 188.987 655.955 188.911 655.955C188.427 655.955 188.003 655.773 187.64 655.409C187.462 655.236 187.324 655.027 187.234 654.795C187.144 654.564 187.104 654.317 187.117 654.069L187.208 650.321L184.732 646.799C184.616 646.641 184.527 646.465 184.471 646.277C184.418 646.1 184.392 645.916 184.391 645.731C184.391 645.353 184.5 645.001 184.72 644.676C184.94 644.35 185.247 644.12 185.641 643.982L189.502 642.688" fill="#515151"/>
<g clip-path="url(#clip74_24_29531)">
<g clip-path="url(#clip75_24_29531)">
<g clip-path="url(#clip76_24_29531)">
<mask id="mask35_24_29531" style="mask-type:alpha" maskUnits="userSpaceOnUse" x="31" y="677" width="25" height="25">
<path d="M55.9802 677.771H31.9902V701.761H55.9802V677.771Z" fill="#D9D9D9"/>
</mask>
<g mask="url(#mask35_24_29531)">
<path d="M39.987 697.763C39.4373 697.763 38.9666 697.567 38.5751 697.176C38.1836 696.784 37.9879 696.313 37.9879 695.764V692.765H40.9866V690.516C40.4035 690.483 39.8496 690.354 39.3248 690.129C38.8 689.904 38.3211 689.566 37.8879 689.116V688.017H36.7384L33.4897 684.768C34.0895 684.002 34.8309 683.46 35.7138 683.144C36.5968 682.827 37.4881 682.669 38.3877 682.669C38.8375 682.669 39.2748 682.702 39.6997 682.769C40.1245 682.836 40.5535 682.961 40.9866 683.144V681.77H52.9816V694.764C52.9816 695.597 52.69 696.305 52.1069 696.888C51.5239 697.471 50.8158 697.763 49.9829 697.763H39.987ZM42.9858 692.765H48.9833V694.764C48.9833 695.047 49.079 695.285 49.2706 695.476C49.4623 695.668 49.6997 695.764 49.9829 695.764C50.2661 695.764 50.5035 695.668 50.695 695.476C50.8867 695.285 50.9824 695.047 50.9824 694.764V683.769H42.9858V684.368L48.9833 690.366V691.765H47.5839L44.7351 688.917L44.5351 689.116C44.3019 689.35 44.0561 689.558 43.7979 689.741C43.5397 689.924 43.269 690.066 42.9858 690.166V692.765ZM37.588 686.018H39.8871V688.167C40.087 688.3 40.2952 688.392 40.5118 688.442C40.7284 688.492 40.9533 688.517 41.1865 688.517C41.5697 688.517 41.9154 688.458 42.2236 688.342C42.5318 688.225 42.8359 688.017 43.1357 687.717L43.3356 687.517L41.9362 686.118C41.4531 685.635 40.9117 685.272 40.3119 685.031C39.7122 684.789 39.0708 684.668 38.3877 684.668C38.0545 684.668 37.738 684.693 37.4381 684.743C37.1382 684.793 36.8384 684.868 36.5385 684.968L37.588 686.018ZM46.9841 694.764H39.987V695.764H47.1341C47.084 695.614 47.0466 695.455 47.0215 695.289C46.9966 695.122 46.9841 694.947 46.9841 694.764Z" fill="#969696"/>
</g>
</g>
</g>
</g>
<path d="M75.0645 695.787H73.6152V683.428H75.0645V695.787ZM72.5078 695.199H71.0586V691.07H69.1309V689.826H71.0586V687.994H69.3496C69.0488 689.051 68.5566 690.013 67.873 690.879C67.194 691.745 66.2917 692.51 65.166 693.176L64.2773 692.096C65.5352 691.353 66.4808 690.496 67.1143 689.525C67.7523 688.555 68.1283 687.434 68.2422 686.162H64.9336V684.932H69.7461C69.7461 685.57 69.7028 686.176 69.6162 686.75H71.0586V683.729H72.5078V695.199ZM87.9297 686.381H86.248V687.803H87.9297V689.074H86.248V690.729H84.7305V683.428H86.248V685.15H87.9297V686.381ZM86.248 695.787H84.7305V692.492H78.0176V691.262H86.248V695.787ZM79.9727 684.139C80.597 684.134 81.1621 684.259 81.668 684.515C82.1738 684.765 82.5726 685.118 82.8643 685.574C83.1559 686.025 83.304 686.536 83.3086 687.105C83.304 687.684 83.1559 688.201 82.8643 688.657C82.5771 689.108 82.1807 689.462 81.6748 689.717C81.1689 689.972 80.6016 690.1 79.9727 690.1C79.3392 690.1 78.7673 689.972 78.2568 689.717C77.751 689.462 77.3522 689.108 77.0605 688.657C76.7734 688.201 76.6322 687.684 76.6367 687.105C76.6322 686.536 76.7734 686.025 77.0605 685.574C77.3522 685.118 77.7533 684.765 78.2637 684.515C78.7741 684.259 79.3438 684.134 79.9727 684.139ZM79.9727 685.424C79.6172 685.428 79.2982 685.501 79.0156 685.643C78.7331 685.779 78.512 685.975 78.3525 686.23C78.1976 686.481 78.1224 686.773 78.127 687.105C78.1224 687.447 78.1976 687.748 78.3525 688.008C78.512 688.268 78.7331 688.466 79.0156 688.603C79.2982 688.739 79.6172 688.805 79.9727 688.801C80.3236 688.805 80.638 688.739 80.916 688.603C81.1986 688.466 81.4196 688.268 81.5791 688.008C81.7386 687.748 81.8184 687.447 81.8184 687.105C81.8184 686.773 81.7386 686.481 81.5791 686.23C81.4196 685.975 81.1986 685.779 80.916 685.643C80.638 685.501 80.3236 685.428 79.9727 685.424ZM93.166 686.395C93.166 687.169 93.2845 687.919 93.5215 688.644C93.763 689.364 94.1139 690.002 94.5742 690.558C95.0391 691.114 95.5905 691.531 96.2285 691.809L95.3125 693.025C94.6289 692.693 94.0387 692.214 93.542 691.59C93.0498 690.965 92.6693 690.241 92.4004 689.416C92.1224 690.291 91.7305 691.061 91.2246 691.727C90.7233 692.392 90.1263 692.902 89.4336 693.258L88.4766 692.027C89.1283 691.722 89.6888 691.275 90.1582 690.688C90.6322 690.1 90.9922 689.432 91.2383 688.685C91.4889 687.937 91.6165 687.174 91.6211 686.395V684.426H93.166V686.395ZM98.9629 695.801H97.459V688.65H94.8613V687.42H97.459V683.428H98.9629V695.801Z" fill="#404040"/>
<mask id="mask36_24_29531" style="mask-type:luminance" maskUnits="userSpaceOnUse" x="152" y="678" width="23" height="23">
<path d="M152.581 678.861H174.39V700.67H152.581V678.861Z" fill="white"/>
</mask>
<g mask="url(#mask36_24_29531)">
<path d="M163.484 685.222C165.992 685.222 168.027 687.258 168.027 689.766C168.027 690.357 167.909 690.911 167.7 691.429L170.354 694.082C171.738 692.928 172.81 691.444 173.47 689.766C171.898 685.777 168.018 682.951 163.474 682.951C162.241 682.951 161.017 683.166 159.858 683.587L161.821 685.55C162.339 685.341 162.893 685.222 163.484 685.222ZM154.396 682.742L156.468 684.813L156.887 685.232C155.368 686.412 154.194 687.978 153.488 689.766C155.06 693.755 158.94 696.582 163.484 696.582C164.892 696.582 166.237 696.309 167.464 695.818L167.846 696.2L170.508 698.853L171.662 697.699L155.551 681.588L154.396 682.742ZM159.422 687.767L160.83 689.175C160.783 689.369 160.76 689.567 160.759 689.766C160.759 691.274 161.976 692.492 163.485 692.492C163.685 692.492 163.884 692.465 164.075 692.419L165.484 693.828C164.864 694.141 164.18 694.306 163.485 694.31C162.28 694.31 161.124 693.832 160.272 692.979C159.419 692.127 158.94 690.972 158.94 689.766C158.94 689.049 159.122 688.376 159.422 687.767ZM163.338 687.059L166.2 689.921L166.219 689.775C166.219 688.267 165.001 687.049 163.493 687.049L163.338 687.059Z" fill="#EEEEEE"/>
</g>
<path d="M189.501 684.678L192.047 681.384C192.228 681.142 192.444 680.963 192.695 680.85C192.941 680.736 193.208 680.678 193.479 680.678C193.75 680.678 194.017 680.736 194.263 680.85C194.512 680.963 194.728 681.142 194.91 681.384L197.454 684.677L201.316 685.973C201.709 686.094 202.02 686.317 202.247 686.643C202.474 686.968 202.589 687.328 202.589 687.723C202.589 687.904 202.561 688.086 202.509 688.268C202.453 688.456 202.364 688.633 202.247 688.79L199.748 692.334L199.84 696.059C199.855 696.589 199.68 697.036 199.316 697.401C198.953 697.764 198.529 697.946 198.045 697.946C198.014 697.946 197.848 697.923 197.544 697.877L193.478 696.741L189.412 697.877C189.332 697.908 189.247 697.928 189.162 697.934C189.071 697.941 188.987 697.945 188.911 697.945C188.427 697.945 188.003 697.764 187.64 697.4C187.462 697.226 187.324 697.017 187.234 696.786C187.144 696.555 187.104 696.307 187.117 696.059L187.208 692.311L184.732 688.789C184.616 688.632 184.527 688.455 184.471 688.267C184.418 688.09 184.392 687.906 184.391 687.722C184.391 687.343 184.5 686.991 184.72 686.666C184.94 686.34 185.247 686.11 185.641 685.973L189.502 684.678" fill="#EEEEEE"/>
<g clip-path="url(#clip77_24_29531)">
<g clip-path="url(#clip78_24_29531)">
<g clip-path="url(#clip79_24_29531)">
<mask id="mask37_24_29531" style="mask-type:luminance" maskUnits="userSpaceOnUse" x="31" y="719" width="25" height="25">
<path d="M55.9802 719.76H31.9902V743.75H55.9802V719.76Z" fill="white"/>
</mask>
<g mask="url(#mask37_24_29531)">
<path d="M50.9821 733.754V737.753H48.983V733.754H50.9821ZM38.9871 733.754V737.753H37.9875C37.4378 737.753 36.9879 737.303 36.9879 736.753V733.754H38.9871ZM43.985 720.76C39.0171 720.76 34.9888 724.788 34.9888 729.756V736.753C34.9888 738.412 36.3282 739.752 37.9875 739.752H40.9863V731.755H36.9879V729.756C36.9879 725.888 40.1166 722.759 43.985 722.759C47.8534 722.759 50.9821 725.888 50.9821 729.756V731.755H46.9838V739.752H50.9821V740.751H43.985V742.751H49.9825C51.6418 742.751 52.9813 741.411 52.9813 739.752V729.756C52.9813 724.788 48.953 720.76 43.985 720.76Z" fill="#969696"/>
</g>
</g>
</g>
</g>
<path d="M68.7754 727.375C68.7754 727.899 68.887 728.4 69.1104 728.879C69.3337 729.357 69.6641 729.781 70.1016 730.15C70.5391 730.52 71.0677 730.802 71.6875 730.998L70.8672 732.188C70.2155 731.964 69.6504 731.638 69.1719 731.21C68.6934 730.782 68.3174 730.276 68.0439 729.692C67.766 730.362 67.3763 730.941 66.875 731.429C66.3783 731.916 65.7812 732.283 65.084 732.529L64.2637 731.34C64.9108 731.112 65.4577 730.791 65.9043 730.376C66.3509 729.961 66.6859 729.485 66.9092 728.947C67.137 728.41 67.2533 727.84 67.2578 727.238V726.062H68.7754V727.375ZM74.1484 728.414H75.8711V729.672H74.1484V732.803H72.6309V725.406H74.1484V728.414ZM70.1289 733.076C70.9766 733.072 71.7103 733.163 72.3301 733.35C72.9499 733.532 73.4261 733.799 73.7588 734.149C74.096 734.5 74.2669 734.917 74.2715 735.4C74.2669 735.893 74.0983 736.314 73.7656 736.665C73.4329 737.021 72.9544 737.289 72.3301 737.472C71.7103 737.659 70.9766 737.752 70.1289 737.752C69.2676 737.752 68.5225 737.659 67.8936 737.472C67.2692 737.289 66.7884 737.021 66.4512 736.665C66.1139 736.314 65.9453 735.893 65.9453 735.4C65.9453 734.917 66.1139 734.5 66.4512 734.149C66.7884 733.799 67.2715 733.532 67.9004 733.35C68.5293 733.163 69.2721 733.072 70.1289 733.076ZM70.1289 734.266C69.2812 734.266 68.625 734.366 68.1602 734.566C67.6953 734.762 67.4629 735.04 67.4629 735.4C67.4629 735.779 67.693 736.066 68.1533 736.262C68.6136 736.453 69.2721 736.549 70.1289 736.549C70.9857 736.549 71.6396 736.453 72.0908 736.262C72.542 736.066 72.7676 735.779 72.7676 735.4C72.7676 735.036 72.5397 734.756 72.084 734.56C71.6283 734.364 70.9766 734.266 70.1289 734.266ZM86.248 728.277H87.9707V729.535H86.248V732.365H84.7305V725.406H86.248V728.277ZM82.5156 727.43H78.5234V730.588C79.6992 730.588 80.6585 730.561 81.4014 730.506C82.1488 730.451 82.8848 730.351 83.6094 730.205L83.7734 731.408C83.0078 731.577 82.2194 731.688 81.4082 731.743C80.597 731.793 79.4668 731.818 78.0176 731.818H77.0195V726.199H82.5156V727.43ZM86.248 737.602H78.2637V732.926H86.248V737.602ZM79.7676 736.398H84.7441V734.143H79.7676V736.398Z" fill="#404040"/>
<mask id="mask38_24_29531" style="mask-type:luminance" maskUnits="userSpaceOnUse" x="152" y="720" width="23" height="23">
<path d="M152.581 720.85H174.39V742.659H152.581V720.85Z" fill="white"/>
</mask>
<g mask="url(#mask38_24_29531)">
<path d="M163.484 727.211C165.992 727.211 168.027 729.247 168.027 731.755C168.027 732.346 167.909 732.9 167.7 733.418L170.354 736.071C171.738 734.916 172.81 733.432 173.47 731.755C171.898 727.766 168.018 724.939 163.474 724.939C162.241 724.939 161.017 725.154 159.858 725.575L161.821 727.538C162.339 727.33 162.893 727.211 163.484 727.211ZM154.396 724.73L156.468 726.802L156.887 727.22C155.368 728.4 154.194 729.966 153.488 731.755C155.06 735.743 158.94 738.57 163.484 738.57C164.892 738.57 166.237 738.297 167.464 737.807L167.846 738.188L170.508 740.841L171.662 739.688L155.551 723.576L154.396 724.73ZM159.422 729.756L160.83 731.164C160.783 731.357 160.76 731.555 160.759 731.755C160.759 733.263 161.976 734.481 163.485 734.481C163.685 734.481 163.884 734.453 164.075 734.408L165.484 735.817C164.864 736.129 164.18 736.294 163.485 736.299C162.28 736.299 161.124 735.82 160.272 734.968C159.419 734.116 158.94 732.96 158.94 731.755C158.94 731.037 159.122 730.364 159.422 729.756ZM163.338 729.047L166.2 731.909L166.219 731.763C166.219 730.255 165.001 729.037 163.493 729.037L163.338 729.047Z" fill="#EEEEEE"/>
</g>
<path d="M189.501 726.667L192.047 723.372C192.228 723.13 192.444 722.951 192.695 722.838C192.941 722.725 193.208 722.666 193.479 722.666C193.75 722.666 194.017 722.725 194.263 722.838C194.512 722.951 194.728 723.13 194.91 723.372L197.454 726.665L201.316 727.961C201.709 728.082 202.02 728.306 202.247 728.632C202.474 728.957 202.589 729.316 202.589 729.711C202.589 729.892 202.561 730.074 202.509 730.256C202.453 730.444 202.364 730.621 202.247 730.779L199.748 734.323L199.84 738.048C199.855 738.578 199.68 739.025 199.316 739.389C198.953 739.752 198.529 739.934 198.045 739.934C198.014 739.934 197.848 739.911 197.544 739.865L193.478 738.729L189.412 739.865C189.332 739.897 189.247 739.916 189.162 739.922C189.071 739.93 188.987 739.933 188.911 739.933C188.427 739.933 188.003 739.752 187.64 739.388C187.462 739.214 187.324 739.005 187.234 738.774C187.144 738.543 187.104 738.295 187.117 738.048L187.208 734.3L184.732 730.778C184.616 730.62 184.527 730.443 184.471 730.255C184.418 730.078 184.392 729.895 184.391 729.71C184.391 729.332 184.5 728.979 184.72 728.654C184.94 728.328 185.247 728.098 185.641 727.961L189.502 726.667" fill="#EEEEEE"/>
<g clip-path="url(#clip80_24_29531)">
<g clip-path="url(#clip81_24_29531)">
<g clip-path="url(#clip82_24_29531)">
<mask id="mask39_24_29531" style="mask-type:luminance" maskUnits="userSpaceOnUse" x="31" y="761" width="25" height="25">
<path d="M55.9802 761.75H31.9902V785.74H55.9802V761.75Z" fill="white"/>
</mask>
<g mask="url(#mask39_24_29531)">
<path d="M51.9833 765.748H35.9899C34.8804 765.748 34.0007 766.638 34.0007 767.747L33.9907 779.742C33.9907 780.852 34.8804 781.741 35.9899 781.741H51.9833C53.0928 781.741 53.9823 780.852 53.9823 779.742V767.747C53.9823 766.638 53.0928 765.748 51.9833 765.748ZM51.9833 779.742H35.9899V773.745H51.9833V779.742ZM51.9833 769.746H35.9899V767.747H51.9833V769.746Z" fill="#969696"/>
</g>
</g>
</g>
</g>
<path d="M74.7227 779.756H73.1914V767.396H74.7227V779.756ZM71.0312 768.709C71.0312 770.673 70.5869 772.398 69.6982 773.884C68.8096 775.365 67.3353 776.593 65.2754 777.568L64.4824 776.352C66.0729 775.595 67.2692 774.69 68.0713 773.638C68.8779 772.58 69.3496 771.339 69.4863 769.912H65.1113V768.709H71.0312ZM82.8438 769.707H78.5508V771.908H82.625V773.111H78.5508V775.654C79.5853 775.645 80.4922 775.616 81.2715 775.565C82.0508 775.515 82.8483 775.422 83.6641 775.285L83.8008 776.516C82.8984 776.657 82.0075 776.755 81.1279 776.81C80.2529 776.86 79.2207 776.885 78.0312 776.885H77.0059V768.463H82.8438V769.707ZM86.1797 772.182H88.0801V773.453H86.1797V779.756H84.6621V767.396H86.1797V772.182ZM102.586 779.756H101.123V773.426H99.8105V779.154H98.375V767.615H99.8105V772.168H101.123V767.396H102.586V779.756ZM97.1582 776.57H92.3047V768.736H97.1582V776.57ZM93.7266 775.367H95.7363V769.939H93.7266V775.367ZM115.26 773.863H110.393V774.766H113.879V777.664H106.852V778.512H114.221V779.646H105.361V776.625H112.389V775.859H105.348V774.766H108.889V773.863H104.049V772.742H115.26V773.863ZM110.393 768.408H114.18V769.543H110.55C110.65 769.839 110.876 770.106 111.227 770.343C111.582 770.575 112.056 770.767 112.648 770.917C113.245 771.063 113.947 771.156 114.754 771.197L114.303 772.332C113.186 772.264 112.227 772.081 111.425 771.785C110.623 771.489 110.028 771.092 109.641 770.596C109.253 771.092 108.659 771.489 107.856 771.785C107.054 772.081 106.09 772.264 104.965 772.332L104.541 771.197C105.339 771.156 106.031 771.063 106.619 770.917C107.212 770.767 107.686 770.575 108.041 770.343C108.396 770.106 108.627 769.839 108.731 769.543H105.129V768.408H108.889V767.369H110.393V768.408Z" fill="#404040"/>
<mask id="mask40_24_29531" style="mask-type:luminance" maskUnits="userSpaceOnUse" x="152" y="762" width="23" height="23">
<path d="M152.581 762.84H174.39V784.649H152.581V762.84Z" fill="white"/>
</mask>
<g mask="url(#mask40_24_29531)">
<path d="M163.484 769.201C165.992 769.201 168.027 771.237 168.027 773.745C168.027 774.336 167.909 774.89 167.7 775.408L170.354 778.061C171.738 776.907 172.81 775.422 173.47 773.745C171.898 769.756 168.018 766.929 163.474 766.929C162.241 766.929 161.017 767.144 159.858 767.565L161.821 769.528C162.339 769.32 162.893 769.201 163.484 769.201ZM154.396 766.72L156.468 768.792L156.887 769.211C155.368 770.39 154.194 771.956 153.488 773.745C155.06 777.734 158.94 780.56 163.484 780.56C164.892 780.56 166.237 780.288 167.464 779.797L167.846 780.178L170.508 782.832L171.662 781.678L155.551 765.566L154.396 766.72ZM159.422 771.746L160.83 773.154C160.783 773.347 160.76 773.546 160.759 773.745C160.759 775.253 161.976 776.471 163.485 776.471C163.685 776.471 163.884 776.444 164.075 776.398L165.484 777.807C164.864 778.119 164.18 778.284 163.485 778.289C162.28 778.289 161.124 777.81 160.272 776.958C159.419 776.106 158.94 774.95 158.94 773.745C158.94 773.027 159.122 772.354 159.422 771.746ZM163.338 771.037L166.2 773.9L166.219 773.754C166.219 772.245 165.001 771.027 163.493 771.027L163.338 771.037Z" fill="#EEEEEE"/>
</g>
<path d="M189.501 768.657L192.047 765.363C192.228 765.12 192.444 764.942 192.695 764.828C192.941 764.715 193.208 764.656 193.479 764.656C193.75 764.656 194.017 764.715 194.263 764.828C194.512 764.942 194.728 765.12 194.91 765.363L197.454 768.656L201.316 769.951C201.709 770.072 202.02 770.296 202.247 770.622C202.474 770.947 202.589 771.307 202.589 771.701C202.589 771.882 202.561 772.064 202.509 772.247C202.453 772.435 202.364 772.611 202.247 772.769L199.748 776.313L199.84 780.038C199.855 780.568 199.68 781.015 199.316 781.379C198.953 781.742 198.529 781.924 198.045 781.924C198.014 781.924 197.848 781.901 197.544 781.856L193.478 780.719L189.412 781.856C189.332 781.887 189.247 781.906 189.162 781.912C189.071 781.92 188.987 781.923 188.911 781.923C188.427 781.923 188.003 781.742 187.64 781.378C187.462 781.205 187.324 780.995 187.234 780.764C187.144 780.533 187.104 780.286 187.117 780.038L187.208 776.29L184.732 772.768C184.616 772.61 184.527 772.433 184.471 772.245C184.418 772.068 184.392 771.885 184.391 771.7C184.391 771.322 184.5 770.97 184.72 770.645C184.94 770.319 185.247 770.089 185.641 769.951L189.502 768.657" fill="#EEEEEE"/>
<g clip-path="url(#clip83_24_29531)">
<g clip-path="url(#clip84_24_29531)">
<g clip-path="url(#clip85_24_29531)">
<mask id="mask41_24_29531" style="mask-type:alpha" maskUnits="userSpaceOnUse" x="31" y="803" width="25" height="25">
<path d="M55.9802 803.74H31.9902V827.73H55.9802V803.74Z" fill="#D9D9D9"/>
</mask>
<g mask="url(#mask41_24_29531)">
<path d="M33.9907 824.731V822.732H53.9823V824.731H33.9907ZM34.9903 821.732V814.735H37.9891V821.732H34.9903ZM39.9882 821.732V809.737H42.987V821.732H39.9882ZM44.9861 821.732V812.736H47.9848V821.732H44.9861ZM49.9841 821.732V806.738H52.9828V821.732H49.9841Z" fill="#969696"/>
</g>
</g>
</g>
</g>
<path d="M75.666 817.016H64.373V815.812H69.2539V814.896H65.8223V809.715H74.3125V810.891H67.3398V811.738H74.0117V812.859H67.3398V813.734H74.4082V814.896H70.7715V815.812H75.666V817.016ZM70.0195 817.699C70.9219 817.699 71.6921 817.779 72.3301 817.938C72.9681 818.093 73.4535 818.321 73.7861 818.622C74.1234 818.918 74.2943 819.281 74.2988 819.709C74.2943 820.37 73.9206 820.871 73.1777 821.213C72.4395 821.559 71.3867 821.732 70.0195 821.732C68.6296 821.732 67.5632 821.559 66.8203 821.213C66.082 820.871 65.7129 820.37 65.7129 819.709C65.7129 819.281 65.8792 818.918 66.2119 818.622C66.5492 818.321 67.0391 818.093 67.6816 817.938C68.3242 817.779 69.1035 817.699 70.0195 817.699ZM70.0195 818.834C68.1602 818.834 67.2305 819.126 67.2305 819.709C67.2305 820.01 67.4606 820.233 67.9209 820.379C68.3857 820.525 69.0853 820.598 70.0195 820.598C70.9401 820.598 71.6283 820.525 72.084 820.379C72.5443 820.233 72.7767 820.01 72.7812 819.709C72.7676 819.126 71.847 818.834 70.0195 818.834ZM87.1641 821.746H85.7148V809.387H87.1641V821.746ZM84.6074 821.158H83.1582V817.029H81.2305V815.785H83.1582V813.953H81.4492C81.1484 815.01 80.6562 815.972 79.9727 816.838C79.2936 817.704 78.3913 818.469 77.2656 819.135L76.377 818.055C77.6348 817.312 78.5804 816.455 79.2139 815.484C79.8519 814.514 80.2279 813.393 80.3418 812.121H77.0332V810.891H81.8457C81.8457 811.529 81.8024 812.135 81.7158 812.709H83.1582V809.688H84.6074V821.158Z" fill="#404040"/>
<mask id="mask42_24_29531" style="mask-type:luminance" maskUnits="userSpaceOnUse" x="152" y="804" width="23" height="23">
<path d="M152.581 804.83H174.39V826.639H152.581V804.83Z" fill="white"/>
</mask>
<g mask="url(#mask42_24_29531)">
<path d="M163.484 811.191C165.992 811.191 168.027 813.227 168.027 815.735C168.027 816.326 167.909 816.88 167.7 817.398L170.354 820.051C171.738 818.897 172.81 817.412 173.47 815.735C171.898 811.746 168.018 808.92 163.474 808.92C162.241 808.919 161.017 809.134 159.858 809.555L161.821 811.518C162.339 811.31 162.893 811.191 163.484 811.191ZM154.396 808.71L156.468 810.782L156.887 811.201C155.368 812.38 154.194 813.946 153.488 815.735C155.06 819.724 158.94 822.55 163.484 822.55C164.892 822.55 166.237 822.278 167.464 821.787L167.846 822.169L170.508 824.822L171.662 823.668L155.551 807.557L154.396 808.71ZM159.422 813.736L160.83 815.144C160.783 815.338 160.76 815.536 160.759 815.735C160.759 817.243 161.976 818.461 163.485 818.461C163.685 818.461 163.884 818.434 164.075 818.388L165.484 819.797C164.864 820.11 164.18 820.275 163.485 820.279C162.28 820.279 161.124 819.8 160.272 818.948C159.419 818.096 158.94 816.94 158.94 815.735C158.94 815.018 159.122 814.345 159.422 813.736ZM163.338 813.027L166.2 815.89L166.219 815.744C166.219 814.236 165.001 813.018 163.493 813.018L163.338 813.027Z" fill="#EEEEEE"/>
</g>
<path d="M189.501 810.647L192.047 807.353C192.228 807.111 192.444 806.932 192.695 806.818C192.941 806.705 193.208 806.646 193.479 806.646C193.75 806.646 194.017 806.705 194.263 806.818C194.512 806.932 194.728 807.111 194.91 807.353L197.454 810.646L201.316 811.941C201.709 812.062 202.02 812.286 202.247 812.612C202.474 812.937 202.589 813.297 202.589 813.692C202.589 813.873 202.561 814.055 202.509 814.237C202.453 814.425 202.364 814.601 202.247 814.759L199.748 818.303L199.84 822.028C199.855 822.558 199.68 823.005 199.316 823.369C198.953 823.732 198.529 823.915 198.045 823.915C198.014 823.915 197.848 823.892 197.544 823.846L193.478 822.71L189.412 823.846C189.332 823.877 189.247 823.896 189.162 823.903C189.071 823.91 188.987 823.913 188.911 823.913C188.427 823.913 188.003 823.732 187.64 823.368C187.462 823.195 187.324 822.986 187.234 822.754C187.144 822.523 187.104 822.276 187.117 822.028L187.208 818.28L184.732 814.758C184.616 814.6 184.527 814.424 184.471 814.236C184.418 814.059 184.392 813.875 184.391 813.69C184.391 813.312 184.5 812.96 184.72 812.635C184.94 812.309 185.247 812.079 185.641 811.941L189.502 810.647" fill="#EEEEEE"/>
<path d="M40.8262 866.635H33.4785V863.072H36.502V861.982H32.3418V860.928H41.998V861.982H37.8145V863.072H40.8262V866.635ZM34.7676 865.58H39.5605V864.104H34.7676V865.58ZM37.8379 856.686C37.8379 857.072 37.9902 857.451 38.2949 857.822C38.6035 858.193 39.0332 858.514 39.584 858.783C40.1387 859.049 40.7715 859.225 41.4824 859.311L41.0254 860.318C40.1465 860.201 39.3691 859.959 38.6934 859.592C38.0215 859.221 37.5156 858.764 37.1758 858.221C36.832 858.764 36.3223 859.219 35.6465 859.586C34.9707 859.953 34.1934 860.197 33.3145 860.318L32.834 859.311C33.5527 859.221 34.1895 859.045 34.7441 858.783C35.2988 858.518 35.7285 858.201 36.0332 857.834C36.3418 857.463 36.498 857.08 36.502 856.686V856.275H37.8379V856.686ZM48.3145 856.814C48.3145 857.721 48.1152 858.537 47.7168 859.264C47.3223 859.99 46.75 860.609 46 861.121C45.2539 861.629 44.3535 862.018 43.2988 862.287L42.7832 861.279C43.5996 861.068 44.3027 860.793 44.8926 860.453C45.4863 860.113 45.9531 859.723 46.293 859.281C46.6328 858.84 46.8398 858.361 46.9141 857.846H43.3926V856.814H48.3145ZM51.5371 862.111H50.2246V856.182H51.5371V862.111ZM51.5371 866.623H44.541V862.568H51.5371V866.623ZM45.8301 865.592H50.2598V863.6H45.8301V865.592ZM60.4199 860.072H61.6504V856.357H62.8926V866.248H61.6504V861.127H60.4199V864.033H56.2598V857.318H60.4199V860.072ZM57.4785 863.002H59.2012V858.35H57.4785V863.002ZM65.0723 866.764H63.8184V856.17H65.0723V866.764ZM74.8574 860.646H67.498V856.674H68.7988V859.592H74.8574V860.646ZM75.959 863.002H73.6387V866.764H72.3262V863.002H69.9355V866.764H68.6348V863.002H66.3027V861.947H75.959V863.002Z" fill="#969696"/>
<g clip-path="url(#clip86_24_29531)">
<g clip-path="url(#clip87_24_29531)">
<mask id="mask43_24_29531" style="mask-type:luminance" maskUnits="userSpaceOnUse" x="189" y="856" width="13" height="12">
<path d="M189.879 867.322H201.072V856.129H189.879V867.322Z" fill="white"/>
</mask>
<g mask="url(#mask43_24_29531)">
<path d="M191.835 859.005L191.009 859.835L195.627 864.447L200.244 859.83L199.418 859.005L195.627 862.796L191.835 859.005Z" fill="#969696"/>
</g>
</g>
</g>
<defs>
<filter id="filter0_d_24_29531" x="1148.01" y="266.301" width="345.99" height="49.9902" filterUnits="userSpaceOnUse" color-interpolation-filters="sRGB">
<feFlood flood-opacity="0" result="BackgroundImageFix"/>
<feColorMatrix in="SourceAlpha" type="matrix" values="0 0 0 0 0 0 0 0 0 0 0 0 0 0 0 0 0 0 127 0" result="hardAlpha"/>
<feOffset dy="1"/>
<feGaussianBlur stdDeviation="1"/>
<feComposite in2="hardAlpha" operator="out"/>
<feColorMatrix type="matrix" values="0 0 0 0 0 0 0 0 0 0 0 0 0 0 0 0 0 0 0.05 0"/>
<feBlend mode="normal" in2="BackgroundImageFix" result="effect1_dropShadow_24_29531"/>
<feBlend mode="normal" in="SourceGraphic" in2="effect1_dropShadow_24_29531" result="shape"/>
</filter>
<filter id="filter1_dd_24_29531" x="1441" y="1034.48" width="24" height="24" filterUnits="userSpaceOnUse" color-interpolation-filters="sRGB">
<feFlood flood-opacity="0" result="BackgroundImageFix"/>
<feColorMatrix in="SourceAlpha" type="matrix" values="0 0 0 0 0 0 0 0 0 0 0 0 0 0 0 0 0 0 127 0" result="hardAlpha"/>
<feMorphology radius="1" operator="erode" in="SourceAlpha" result="effect1_dropShadow_24_29531"/>
<feOffset dy="1"/>
<feGaussianBlur stdDeviation="1"/>
<feComposite in2="hardAlpha" operator="out"/>
<feColorMatrix type="matrix" values="0 0 0 0 0 0 0 0 0 0 0 0 0 0 0 0 0 0 0.1 0"/>
<feBlend mode="normal" in2="BackgroundImageFix" result="effect1_dropShadow_24_29531"/>
<feColorMatrix in="SourceAlpha" type="matrix" values="0 0 0 0 0 0 0 0 0 0 0 0 0 0 0 0 0 0 127 0" result="hardAlpha"/>
<feOffset dy="1"/>
<feGaussianBlur stdDeviation="1.5"/>
<feComposite in2="hardAlpha" operator="out"/>
<feColorMatrix type="matrix" values="0 0 0 0 0 0 0 0 0 0 0 0 0 0 0 0 0 0 0.1 0"/>
<feBlend mode="normal" in2="effect1_dropShadow_24_29531" result="effect2_dropShadow_24_29531"/>
<feBlend mode="normal" in="SourceGraphic" in2="effect2_dropShadow_24_29531" result="shape"/>
</filter>
<filter id="filter2_dd_24_29531" x="1447.01" y="1176.67" width="24" height="24" filterUnits="userSpaceOnUse" color-interpolation-filters="sRGB">
<feFlood flood-opacity="0" result="BackgroundImageFix"/>
<feColorMatrix in="SourceAlpha" type="matrix" values="0 0 0 0 0 0 0 0 0 0 0 0 0 0 0 0 0 0 127 0" result="hardAlpha"/>
<feMorphology radius="1" operator="erode" in="SourceAlpha" result="effect1_dropShadow_24_29531"/>
<feOffset dy="1"/>
<feGaussianBlur stdDeviation="1"/>
<feComposite in2="hardAlpha" operator="out"/>
<feColorMatrix type="matrix" values="0 0 0 0 0 0 0 0 0 0 0 0 0 0 0 0 0 0 0.1 0"/>
<feBlend mode="normal" in2="BackgroundImageFix" result="effect1_dropShadow_24_29531"/>
<feColorMatrix in="SourceAlpha" type="matrix" values="0 0 0 0 0 0 0 0 0 0 0 0 0 0 0 0 0 0 127 0" result="hardAlpha"/>
<feOffset dy="1"/>
<feGaussianBlur stdDeviation="1.5"/>
<feComposite in2="hardAlpha" operator="out"/>
<feColorMatrix type="matrix" values="0 0 0 0 0 0 0 0 0 0 0 0 0 0 0 0 0 0 0.1 0"/>
<feBlend mode="normal" in2="effect1_dropShadow_24_29531" result="effect2_dropShadow_24_29531"/>
<feBlend mode="normal" in="SourceGraphic" in2="effect2_dropShadow_24_29531" result="shape"/>
</filter>
<filter id="filter3_dd_24_29531" x="1447.01" y="1266.47" width="24" height="24" filterUnits="userSpaceOnUse" color-interpolation-filters="sRGB">
<feFlood flood-opacity="0" result="BackgroundImageFix"/>
<feColorMatrix in="SourceAlpha" type="matrix" values="0 0 0 0 0 0 0 0 0 0 0 0 0 0 0 0 0 0 127 0" result="hardAlpha"/>
<feMorphology radius="1" operator="erode" in="SourceAlpha" result="effect1_dropShadow_24_29531"/>
<feOffset dy="1"/>
<feGaussianBlur stdDeviation="1"/>
<feComposite in2="hardAlpha" operator="out"/>
<feColorMatrix type="matrix" values="0 0 0 0 0 0 0 0 0 0 0 0 0 0 0 0 0 0 0.1 0"/>
<feBlend mode="normal" in2="BackgroundImageFix" result="effect1_dropShadow_24_29531"/>
<feColorMatrix in="SourceAlpha" type="matrix" values="0 0 0 0 0 0 0 0 0 0 0 0 0 0 0 0 0 0 127 0" result="hardAlpha"/>
<feOffset dy="1"/>
<feGaussianBlur stdDeviation="1.5"/>
<feComposite in2="hardAlpha" operator="out"/>
<feColorMatrix type="matrix" values="0 0 0 0 0 0 0 0 0 0 0 0 0 0 0 0 0 0 0.1 0"/>
<feBlend mode="normal" in2="effect1_dropShadow_24_29531" result="effect2_dropShadow_24_29531"/>
<feBlend mode="normal" in="SourceGraphic" in2="effect2_dropShadow_24_29531" result="shape"/>
</filter>
<filter id="filter4_dd_24_29531" x="1447.01" y="1356.27" width="24" height="24" filterUnits="userSpaceOnUse" color-interpolation-filters="sRGB">
<feFlood flood-opacity="0" result="BackgroundImageFix"/>
<feColorMatrix in="SourceAlpha" type="matrix" values="0 0 0 0 0 0 0 0 0 0 0 0 0 0 0 0 0 0 127 0" result="hardAlpha"/>
<feMorphology radius="1" operator="erode" in="SourceAlpha" result="effect1_dropShadow_24_29531"/>
<feOffset dy="1"/>
<feGaussianBlur stdDeviation="1"/>
<feComposite in2="hardAlpha" operator="out"/>
<feColorMatrix type="matrix" values="0 0 0 0 0 0 0 0 0 0 0 0 0 0 0 0 0 0 0.1 0"/>
<feBlend mode="normal" in2="BackgroundImageFix" result="effect1_dropShadow_24_29531"/>
<feColorMatrix in="SourceAlpha" type="matrix" values="0 0 0 0 0 0 0 0 0 0 0 0 0 0 0 0 0 0 127 0" result="hardAlpha"/>
<feOffset dy="1"/>
<feGaussianBlur stdDeviation="1.5"/>
<feComposite in2="hardAlpha" operator="out"/>
<feColorMatrix type="matrix" values="0 0 0 0 0 0 0 0 0 0 0 0 0 0 0 0 0 0 0.1 0"/>
<feBlend mode="normal" in2="effect1_dropShadow_24_29531" result="effect2_dropShadow_24_29531"/>
<feBlend mode="normal" in="SourceGraphic" in2="effect2_dropShadow_24_29531" result="shape"/>
</filter>
<filter id="filter5_dd_24_29531" x="1441" y="1452.08" width="24" height="24" filterUnits="userSpaceOnUse" color-interpolation-filters="sRGB">
<feFlood flood-opacity="0" result="BackgroundImageFix"/>
<feColorMatrix in="SourceAlpha" type="matrix" values="0 0 0 0 0 0 0 0 0 0 0 0 0 0 0 0 0 0 127 0" result="hardAlpha"/>
<feMorphology radius="1" operator="erode" in="SourceAlpha" result="effect1_dropShadow_24_29531"/>
<feOffset dy="1"/>
<feGaussianBlur stdDeviation="1"/>
<feComposite in2="hardAlpha" operator="out"/>
<feColorMatrix type="matrix" values="0 0 0 0 0 0 0 0 0 0 0 0 0 0 0 0 0 0 0.1 0"/>
<feBlend mode="normal" in2="BackgroundImageFix" result="effect1_dropShadow_24_29531"/>
<feColorMatrix in="SourceAlpha" type="matrix" values="0 0 0 0 0 0 0 0 0 0 0 0 0 0 0 0 0 0 127 0" result="hardAlpha"/>
<feOffset dy="1"/>
<feGaussianBlur stdDeviation="1.5"/>
<feComposite in2="hardAlpha" operator="out"/>
<feColorMatrix type="matrix" values="0 0 0 0 0 0 0 0 0 0 0 0 0 0 0 0 0 0 0.1 0"/>
<feBlend mode="normal" in2="effect1_dropShadow_24_29531" result="effect2_dropShadow_24_29531"/>
<feBlend mode="normal" in="SourceGraphic" in2="effect2_dropShadow_24_29531" result="shape"/>
</filter>
<clipPath id="clip0_24_29531">
<rect width="13.99" height="13.99" fill="white" transform="matrix(0 -1 1 0 495.82 974.441)"/>
</clipPath>
<clipPath id="clip1_24_29531">
<rect width="13.99" height="13.99" fill="white" transform="matrix(0 -1 1 0 495.82 974.441)"/>
</clipPath>
<clipPath id="clip2_24_29531">
<rect width="13.99" height="13.99" fill="white" transform="matrix(0 -1 1 0 495.82 974.441)"/>
</clipPath>
<clipPath id="clip3_24_29531">
<rect width="13.99" height="13.99" fill="white" transform="matrix(0 -1 1 0 495.82 1300.78)"/>
</clipPath>
<clipPath id="clip4_24_29531">
<rect width="13.99" height="13.99" fill="white" transform="matrix(0 -1 1 0 495.82 1300.78)"/>
</clipPath>
<clipPath id="clip5_24_29531">
<rect width="13.99" height="13.99" fill="white" transform="matrix(0 -1 1 0 495.82 1300.78)"/>
</clipPath>
<clipPath id="clip6_24_29531">
<rect width="13.99" height="13.99" fill="white" transform="matrix(0 -1 1 0 495.82 1673.5)"/>
</clipPath>
<clipPath id="clip7_24_29531">
<rect width="13.99" height="13.99" fill="white" transform="matrix(0 -1 1 0 495.82 1673.5)"/>
</clipPath>
<clipPath id="clip8_24_29531">
<rect width="13.99" height="13.99" fill="white" transform="matrix(0 -1 1 0 495.82 1673.5)"/>
</clipPath>
<clipPath id="clip9_24_29531">
<rect width="136.49" height="24.18" fill="white" transform="translate(1158.92 278.211)"/>
</clipPath>
<clipPath id="clip10_24_29531">
<rect width="23.99" height="23.99" fill="white" transform="translate(1459.11 278.211)"/>
</clipPath>
<clipPath id="clip11_24_29531">
<rect width="23.99" height="23.99" fill="white" transform="translate(1459.11 278.211)"/>
</clipPath>
<clipPath id="clip12_24_29531">
<rect width="23.99" height="23.99" fill="white" transform="translate(1459.11 278.211)"/>
</clipPath>
<clipPath id="clip13_24_29531">
<rect width="143.99" height="23.98" fill="white" transform="translate(1130.54 363.43)"/>
</clipPath>
<clipPath id="clip14_24_29531">
<rect width="143.99" height="23.98" fill="white" transform="translate(1348.01 363.43)"/>
</clipPath>
<clipPath id="clip15_24_29531">
<rect width="126.18" height="25.99" fill="white" transform="translate(1141.46 447.381)"/>
</clipPath>
<clipPath id="clip16_24_29531">
<rect width="126.18" height="25.99" fill="white" transform="translate(1356.92 447.381)"/>
</clipPath>
<clipPath id="clip17_24_29531">
<rect width="12" height="12" fill="white" transform="translate(891.82 546.078)"/>
</clipPath>
<clipPath id="clip18_24_29531">
<rect width="12" height="12" fill="white" transform="translate(995.03 546.078)"/>
</clipPath>
<clipPath id="clip19_24_29531">
<rect width="10" height="10" fill="white" transform="translate(1211.32 636.08)"/>
</clipPath>
<clipPath id="clip20_24_29531">
<rect width="11.99" height="11.99" fill="white" transform="translate(471.65 25.54)"/>
</clipPath>
<clipPath id="clip21_24_29531">
<rect width="11.99" height="11.99" fill="white" transform="translate(471.65 25.54)"/>
</clipPath>
<clipPath id="clip22_24_29531">
<rect width="11.99" height="11.99" fill="white" transform="translate(471.65 25.54)"/>
</clipPath>
<clipPath id="clip23_24_29531">
<rect width="23.99" height="23.99" fill="white" transform="translate(1266.58 19.5303)"/>
</clipPath>
<clipPath id="clip24_24_29531">
<rect width="23.99" height="23.99" fill="white" transform="translate(1266.58 19.5303)"/>
</clipPath>
<clipPath id="clip25_24_29531">
<rect width="28" height="28" fill="white" transform="translate(1422.27 17.5303)"/>
</clipPath>
<clipPath id="clip26_24_29531">
<rect width="28" height="28" fill="white" transform="translate(1422.27 17.5303)"/>
</clipPath>
<clipPath id="clip27_24_29531">
<rect width="23.99" height="23.99" fill="white" transform="translate(1611.83 19.5303)"/>
</clipPath>
<clipPath id="clip28_24_29531">
<rect width="23.99" height="23.99" fill="white" transform="translate(1611.83 19.5303)"/>
</clipPath>
<clipPath id="clip29_24_29531">
<rect width="23.99" height="23.99" fill="white" transform="translate(1611.83 19.5303)"/>
</clipPath>
<clipPath id="clip30_24_29531">
<rect width="23.99" height="23.99" fill="white" transform="translate(1663.82 19.5303)"/>
</clipPath>
<clipPath id="clip31_24_29531">
<rect width="23.99" height="23.99" fill="white" transform="translate(1663.82 19.5303)"/>
</clipPath>
<clipPath id="clip32_24_29531">
<rect width="23.99" height="23.99" fill="white" transform="translate(1663.82 19.5303)"/>
</clipPath>
<clipPath id="clip33_24_29531">
<rect width="120" height="28" fill="white" transform="translate(23.9902 23.9902)"/>
</clipPath>
<clipPath id="clip34_24_29531">
<rect width="120" height="28" fill="white" transform="translate(23.9902 23.9902)"/>
</clipPath>
<clipPath id="clip35_24_29531">
<rect width="120" height="28" fill="white" transform="translate(23.9902 23.9902)"/>
</clipPath>
<clipPath id="clip36_24_29531">
<rect width="22.46" height="22.46" fill="white" transform="translate(31.9902 76.7305)"/>
</clipPath>
<clipPath id="clip37_24_29531">
<rect width="22.46" height="22.46" fill="white" transform="translate(31.9902 76.7305)"/>
</clipPath>
<clipPath id="clip38_24_29531">
<rect width="22.46" height="22.46" fill="white" transform="translate(31.9902 76.7305)"/>
</clipPath>
<clipPath id="clip39_24_29531">
<rect width="15.99" height="15.99" fill="white" transform="translate(187.47 173.92)"/>
</clipPath>
<clipPath id="clip40_24_29531">
<rect width="15.99" height="15.99" fill="white" transform="translate(187.47 173.92)"/>
</clipPath>
<clipPath id="clip41_24_29531">
<rect width="23.99" height="23.99" fill="white" transform="translate(31.9902 215.891)"/>
</clipPath>
<clipPath id="clip42_24_29531">
<rect width="23.99" height="23.99" fill="white" transform="translate(31.9902 215.891)"/>
</clipPath>
<clipPath id="clip43_24_29531">
<rect width="23.99" height="23.99" fill="white" transform="translate(31.9902 215.891)"/>
</clipPath>
<clipPath id="clip44_24_29531">
<rect width="23.99" height="23.99" fill="white" transform="translate(31.9902 257.881)"/>
</clipPath>
<clipPath id="clip45_24_29531">
<rect width="23.99" height="23.99" fill="white" transform="translate(31.9902 257.881)"/>
</clipPath>
<clipPath id="clip46_24_29531">
<rect width="23.99" height="23.99" fill="white" transform="translate(31.9902 257.881)"/>
</clipPath>
<clipPath id="clip47_24_29531">
<rect width="23.99" height="11.99" fill="white" transform="translate(31.9902 305.881)"/>
</clipPath>
<clipPath id="clip48_24_29531">
<rect width="23.99" height="11.99" fill="white" transform="translate(31.9902 305.881)"/>
</clipPath>
<clipPath id="clip49_24_29531">
<rect width="23.99" height="11.995" fill="white" transform="translate(31.9902 305.878)"/>
</clipPath>
<clipPath id="clip50_24_29531">
<rect width="23.99" height="23.99" fill="white" transform="translate(31.9902 341.86)"/>
</clipPath>
<clipPath id="clip51_24_29531">
<rect width="23.99" height="23.99" fill="white" transform="translate(31.9902 341.86)"/>
</clipPath>
<clipPath id="clip52_24_29531">
<rect width="23.99" height="23.99" fill="white" transform="translate(31.9902 341.86)"/>
</clipPath>
<clipPath id="clip53_24_29531">
<rect width="23.99" height="23.99" fill="white" transform="translate(31.9902 383.852)"/>
</clipPath>
<clipPath id="clip54_24_29531">
<rect width="23.99" height="23.99" fill="white" transform="translate(31.9902 383.852)"/>
</clipPath>
<clipPath id="clip55_24_29531">
<rect width="23.99" height="23.99" fill="white" transform="translate(31.9902 383.852)"/>
</clipPath>
<clipPath id="clip56_24_29531">
<rect width="23.99" height="23.99" fill="white" transform="translate(31.9902 425.84)"/>
</clipPath>
<clipPath id="clip57_24_29531">
<rect width="23.99" height="23.99" fill="white" transform="translate(31.9902 425.84)"/>
</clipPath>
<clipPath id="clip58_24_29531">
<rect width="23.99" height="23.99" fill="white" transform="translate(31.9902 425.84)"/>
</clipPath>
<clipPath id="clip59_24_29531">
<rect width="23.99" height="23.99" fill="white" transform="translate(31.9902 467.83)"/>
</clipPath>
<clipPath id="clip60_24_29531">
<rect width="23.99" height="23.99" fill="white" transform="translate(31.9902 467.83)"/>
</clipPath>
<clipPath id="clip61_24_29531">
<rect width="23.99" height="23.99" fill="white" transform="translate(31.9902 467.83)"/>
</clipPath>
<clipPath id="clip62_24_29531">
<rect width="23.99" height="23.99" fill="white" transform="translate(31.9902 509.82)"/>
</clipPath>
<clipPath id="clip63_24_29531">
<rect width="23.99" height="23.99" fill="white" transform="translate(31.9902 509.82)"/>
</clipPath>
<clipPath id="clip64_24_29531">
<rect width="23.99" height="23.99" fill="white" transform="translate(31.9902 509.82)"/>
</clipPath>
<clipPath id="clip65_24_29531">
<rect width="23.99" height="23.99" fill="white" transform="translate(31.9902 551.801)"/>
</clipPath>
<clipPath id="clip66_24_29531">
<rect width="23.99" height="23.99" fill="white" transform="translate(31.9902 551.801)"/>
</clipPath>
<clipPath id="clip67_24_29531">
<rect width="23.99" height="23.99" fill="white" transform="translate(31.9902 551.801)"/>
</clipPath>
<clipPath id="clip68_24_29531">
<rect width="23.99" height="23.99" fill="white" transform="translate(31.9902 593.791)"/>
</clipPath>
<clipPath id="clip69_24_29531">
<rect width="23.99" height="23.99" fill="white" transform="translate(31.9902 593.791)"/>
</clipPath>
<clipPath id="clip70_24_29531">
<rect width="23.99" height="23.99" fill="white" transform="translate(31.9902 593.791)"/>
</clipPath>
<clipPath id="clip71_24_29531">
<rect width="23.99" height="23.99" fill="white" transform="translate(31.9902 635.781)"/>
</clipPath>
<clipPath id="clip72_24_29531">
<rect width="23.99" height="23.99" fill="white" transform="translate(31.9902 635.781)"/>
</clipPath>
<clipPath id="clip73_24_29531">
<rect width="23.99" height="23.99" fill="white" transform="translate(31.9902 635.781)"/>
</clipPath>
<clipPath id="clip74_24_29531">
<rect width="23.99" height="23.99" fill="white" transform="translate(31.9902 677.771)"/>
</clipPath>
<clipPath id="clip75_24_29531">
<rect width="23.99" height="23.99" fill="white" transform="translate(31.9902 677.771)"/>
</clipPath>
<clipPath id="clip76_24_29531">
<rect width="23.99" height="23.99" fill="white" transform="translate(31.9902 677.771)"/>
</clipPath>
<clipPath id="clip77_24_29531">
<rect width="23.99" height="23.99" fill="white" transform="translate(31.9902 719.76)"/>
</clipPath>
<clipPath id="clip78_24_29531">
<rect width="23.99" height="23.99" fill="white" transform="translate(31.9902 719.76)"/>
</clipPath>
<clipPath id="clip79_24_29531">
<rect width="23.99" height="23.99" fill="white" transform="translate(31.9902 719.76)"/>
</clipPath>
<clipPath id="clip80_24_29531">
<rect width="23.99" height="23.99" fill="white" transform="translate(31.9902 761.75)"/>
</clipPath>
<clipPath id="clip81_24_29531">
<rect width="23.99" height="23.99" fill="white" transform="translate(31.9902 761.75)"/>
</clipPath>
<clipPath id="clip82_24_29531">
<rect width="23.99" height="23.99" fill="white" transform="translate(31.9902 761.75)"/>
</clipPath>
<clipPath id="clip83_24_29531">
<rect width="23.99" height="23.99" fill="white" transform="translate(31.9902 803.74)"/>
</clipPath>
<clipPath id="clip84_24_29531">
<rect width="23.99" height="23.99" fill="white" transform="translate(31.9902 803.74)"/>
</clipPath>
<clipPath id="clip85_24_29531">
<rect width="23.99" height="23.99" fill="white" transform="translate(31.9902 803.74)"/>
</clipPath>
<clipPath id="clip86_24_29531">
<rect width="15.99" height="15.99" fill="white" transform="matrix(-1 0 0 -1 203.47 869.721)"/>
</clipPath>
<clipPath id="clip87_24_29531">
<rect width="15.99" height="15.99" fill="white" transform="matrix(-1 0 0 -1 203.47 869.721)"/>
</clipPath>
</defs>
</svg>
